id,weekStart,monthKey,city,brand,domain,source,leads,qualified,sales,revenue,budget,roas,cpl,cpql,saleCost,avgCheck
brandperf-2026-04-01-мск-autonefrit-яндекс-карты,2026-04-01,2026-04,МСК,Autonefrit,autonefrit.ru,Яндекс Карты,1,1,0,0.0,0.0,,0.0,0.0,0,0
brandperf-2026-04-01-мск-axel-другие,2026-04-01,2026-04,МСК,Axel,avtoshkola-axel.ru,Другие,1,0,0,0.0,0.0,,0.0,0,0,0
brandperf-2026-04-01-мск-mclaren-другие,2026-04-01,2026-04,МСК,McLaren,autoshkola-mclaren.ru,Другие,2,0,0,0.0,0.0,,0.0,0,0,0
brandperf-2026-04-01-мск-schoolselect-seo,2026-04-01,2026-04,МСК,SchoolSelect,schoolselect.ru,SEO,1,0,0,0.0,0.0,,0.0,0,0,0
brandperf-2026-04-01-мск-schoolselect-другие,2026-04-01,2026-04,МСК,SchoolSelect,schoolselect.ru,Другие,2,0,0,0.0,0.0,,0.0,0,0,0
brandperf-2026-04-01-мск-schoolselect-прямые-визиты,2026-04-01,2026-04,МСК,SchoolSelect,schoolselect.ru,Прямые визиты,2,0,1,36990.0,0.0,,0.0,0,0.0,36990.0
brandperf-2026-04-01-мск-triumf-другие,2026-04-01,2026-04,МСК,Triumf,autoshkola-triumf.ru,Другие,1,0,0,0.0,0.0,,0.0,0,0,0
brandperf-2026-04-01-мск-автогуру-другие,2026-04-01,2026-04,МСК,АвтоГуру,autoshkola-guru.ru,Другие,1,0,0,0.0,0.0,,0.0,0,0,0
brandperf-2026-04-01-мск-автогуру-яндекс-карты,2026-04-01,2026-04,МСК,АвтоГуру,autoshkola-guru.ru,Яндекс Карты,1,1,1,37990.0,0.0,,0.0,0.0,0.0,37990.0
brandperf-2026-04-01-мск-автодраи-в-2гис,2026-04-01,2026-04,МСК,АвтоДрайв,autodrive.msk.ru · автодраи-в,2ГИС,6,2,0,0.0,0.0,,0.0,0.0,0,0
brandperf-2026-04-01-мск-автодраи-в-гугл-карты,2026-04-01,2026-04,МСК,АвтоДрайв,autodrive.msk.ru,Гугл Карты,3,2,1,59500.0,0.0,,0.0,0.0,0.0,59500.0
brandperf-2026-04-01-мск-автодраи-в-другие,2026-04-01,2026-04,МСК,АвтоДрайв,autodrive.msk.ru,Другие,8,2,2,124000.0,0.0,,0.0,0.0,0.0,62000.0
brandperf-2026-04-01-мск-автодраи-в-прямые-визиты,2026-04-01,2026-04,МСК,АвтоДрайв,autodrive.msk.ru,Прямые визиты,1,1,0,0.0,0.0,,0.0,0.0,0,0
brandperf-2026-04-01-мск-автодраи-в-рек-кешбэк,2026-04-01,2026-04,МСК,АвтоДрайв,autodrive.msk.ru,Рек/кешбэк,1,1,1,65500.0,0.0,,0.0,0.0,0.0,65500.0
brandperf-2026-04-01-мск-автодраи-в-яндекс-карты,2026-04-01,2026-04,МСК,АвтоДрайв,autodrive.msk.ru · hermes-mos.ru · автодраи-в,Яндекс Карты,21,13,4,127960.0,0.0,,0.0,0.0,0.0,31990.0
brandperf-2026-04-01-мск-автомобиль-другие,2026-04-01,2026-04,МСК,АвтоМобиль,avtoshkola-automobil.ru,Другие,2,0,0,0.0,0.0,,0.0,0,0,0
brandperf-2026-04-01-мск-автонева-другие,2026-04-01,2026-04,МСК,АвтоНева,avtoshkola-auto-neva.ru,Другие,2,0,0,0.0,0.0,,0.0,0,0,0
brandperf-2026-04-01-мск-автоправо-2гис,2026-04-01,2026-04,МСК,АвтоПраво,autoshkola-avtopravo.ru · автоправо,2ГИС,8,6,3,100970.0,0.0,,0.0,0.0,0.0,33656.67
brandperf-2026-04-01-мск-автоправо-другие,2026-04-01,2026-04,МСК,АвтоПраво,autoshkola-avtopravo.ru,Другие,9,0,3,118480.0,0.0,,0.0,0,0.0,39493.33
brandperf-2026-04-01-мск-автоправо-яндекс-карты,2026-04-01,2026-04,МСК,АвтоПраво,autoshkola-avtopravo.ru · автоправо,Яндекс Карты,6,5,2,95980.0,0.0,,0.0,0.0,0.0,47990.0
brandperf-2026-04-01-мск-автотест-яндекс-карты,2026-04-01,2026-04,МСК,АвтоТест,autoshkola-avtotest.ru,Яндекс Карты,4,4,1,26990.0,0.0,,0.0,0.0,0.0,26990.0
brandperf-2026-04-01-мск-алонсо-2гис,2026-04-01,2026-04,МСК,Алонсо,avtoshkola-alonso.ru,2ГИС,1,1,0,0.0,0.0,,0.0,0.0,0,0
brandperf-2026-04-01-мск-алонсо-яндекс-карты,2026-04-01,2026-04,МСК,Алонсо,avtoshkola-alonso.ru,Яндекс Карты,1,1,0,0.0,0.0,,0.0,0.0,0,0
brandperf-2026-04-01-мск-армада-другие,2026-04-01,2026-04,МСК,Армада,avtoshkola-armada.ru,Другие,1,0,0,0.0,0.0,,0.0,0,0,0
brandperf-2026-04-01-мск-виадук-другие,2026-04-01,2026-04,МСК,Виадук,avtoshkola-viaduk.ru,Другие,1,0,0,0.0,0.0,,0.0,0,0,0
brandperf-2026-04-01-мск-гермес-2гис,2026-04-01,2026-04,МСК,Гермес,hermes-mos.ru,2ГИС,4,4,1,36990.0,0.0,,0.0,0.0,0.0,36990.0
brandperf-2026-04-01-мск-гермес-другие,2026-04-01,2026-04,МСК,Гермес,hermes-mos.ru,Другие,9,3,2,74990.0,0.0,,0.0,0.0,0.0,37495.0
brandperf-2026-04-01-мск-гермес-прямые-визиты,2026-04-01,2026-04,МСК,Гермес,hermes-mos.ru,Прямые визиты,2,1,0,0.0,0.0,,0.0,0.0,0,0
brandperf-2026-04-01-мск-гермес-яндекс-карты,2026-04-01,2026-04,МСК,Гермес,hermes-mos.ru · гермес,Яндекс Карты,31,16,3,124970.0,0.0,,0.0,0.0,0.0,41656.67
brandperf-2026-04-01-мск-изи-драи-в-2гис,2026-04-01,2026-04,МСК,Изи Драйв,izidrive.msk.ru,2ГИС,1,0,0,0.0,0.0,,0.0,0,0,0
brandperf-2026-04-01-мск-изи-драи-в-другие,2026-04-01,2026-04,МСК,Изи Драйв,izidrive.msk.ru · izidrive.ru,Другие,4,0,0,0.0,0.0,,0.0,0,0,0
brandperf-2026-04-01-мск-изи-драи-в-яндекс-директ,2026-04-01,2026-04,МСК,Изи Драйв,izidrive.msk.ru · изи-драи-в,Яндекс Директ,24,3,1,35990.0,0.0,,0.0,0.0,0.0,35990.0
brandperf-2026-04-01-мск-изи-драи-в-яндекс-карты,2026-04-01,2026-04,МСК,Изи Драйв,izidrive.msk.ru,Яндекс Карты,7,7,1,36990.0,0.0,,0.0,0.0,0.0,36990.0
brandperf-2026-04-01-мск-континенталь-другие,2026-04-01,2026-04,МСК,Континенталь,avtoshkola-kontinental.ru,Другие,2,0,0,0.0,0.0,,0.0,0,0,0
brandperf-2026-04-01-мск-континенталь-яндекс-карты,2026-04-01,2026-04,МСК,Континенталь,avtoshkola-kontinental.ru,Яндекс Карты,2,2,2,64980.0,0.0,,0.0,0.0,0.0,32490.0
brandperf-2026-04-01-мск-ланистер-яндекс-карты,2026-04-01,2026-04,МСК,Ланистер,autoschkola-lanister.ru,Яндекс Карты,2,2,1,37990.0,0.0,,0.0,0.0,0.0,37990.0
brandperf-2026-04-01-мск-пора-за-руль-2гис,2026-04-01,2026-04,МСК,Пора за руль,autoshkola-poputi.ru · autoshkola-porazarul.ru,2ГИС,4,3,2,85980.0,0.0,,0.0,0.0,0.0,42990.0
brandperf-2026-04-01-мск-пора-за-руль-гугл-карты,2026-04-01,2026-04,МСК,Пора за руль,autoshkola-porazarul.ru,Гугл Карты,1,1,0,0.0,0.0,,0.0,0.0,0,0
brandperf-2026-04-01-мск-пора-за-руль-другие,2026-04-01,2026-04,МСК,Пора за руль,autoshkola-poputi.ru · autoshkola-porazarul.ru,Другие,3,1,0,0.0,0.0,,0.0,0.0,0,0
brandperf-2026-04-01-мск-пора-за-руль-прямые-визиты,2026-04-01,2026-04,МСК,Пора за руль,autoshkola-porazarul.ru,Прямые визиты,1,1,0,0.0,0.0,,0.0,0.0,0,0
brandperf-2026-04-01-мск-пора-за-руль-яндекс-карты,2026-04-01,2026-04,МСК,Пора за руль,autoshkola-porazarul.ru · пора-за-руль,Яндекс Карты,6,4,1,36990.0,0.0,,0.0,0.0,0.0,36990.0
brandperf-2026-04-01-мск-родос-яндекс-карты,2026-04-01,2026-04,МСК,Родос,autoshkola-rodos.ru,Яндекс Карты,1,1,0,0.0,0.0,,0.0,0.0,0,0
brandperf-2026-04-01-мск-рулевои-2гис,2026-04-01,2026-04,МСК,Рулевой,avtoshkola-rul.ru · rulevoy-msk.ru,2ГИС,2,2,1,36990.0,0.0,,0.0,0.0,0.0,36990.0
brandperf-2026-04-01-мск-рулевои-другие,2026-04-01,2026-04,МСК,Рулевой,rulevoy-msk.ru,Другие,1,0,0,0.0,0.0,,0.0,0,0,0
brandperf-2026-04-01-мск-рулевои-яндекс-карты,2026-04-01,2026-04,МСК,Рулевой,avtoshkola-rul.ru · rulevoy-msk.ru,Яндекс Карты,3,3,1,26990.0,0.0,,0.0,0.0,0.0,26990.0
brandperf-2026-04-01-мск-топгир-2гис,2026-04-01,2026-04,МСК,ТопГир,autodrive.msk.ru · avtoshkola-tg.ru · топгир,2ГИС,15,9,2,64980.0,0.0,,0.0,0.0,0.0,32490.0
brandperf-2026-04-01-мск-топгир-seo,2026-04-01,2026-04,МСК,ТопГир,avtoshkola-tg.ru,SEO,1,0,0,0.0,0.0,,0.0,0,0,0
brandperf-2026-04-01-мск-топгир-гугл-карты,2026-04-01,2026-04,МСК,ТопГир,avtoshkola-tg.ru · топгир,Гугл Карты,12,7,2,95980.0,0.0,,0.0,0.0,0.0,47990.0
brandperf-2026-04-01-мск-топгир-другие,2026-04-01,2026-04,МСК,ТопГир,avtoshkola-tg.ru,Другие,3,1,1,36990.0,0.0,,0.0,0.0,0.0,36990.0
brandperf-2026-04-01-мск-топгир-прямые-визиты,2026-04-01,2026-04,МСК,ТопГир,avtoshkola-tg.ru,Прямые визиты,1,1,1,36990.0,0.0,,0.0,0.0,0.0,36990.0
brandperf-2026-04-01-мск-топгир-яндекс-карты,2026-04-01,2026-04,МСК,ТопГир,avtoshkola-tg.ru · топгир,Яндекс Карты,11,7,3,103490.0,0.0,,0.0,0.0,0.0,34496.67
brandperf-2026-04-01-мск-флагман-2гис,2026-04-01,2026-04,МСК,Флагман,avtoshkola-flagmanmsk.ru,2ГИС,2,2,2,63980.0,0.0,,0.0,0.0,0.0,31990.0
brandperf-2026-04-01-мск-флагман-другие,2026-04-01,2026-04,МСК,Флагман,avtoshkola-flagmanmsk.ru,Другие,1,1,0,0.0,0.0,,0.0,0.0,0,0
brandperf-2026-04-01-мск-флагман-яндекс-карты,2026-04-01,2026-04,МСК,Флагман,avtoshkola-flagmanmsk.ru,Яндекс Карты,1,1,1,54990.0,0.0,,0.0,0.0,0.0,54990.0
brandperf-2026-04-01-спб-autonefrit-другие,2026-04-01,2026-04,СПБ,Autonefrit,autonefrit.ru,Другие,3,2,0,0.0,0.0,,0.0,0.0,0,0
brandperf-2026-04-01-спб-dream-auto-другие,2026-04-01,2026-04,СПБ,Dream Auto,dreamautoschool.ru,Другие,4,4,0,0.0,0.0,,0.0,0.0,0,0
brandperf-2026-04-01-спб-piterdriving-другие,2026-04-01,2026-04,СПБ,Piterdriving,piterdriving.ru,Другие,1,1,0,0.0,0.0,,0.0,0.0,0,0
brandperf-2026-04-01-спб-а-поло-другие,2026-04-01,2026-04,СПБ,А-Поло,avtoshkola-apolo.ru,Другие,2,1,1,71000.0,0.0,,0.0,0.0,0.0,71000.0
brandperf-2026-04-01-спб-а-поло-яндекс-карты,2026-04-01,2026-04,СПБ,А-Поло,avtoshkola-apolo.ru,Яндекс Карты,2,1,0,0.0,0.0,,0.0,0.0,0,0
brandperf-2026-04-01-спб-абсолют-другие,2026-04-01,2026-04,СПБ,Абсолют,avtoshkola-absolut.ru,Другие,1,0,0,0.0,0.0,,0.0,0,0,0
brandperf-2026-04-01-спб-автогранд-другие,2026-04-01,2026-04,СПБ,АвтоГранд,avtoshkola-autogrand.ru,Другие,1,0,0,0.0,0.0,,0.0,0,0,0
brandperf-2026-04-01-спб-автодраи-в-2гис,2026-04-01,2026-04,СПБ,АвтоДрайв,autodrive-school.ru · avtoshkola-tg.ru · izidrive.ru,2ГИС,13,4,0,0.0,0.0,,0.0,0.0,0,0
brandperf-2026-04-01-спб-автодраи-в-seo,2026-04-01,2026-04,СПБ,АвтоДрайв,автодрайв.спб.рф,SEO,1,1,0,0.0,0.0,,0.0,0.0,0,0
brandperf-2026-04-01-спб-автодраи-в-гугл-карты,2026-04-01,2026-04,СПБ,АвтоДрайв,autodrive-school.ru · автодраи-в,Гугл Карты,3,1,1,29500.0,0.0,,0.0,0.0,0.0,29500.0
brandperf-2026-04-01-спб-автодраи-в-другие,2026-04-01,2026-04,СПБ,АвтоДрайв,autodrive-school.ru,Другие,18,12,6,395490.0,0.0,,0.0,0.0,0.0,65915.0
brandperf-2026-04-01-спб-автодраи-в-прямые-визиты,2026-04-01,2026-04,СПБ,АвтоДрайв,autodrive-school.ru,Прямые визиты,2,2,1,70990.0,0.0,,0.0,0.0,0.0,70990.0
brandperf-2026-04-01-спб-автодраи-в-рек-кешбэк,2026-04-01,2026-04,СПБ,АвтоДрайв,autodrive-school.ru,Рек/кешбэк,4,2,1,54990.0,0.0,,0.0,0.0,0.0,54990.0
brandperf-2026-04-01-спб-автодраи-в-яндекс-директ,2026-04-01,2026-04,СПБ,АвтоДрайв,autodrive-school.ru · автодраи-в · автодрайв.спб.рф,Яндекс Директ,41,15,2,144490.0,0.0,,0.0,0.0,0.0,72245.0
brandperf-2026-04-01-спб-автодраи-в-яндекс-карты,2026-04-01,2026-04,СПБ,АвтоДрайв,autodrive-school.ru · автодраи-в,Яндекс Карты,15,7,1,70900.0,0.0,,0.0,0.0,0.0,70900.0
brandperf-2026-04-01-спб-автоклуб-другие,2026-04-01,2026-04,СПБ,АвтоКлуб,avtoshkola-avtoclub.ru,Другие,1,0,0,0.0,0.0,,0.0,0,0,0
brandperf-2026-04-01-спб-автомотокласс-другие,2026-04-01,2026-04,СПБ,АвтоМотоКласс,avtomotospb.ru,Другие,1,1,0,0.0,0.0,,0.0,0.0,0,0
brandperf-2026-04-01-спб-автопрофи-яндекс-карты,2026-04-01,2026-04,СПБ,АвтоПрофи,avtoshkola-avtoprofi.ru,Яндекс Карты,1,1,0,0.0,0.0,,0.0,0.0,0,0
brandperf-2026-04-01-спб-автосити-2гис,2026-04-01,2026-04,СПБ,АвтоСити,avtoshkola-as.ru,2ГИС,1,0,0,0.0,0.0,,0.0,0,0,0
brandperf-2026-04-01-спб-автосити-гугл-карты,2026-04-01,2026-04,СПБ,АвтоСити,avtoshkola-as.ru,Гугл Карты,4,4,0,0.0,0.0,,0.0,0.0,0,0
brandperf-2026-04-01-спб-автосити-другие,2026-04-01,2026-04,СПБ,АвтоСити,avtoshkola-as.ru,Другие,13,9,2,144500.0,0.0,,0.0,0.0,0.0,72250.0
brandperf-2026-04-01-спб-автосити-яндекс-директ,2026-04-01,2026-04,СПБ,АвтоСити,avtoshkola-as.ru · автодрайв.спб.рф · автосити,Яндекс Директ,19,9,1,70990.0,0.0,,0.0,0.0,0.0,70990.0
brandperf-2026-04-01-спб-автосити-яндекс-карты,2026-04-01,2026-04,СПБ,АвтоСити,avtoshkola-as.ru · avtoshkola-rulevoi.ru · автосити,Яндекс Карты,15,8,1,48990.0,0.0,,0.0,0.0,0.0,48990.0
brandperf-2026-04-01-спб-автотрек-другие,2026-04-01,2026-04,СПБ,АвтоТрек,avtoshkola-autotrack.ru,Другие,1,1,1,76990.0,0.0,,0.0,0.0,0.0,76990.0
brandperf-2026-04-01-спб-автолэнд-другие,2026-04-01,2026-04,СПБ,Автолэнд,autolandschool.ru,Другие,6,6,0,0.0,0.0,,0.0,0.0,0,0
brandperf-2026-04-01-спб-автолэнд-яндекс-карты,2026-04-01,2026-04,СПБ,Автолэнд,autolandschool.ru,Яндекс Карты,2,2,0,0.0,0.0,,0.0,0.0,0,0
brandperf-2026-04-01-спб-академика-2гис,2026-04-01,2026-04,СПБ,Академика,академика-спб.рф,2ГИС,1,1,0,0.0,0.0,,0.0,0.0,0,0
brandperf-2026-04-01-спб-академика-другие,2026-04-01,2026-04,СПБ,Академика,академика-спб.рф,Другие,3,2,1,48500.0,0.0,,0.0,0.0,0.0,48500.0
brandperf-2026-04-01-спб-академика-яндекс-карты,2026-04-01,2026-04,СПБ,Академика,академика-спб.рф,Яндекс Карты,1,0,0,0.0,0.0,,0.0,0,0,0
brandperf-2026-04-01-спб-визиты-саи-яндекс-карты,2026-04-01,2026-04,СПБ,Визиты Саи,визиты-саи,Яндекс Карты,1,0,0,0.0,0.0,,0.0,0,0,0
brandperf-2026-04-01-спб-виктория-гугл-карты,2026-04-01,2026-04,СПБ,Виктория,autoshkola-victoria.ru,Гугл Карты,1,0,0,0.0,0.0,,0.0,0,0,0
brandperf-2026-04-01-спб-виктория-другие,2026-04-01,2026-04,СПБ,Виктория,autoshkola-victoria.ru,Другие,5,3,1,65500.0,0.0,,0.0,0.0,0.0,65500.0
brandperf-2026-04-01-спб-гермес-другие,2026-04-01,2026-04,СПБ,Гермес,hermesrf-spb.ru,Другие,4,2,1,70990.0,0.0,,0.0,0.0,0.0,70990.0
brandperf-2026-04-01-спб-гермес-яндекс-карты,2026-04-01,2026-04,СПБ,Гермес,hermesrf-spb.ru · гермес,Яндекс Карты,4,2,0,0.0,0.0,,0.0,0.0,0,0
brandperf-2026-04-01-спб-заправами-рек-кешбэк,2026-04-01,2026-04,СПБ,ЗаПравами,avtoshkola-zapravami.ru,Рек/кешбэк,1,1,1,54990.0,0.0,,0.0,0.0,0.0,54990.0
brandperf-2026-04-01-спб-и-другие,2026-04-01,2026-04,СПБ,И,й,Другие,1,1,0,0.0,0.0,,0.0,0.0,0,0
brandperf-2026-04-01-спб-изи-драи-в-2гис,2026-04-01,2026-04,СПБ,Изи Драйв,izidrive.ru,2ГИС,3,2,0,0.0,0.0,,0.0,0.0,0,0
brandperf-2026-04-01-спб-изи-драи-в-гугл-карты,2026-04-01,2026-04,СПБ,Изи Драйв,izidrive.ru · изи-драи-в,Гугл Карты,2,0,0,0.0,0.0,,0.0,0,0,0
brandperf-2026-04-01-спб-изи-драи-в-другие,2026-04-01,2026-04,СПБ,Изи Драйв,izidrive.ru,Другие,13,7,4,248490.0,0.0,,0.0,0.0,0.0,62122.5
brandperf-2026-04-01-спб-изи-драи-в-яндекс-карты,2026-04-01,2026-04,СПБ,Изи Драйв,izidrive.ru,Яндекс Карты,2,0,0,0.0,0.0,,0.0,0,0,0
brandperf-2026-04-01-спб-лучшая-автошкола-спб-прямые-визиты,2026-04-01,2026-04,СПБ,Лучшая Автошкола Спб,лучшая-автошкола-спб.рф,Прямые визиты,1,1,0,0.0,0.0,,0.0,0.0,0,0
brandperf-2026-04-01-спб-мираж-гугл-карты,2026-04-01,2026-04,СПБ,Мираж,avtoshkola-mirazh.ru,Гугл Карты,2,2,1,76990.0,0.0,,0.0,0.0,0.0,76990.0
brandperf-2026-04-01-спб-пора-за-руль-другие,2026-04-01,2026-04,СПБ,Пора за руль,pora-za-rul.ru,Другие,12,9,2,119490.0,0.0,,0.0,0.0,0.0,59745.0
brandperf-2026-04-01-спб-пора-за-руль-рек-кешбэк,2026-04-01,2026-04,СПБ,Пора за руль,pora-za-rul.ru,Рек/кешбэк,1,1,1,54990.0,0.0,,0.0,0.0,0.0,54990.0
brandperf-2026-04-01-спб-пора-за-руль-яндекс-карты,2026-04-01,2026-04,СПБ,Пора за руль,autoshkola-porazarul.ru · pora-za-rul.ru,Яндекс Карты,2,2,1,54990.0,0.0,,0.0,0.0,0.0,54990.0
brandperf-2026-04-01-спб-ралли-другие,2026-04-01,2026-04,СПБ,Ралли,rallischool.ru,Другие,4,3,1,48990.0,0.0,,0.0,0.0,0.0,48990.0
brandperf-2026-04-01-спб-рулевои-гугл-карты,2026-04-01,2026-04,СПБ,Рулевой,рулевои,Гугл Карты,1,0,0,0.0,0.0,,0.0,0,0,0
brandperf-2026-04-01-спб-рулевои-другие,2026-04-01,2026-04,СПБ,Рулевой,avtoshkola-rulevoi.ru,Другие,6,3,1,70990.0,0.0,,0.0,0.0,0.0,70990.0
brandperf-2026-04-01-спб-саи-саи-другие,2026-04-01,2026-04,СПБ,Саи Саи,саи-саи,Другие,1,1,1,65500.0,0.0,,0.0,0.0,0.0,65500.0
brandperf-2026-04-01-спб-штиль-яндекс-карты,2026-04-01,2026-04,СПБ,Штиль,avtoshkola-shtil.ru,Яндекс Карты,1,0,0,0.0,0.0,,0.0,0,0,0
brandperf-2026-04-01-спб-ягуар-другие,2026-04-01,2026-04,СПБ,Ягуар,avtoshkola-yaguarspb.ru,Другие,3,2,1,48990.0,0.0,,0.0,0.0,0.0,48990.0
brandperf-2026-04-06-мск-autonefrit-гугл-карты,2026-04-06,2026-04,МСК,Autonefrit,autonefrit.ru,Гугл Карты,1,1,0,0.0,0.0,,0.0,0.0,0,0
brandperf-2026-04-06-мск-autonefrit-яндекс-карты,2026-04-06,2026-04,МСК,Autonefrit,autonefrit.ru,Яндекс Карты,2,2,0,0.0,0.0,,0.0,0.0,0,0
brandperf-2026-04-06-мск-autonefrit-index-htm-яндекс-карты,2026-04-06,2026-04,МСК,Autonefrit Index Htm,autonefrit.ru/index.htm,Яндекс Карты,1,1,0,0.0,0.0,,0.0,0.0,0,0
brandperf-2026-04-06-мск-cityavto-другие,2026-04-06,2026-04,МСК,Cityavto,avtoshkola-cityavto.ru,Другие,2,0,0,0.0,0.0,,0.0,0,0,0
brandperf-2026-04-06-мск-mclaren-другие,2026-04-06,2026-04,МСК,McLaren,autoshkola-mclaren.ru,Другие,3,0,0,0.0,0.0,,0.0,0,0,0
brandperf-2026-04-06-мск-mclaren-яндекс-карты,2026-04-06,2026-04,МСК,McLaren,autoshkola-mclaren.ru,Яндекс Карты,3,3,1,36990.0,0.0,,0.0,0.0,0.0,36990.0
brandperf-2026-04-06-мск-schoolselect-seo,2026-04-06,2026-04,МСК,SchoolSelect,schoolselect.ru,SEO,3,2,0,0.0,0.0,,0.0,0.0,0,0
brandperf-2026-04-06-мск-schoolselect-гугл-карты,2026-04-06,2026-04,МСК,SchoolSelect,schoolselect.ru,Гугл Карты,1,1,0,0.0,0.0,,0.0,0.0,0,0
brandperf-2026-04-06-мск-schoolselect-другие,2026-04-06,2026-04,МСК,SchoolSelect,schoolselect.ru,Другие,3,1,0,0.0,0.0,,0.0,0.0,0,0
brandperf-2026-04-06-мск-schoolselect-прямые-визиты,2026-04-06,2026-04,МСК,SchoolSelect,schoolselect.ru,Прямые визиты,3,0,1,26990.0,0.0,,0.0,0,0.0,26990.0
brandperf-2026-04-06-мск-schoolselect-яндекс-карты,2026-04-06,2026-04,МСК,SchoolSelect,schoolselect.ru,Яндекс Карты,1,1,0,0.0,0.0,,0.0,0.0,0,0
brandperf-2026-04-06-мск-автогуру-другие,2026-04-06,2026-04,МСК,АвтоГуру,autoshkola-guru.ru,Другие,2,1,1,37000.0,0.0,,0.0,0.0,0.0,37000.0
brandperf-2026-04-06-мск-автогуру-яндекс-карты,2026-04-06,2026-04,МСК,АвтоГуру,autoshkola-guru.ru,Яндекс Карты,2,2,1,59500.0,0.0,,0.0,0.0,0.0,59500.0
brandperf-2026-04-06-мск-автодраи-в-2гис,2026-04-06,2026-04,МСК,АвтоДрайв,autodrive.msk.ru · autoshkola-poputi.ru · avtoshkola-tg.ru,2ГИС,9,3,1,36990.0,0.0,,0.0,0.0,0.0,36990.0
brandperf-2026-04-06-мск-автодраи-в-другие,2026-04-06,2026-04,МСК,АвтоДрайв,autodrive.msk.ru,Другие,6,1,2,119490.0,0.0,,0.0,0.0,0.0,59745.0
brandperf-2026-04-06-мск-автодраи-в-прямые-визиты,2026-04-06,2026-04,МСК,АвтоДрайв,autodrive.msk.ru,Прямые визиты,1,1,0,0.0,0.0,,0.0,0.0,0,0
brandperf-2026-04-06-мск-автодраи-в-рек-кешбэк,2026-04-06,2026-04,МСК,АвтоДрайв,autodrive.msk.ru,Рек/кешбэк,2,2,2,75980.0,0.0,,0.0,0.0,0.0,37990.0
brandperf-2026-04-06-мск-автодраи-в-яндекс-карты,2026-04-06,2026-04,МСК,АвтоДрайв,autodrive.msk.ru · izidrive.ru · автодраи-в,Яндекс Карты,35,19,4,217470.0,0.0,,0.0,0.0,0.0,54367.5
brandperf-2026-04-06-мск-автомск-другие,2026-04-06,2026-04,МСК,АвтоМСК,avtoshkola-avtomsk.ru,Другие,2,0,0,0.0,0.0,,0.0,0,0,0
brandperf-2026-04-06-мск-автомобиль-другие,2026-04-06,2026-04,МСК,АвтоМобиль,avtoshkola-automobil.ru,Другие,2,1,0,0.0,0.0,,0.0,0.0,0,0
brandperf-2026-04-06-мск-автомобиль-яндекс-карты,2026-04-06,2026-04,МСК,АвтоМобиль,avtoshkola-automobil.ru,Яндекс Карты,2,2,1,37990.0,0.0,,0.0,0.0,0.0,37990.0
brandperf-2026-04-06-мск-автонева-2гис,2026-04-06,2026-04,МСК,АвтоНева,avtoshkola-auto-neva.ru,2ГИС,1,1,0,0.0,0.0,,0.0,0.0,0,0
brandperf-2026-04-06-мск-автонева-гугл-карты,2026-04-06,2026-04,МСК,АвтоНева,avtoshkola-auto-neva.ru,Гугл Карты,1,1,0,0.0,0.0,,0.0,0.0,0,0
brandperf-2026-04-06-мск-автонева-другие,2026-04-06,2026-04,МСК,АвтоНева,avtoshkola-auto-neva.ru,Другие,1,0,0,0.0,0.0,,0.0,0,0,0
brandperf-2026-04-06-мск-автоправо-2гис,2026-04-06,2026-04,МСК,АвтоПраво,autoshkola-avtopravo.ru · автоправо,2ГИС,2,1,0,0.0,0.0,,0.0,0.0,0,0
brandperf-2026-04-06-мск-автоправо-гугл-карты,2026-04-06,2026-04,МСК,АвтоПраво,autoshkola-avtopravo.ru · автоправо,Гугл Карты,2,1,0,0.0,0.0,,0.0,0.0,0,0
brandperf-2026-04-06-мск-автоправо-яндекс-карты,2026-04-06,2026-04,МСК,АвтоПраво,autoshkola-avtopravo.ru · autoshkola-porazarul.ru,Яндекс Карты,10,10,4,139960.0,0.0,,0.0,0.0,0.0,34990.0
brandperf-2026-04-06-мск-автотест-другие,2026-04-06,2026-04,МСК,АвтоТест,autoshkola-avtotest.ru,Другие,4,0,0,0.0,0.0,,0.0,0,0,0
brandperf-2026-04-06-мск-автотест-яндекс-карты,2026-04-06,2026-04,МСК,АвтоТест,autoshkola-avtotest.ru · автотест,Яндекс Карты,7,4,2,74980.0,0.0,,0.0,0.0,0.0,37490.0
brandperf-2026-04-06-мск-алонсо-другие,2026-04-06,2026-04,МСК,Алонсо,avtoshkola-alonso.ru,Другие,2,0,0,0.0,0.0,,0.0,0,0,0
brandperf-2026-04-06-мск-армада-яндекс-карты,2026-04-06,2026-04,МСК,Армада,avtoshkola-armada.ru,Яндекс Карты,1,1,0,0.0,0.0,,0.0,0.0,0,0
brandperf-2026-04-06-мск-атлант-другие,2026-04-06,2026-04,МСК,Атлант,avtoshkola-atlant.ru,Другие,2,0,0,0.0,0.0,,0.0,0,0,0
brandperf-2026-04-06-мск-велес-другие,2026-04-06,2026-04,МСК,Велес,avtoshkola-veles.ru,Другие,2,0,0,0.0,0.0,,0.0,0,0,0
brandperf-2026-04-06-мск-велес-яндекс-карты,2026-04-06,2026-04,МСК,Велес,avtoshkola-veles.ru,Яндекс Карты,4,3,3,123970.0,0.0,,0.0,0.0,0.0,41323.33
brandperf-2026-04-06-мск-виадук-другие,2026-04-06,2026-04,МСК,Виадук,avtoshkola-viaduk.ru,Другие,1,0,0,0.0,0.0,,0.0,0,0,0
brandperf-2026-04-06-мск-гермес-2гис,2026-04-06,2026-04,МСК,Гермес,hermes-mos.ru · гермес,2ГИС,8,4,0,0.0,0.0,,0.0,0.0,0,0
brandperf-2026-04-06-мск-гермес-seo,2026-04-06,2026-04,МСК,Гермес,hermes-mos.ru,SEO,1,0,0,0.0,0.0,,0.0,0,0,0
brandperf-2026-04-06-мск-гермес-другие,2026-04-06,2026-04,МСК,Гермес,hermes-mos.ru,Другие,13,2,1,59990.0,0.0,,0.0,0.0,0.0,59990.0
brandperf-2026-04-06-мск-гермес-прямые-визиты,2026-04-06,2026-04,МСК,Гермес,hermes-mos.ru,Прямые визиты,4,3,0,0.0,0.0,,0.0,0.0,0,0
brandperf-2026-04-06-мск-гермес-рек-кешбэк,2026-04-06,2026-04,МСК,Гермес,hermes-mos.ru,Рек/кешбэк,2,2,2,53980.0,0.0,,0.0,0.0,0.0,26990.0
brandperf-2026-04-06-мск-гермес-яндекс-карты,2026-04-06,2026-04,МСК,Гермес,avtoshkola-rul.ru · hermes-mos.ru · гермес,Яндекс Карты,49,22,13,501380.0,0.0,,0.0,0.0,0.0,38567.69
brandperf-2026-04-06-мск-глобал-другие,2026-04-06,2026-04,МСК,Глобал,avtoshkola-global.ru,Другие,1,0,0,0.0,0.0,,0.0,0,0,0
brandperf-2026-04-06-мск-изи-драи-в-другие,2026-04-06,2026-04,МСК,Изи Драйв,izidrive.msk.ru · izidrive.ru,Другие,8,3,2,125000.0,0.0,,0.0,0.0,0.0,62500.0
brandperf-2026-04-06-мск-изи-драи-в-яндекс-директ,2026-04-06,2026-04,МСК,Изи Драйв,izidrive.msk.ru · izidrive.ru · изи-драи-в,Яндекс Директ,20,2,0,0.0,0.0,,0.0,0.0,0,0
brandperf-2026-04-06-мск-изи-драи-в-яндекс-карты,2026-04-06,2026-04,МСК,Изи Драйв,izidrive.msk.ru · schoolselect.ru,Яндекс Карты,4,2,0,0.0,0.0,,0.0,0.0,0,0
brandperf-2026-04-06-мск-континенталь-гугл-карты,2026-04-06,2026-04,МСК,Континенталь,avtoshkola-kontinental.ru,Гугл Карты,1,1,0,0.0,0.0,,0.0,0.0,0,0
brandperf-2026-04-06-мск-ланистер-яндекс-карты,2026-04-06,2026-04,МСК,Ланистер,autoschkola-lanister.ru,Яндекс Карты,3,3,1,56990.0,0.0,,0.0,0.0,0.0,56990.0
brandperf-2026-04-06-мск-пора-за-руль-другие,2026-04-06,2026-04,МСК,Пора за руль,autoshkola-porazarul.ru,Другие,2,0,1,59500.0,0.0,,0.0,0,0.0,59500.0
brandperf-2026-04-06-мск-пора-за-руль-прямые-визиты,2026-04-06,2026-04,МСК,Пора за руль,autoshkola-porazarul.ru,Прямые визиты,1,1,1,37990.0,0.0,,0.0,0.0,0.0,37990.0
brandperf-2026-04-06-мск-пора-за-руль-яндекс-карты,2026-04-06,2026-04,МСК,Пора за руль,autoshkola-porazarul.ru · пора-за-руль,Яндекс Карты,9,3,1,26990.0,0.0,,0.0,0.0,0.0,26990.0
brandperf-2026-04-06-мск-рулевои-другие,2026-04-06,2026-04,МСК,Рулевой,avtoshkola-rul.ru · rulevoy-msk.ru,Другие,5,2,0,0.0,0.0,,0.0,0.0,0,0
brandperf-2026-04-06-мск-рулевои-рек-кешбэк,2026-04-06,2026-04,МСК,Рулевой,rulevoy-msk.ru,Рек/кешбэк,1,1,1,59500.0,0.0,,0.0,0.0,0.0,59500.0
brandperf-2026-04-06-мск-топгир-2гис,2026-04-06,2026-04,МСК,ТопГир,avtoshkola-tg.ru · топгир,2ГИС,29,10,5,166950.0,0.0,,0.0,0.0,0.0,33390.0
brandperf-2026-04-06-мск-топгир-гугл-карты,2026-04-06,2026-04,МСК,ТопГир,avtoshkola-tg.ru · топгир,Гугл Карты,9,5,1,36990.0,0.0,,0.0,0.0,0.0,36990.0
brandperf-2026-04-06-мск-топгир-другие,2026-04-06,2026-04,МСК,ТопГир,avtoshkola-tg.ru,Другие,5,2,4,160470.0,0.0,,0.0,0.0,0.0,40117.5
brandperf-2026-04-06-мск-топгир-прямые-визиты,2026-04-06,2026-04,МСК,ТопГир,avtoshkola-tg.ru,Прямые визиты,3,1,0,0.0,0.0,,0.0,0.0,0,0
brandperf-2026-04-06-мск-топгир-яндекс-карты,2026-04-06,2026-04,МСК,ТопГир,avtoshkola-tg.ru · топгир,Яндекс Карты,17,6,2,81980.0,0.0,,0.0,0.0,0.0,40990.0
brandperf-2026-04-06-мск-ученик-яндекс-карты,2026-04-06,2026-04,МСК,Ученик,avtoshkola-uchenik.ru,Яндекс Карты,1,1,0,0.0,0.0,,0.0,0.0,0,0
brandperf-2026-04-06-мск-флагман-гугл-карты,2026-04-06,2026-04,МСК,Флагман,avtoshkola-flagmanmsk.ru,Гугл Карты,2,2,2,86980.0,0.0,,0.0,0.0,0.0,43490.0
brandperf-2026-04-06-мск-флагман-другие,2026-04-06,2026-04,МСК,Флагман,avtoshkola-flagmanmsk.ru,Другие,1,0,0,0.0,0.0,,0.0,0,0,0
brandperf-2026-04-06-спб-artdrive-другие,2026-04-06,2026-04,СПБ,Artdrive,avtoshkola-artdrive.ru,Другие,1,1,0,0.0,0.0,,0.0,0.0,0,0
brandperf-2026-04-06-спб-automotors-другие,2026-04-06,2026-04,СПБ,Automotors,avtoshkola-automotors.ru,Другие,1,0,0,0.0,0.0,,0.0,0,0,0
brandperf-2026-04-06-спб-autostil-другие,2026-04-06,2026-04,СПБ,Autostil,avtoshkola-autostil.ru,Другие,1,0,0,0.0,0.0,,0.0,0,0,0
brandperf-2026-04-06-спб-dream-auto-другие,2026-04-06,2026-04,СПБ,Dream Auto,dreamautoschool.ru,Другие,1,1,0,0.0,0.0,,0.0,0.0,0,0
brandperf-2026-04-06-спб-dream-auto-яндекс-карты,2026-04-06,2026-04,СПБ,Dream Auto,dreamautoschool.ru,Яндекс Карты,1,1,1,29500.0,0.0,,0.0,0.0,0.0,29500.0
brandperf-2026-04-06-спб-piterdriving-другие,2026-04-06,2026-04,СПБ,Piterdriving,piterdriving.ru,Другие,1,0,0,0.0,0.0,,0.0,0,0,0
brandperf-2026-04-06-спб-praitauto-гугл-карты,2026-04-06,2026-04,СПБ,Praitauto,avtoshkola-praitauto.ru,Гугл Карты,2,2,1,70990.0,0.0,,0.0,0.0,0.0,70990.0
brandperf-2026-04-06-спб-а-поло-другие,2026-04-06,2026-04,СПБ,А-Поло,avtoshkola-apolo.ru,Другие,1,1,0,0.0,0.0,,0.0,0.0,0,0
brandperf-2026-04-06-спб-а-поло-яндекс-карты,2026-04-06,2026-04,СПБ,А-Поло,avtoshkola-apolo.ru,Яндекс Карты,1,1,0,0.0,0.0,,0.0,0.0,0,0
brandperf-2026-04-06-спб-автогранд-другие,2026-04-06,2026-04,СПБ,АвтоГранд,avtoshkola-autogrand.ru,Другие,1,0,0,0.0,0.0,,0.0,0,0,0
brandperf-2026-04-06-спб-автодраи-в-2гис,2026-04-06,2026-04,СПБ,АвтоДрайв,autodrive-school.ru · автодраи-в · автодрайв.спб.рф,2ГИС,24,12,3,208970.0,0.0,,0.0,0.0,0.0,69656.67
brandperf-2026-04-06-спб-автодраи-в-seo,2026-04-06,2026-04,СПБ,АвтоДрайв,autodrive-school.ru · автодрайв.спб.рф,SEO,2,1,0,0.0,0.0,,0.0,0.0,0,0
brandperf-2026-04-06-спб-автодраи-в-гугл-карты,2026-04-06,2026-04,СПБ,АвтоДрайв,autodrive-school.ru · автодраи-в,Гугл Карты,2,2,0,0.0,0.0,,0.0,0.0,0,0
brandperf-2026-04-06-спб-автодраи-в-другие,2026-04-06,2026-04,СПБ,АвтоДрайв,autodrive-school.ru,Другие,16,12,1,73990.0,0.0,,0.0,0.0,0.0,73990.0
brandperf-2026-04-06-спб-автодраи-в-прямые-визиты,2026-04-06,2026-04,СПБ,АвтоДрайв,autodrive-school.ru,Прямые визиты,3,2,1,95990.0,0.0,,0.0,0.0,0.0,95990.0
brandperf-2026-04-06-спб-автодраи-в-рек-кешбэк,2026-04-06,2026-04,СПБ,АвтоДрайв,autodrive-school.ru,Рек/кешбэк,1,1,0,0.0,0.0,,0.0,0.0,0,0
brandperf-2026-04-06-спб-автодраи-в-яндекс-директ,2026-04-06,2026-04,СПБ,АвтоДрайв,autodrive-school.ru · автодраи-в · автодрайв.спб.рф,Яндекс Директ,50,17,2,122980.0,0.0,,0.0,0.0,0.0,61490.0
brandperf-2026-04-06-спб-автодраи-в-яндекс-карты,2026-04-06,2026-04,СПБ,АвтоДрайв,autodrive-school.ru · автодраи-в,Яндекс Карты,16,9,1,48990.0,0.0,,0.0,0.0,0.0,48990.0
brandperf-2026-04-06-спб-автоклуб-2гис,2026-04-06,2026-04,СПБ,АвтоКлуб,avtoshkola-avtoclub.ru,2ГИС,1,1,0,0.0,0.0,,0.0,0.0,0,0
brandperf-2026-04-06-спб-автоклуб-гугл-карты,2026-04-06,2026-04,СПБ,АвтоКлуб,avtoshkola-avtoclub.ru,Гугл Карты,1,0,0,0.0,0.0,,0.0,0,0,0
brandperf-2026-04-06-спб-автоклуб-другие,2026-04-06,2026-04,СПБ,АвтоКлуб,avtoshkola-avtoclub.ru,Другие,4,3,0,0.0,0.0,,0.0,0.0,0,0
brandperf-2026-04-06-спб-автолеон-другие,2026-04-06,2026-04,СПБ,АвтоЛеон,avtoshkola-autoleon.ru,Другие,1,0,0,0.0,0.0,,0.0,0,0,0
brandperf-2026-04-06-спб-автопрофи-другие,2026-04-06,2026-04,СПБ,АвтоПрофи,avtoshkola-avtoprofi.ru,Другие,2,0,0,0.0,0.0,,0.0,0,0,0
brandperf-2026-04-06-спб-автосити-2гис,2026-04-06,2026-04,СПБ,АвтоСити,avtoshkola-as.ru · автосити,2ГИС,8,2,0,0.0,0.0,,0.0,0.0,0,0
brandperf-2026-04-06-спб-автосити-гугл-карты,2026-04-06,2026-04,СПБ,АвтоСити,avtoshkola-as.ru,Гугл Карты,2,1,0,0.0,0.0,,0.0,0.0,0,0
brandperf-2026-04-06-спб-автосити-другие,2026-04-06,2026-04,СПБ,АвтоСити,avtoshkola-as.ru,Другие,16,11,3,179970.0,0.0,,0.0,0.0,0.0,59990.0
brandperf-2026-04-06-спб-автосити-яндекс-директ,2026-04-06,2026-04,СПБ,АвтоСити,автосити · лучшая-автошкола-спб.рф,Яндекс Директ,9,4,0,0.0,0.0,,0.0,0.0,0,0
brandperf-2026-04-06-спб-автосити-яндекс-карты,2026-04-06,2026-04,СПБ,АвтоСити,autodrive-school.ru · avtoshkola-as.ru · izidrive.ru,Яндекс Карты,19,9,0,0.0,0.0,,0.0,0.0,0,0
brandperf-2026-04-06-спб-автотрек-другие,2026-04-06,2026-04,СПБ,АвтоТрек,avtoshkola-autotrack.ru,Другие,1,1,0,0.0,0.0,,0.0,0.0,0,0
brandperf-2026-04-06-спб-автотрек-яндекс-карты,2026-04-06,2026-04,СПБ,АвтоТрек,автотрек,Яндекс Карты,1,0,0,0.0,0.0,,0.0,0,0,0
brandperf-2026-04-06-спб-автолэнд-2гис,2026-04-06,2026-04,СПБ,Автолэнд,autolandschool.ru,2ГИС,1,1,0,0.0,0.0,,0.0,0.0,0,0
brandperf-2026-04-06-спб-автолэнд-другие,2026-04-06,2026-04,СПБ,Автолэнд,autolandschool.ru,Другие,5,5,1,48990.0,0.0,,0.0,0.0,0.0,48990.0
brandperf-2026-04-06-спб-автошкола-100-другие,2026-04-06,2026-04,СПБ,Автошкола 100,автошкола100.рф,Другие,4,1,0,0.0,0.0,,0.0,0.0,0,0
brandperf-2026-04-06-спб-автошкола-100-яндекс-карты,2026-04-06,2026-04,СПБ,Автошкола 100,автошкола100.рф,Яндекс Карты,2,2,0,0.0,0.0,,0.0,0.0,0,0
brandperf-2026-04-06-спб-академика-другие,2026-04-06,2026-04,СПБ,Академика,академика-спб.рф,Другие,9,6,0,0.0,0.0,,0.0,0.0,0,0
brandperf-2026-04-06-спб-виктория-другие,2026-04-06,2026-04,СПБ,Виктория,autoshkola-victoria.ru,Другие,2,1,0,0.0,0.0,,0.0,0.0,0,0
brandperf-2026-04-06-спб-гермес-другие,2026-04-06,2026-04,СПБ,Гермес,hermesrf-spb.ru,Другие,5,2,1,71000.0,0.0,,0.0,0.0,0.0,71000.0
brandperf-2026-04-06-спб-гермес-яндекс-карты,2026-04-06,2026-04,СПБ,Гермес,hermesrf-spb.ru · izidrive.ru · pora-za-rul.ru,Яндекс Карты,10,10,1,65500.0,0.0,,0.0,0.0,0.0,65500.0
brandperf-2026-04-06-спб-движение-яндекс-карты,2026-04-06,2026-04,СПБ,Движение,autoshkola-dvijenie.ru,Яндекс Карты,1,1,0,0.0,0.0,,0.0,0.0,0,0
brandperf-2026-04-06-спб-заправами-гугл-карты,2026-04-06,2026-04,СПБ,ЗаПравами,avtoshkola-zapravami.ru,Гугл Карты,1,1,0,0.0,0.0,,0.0,0.0,0,0
brandperf-2026-04-06-спб-изи-драи-в-2гис,2026-04-06,2026-04,СПБ,Изи Драйв,izidrive.ru · изи-драи-в,2ГИС,9,3,1,70990.0,0.0,,0.0,0.0,0.0,70990.0
brandperf-2026-04-06-спб-изи-драи-в-seo,2026-04-06,2026-04,СПБ,Изи Драйв,izidrive.ru,SEO,1,1,1,54990.0,0.0,,0.0,0.0,0.0,54990.0
brandperf-2026-04-06-спб-изи-драи-в-гугл-карты,2026-04-06,2026-04,СПБ,Изи Драйв,izidrive.ru · изи-драи-в,Гугл Карты,4,0,0,0.0,0.0,,0.0,0,0,0
brandperf-2026-04-06-спб-изи-драи-в-другие,2026-04-06,2026-04,СПБ,Изи Драйв,izidrive.ru,Другие,19,10,5,376870.0,0.0,,0.0,0.0,0.0,75374.0
brandperf-2026-04-06-спб-изи-драи-в-яндекс-карты,2026-04-06,2026-04,СПБ,Изи Драйв,izidrive.ru · изи-драи-в,Яндекс Карты,11,7,1,70990.0,0.0,,0.0,0.0,0.0,70990.0
brandperf-2026-04-06-спб-лучшая-автошкола-спб-гугл-карты,2026-04-06,2026-04,СПБ,Лучшая Автошкола Спб,лучшая-автошкола-спб.рф,Гугл Карты,1,1,0,0.0,0.0,,0.0,0.0,0,0
brandperf-2026-04-06-спб-лучшая-автошкола-спб-яндекс-директ,2026-04-06,2026-04,СПБ,Лучшая Автошкола Спб,лучшая-автошкола-спб.рф,Яндекс Директ,1,0,0,0.0,0.0,,0.0,0,0,0
brandperf-2026-04-06-спб-маневр-другие,2026-04-06,2026-04,СПБ,Маневр,autoshkola-manevr.ru,Другие,3,2,1,73990.0,0.0,,0.0,0.0,0.0,73990.0
brandperf-2026-04-06-спб-мираж-гугл-карты,2026-04-06,2026-04,СПБ,Мираж,avtoshkola-mirazh.ru,Гугл Карты,1,1,1,48990.0,0.0,,0.0,0.0,0.0,48990.0
brandperf-2026-04-06-спб-мираж-другие,2026-04-06,2026-04,СПБ,Мираж,avtoshkola-mirazh.ru,Другие,1,1,0,0.0,0.0,,0.0,0.0,0,0
brandperf-2026-04-06-спб-пора-за-руль-другие,2026-04-06,2026-04,СПБ,Пора за руль,pora-za-rul.ru,Другие,6,4,2,114490.0,0.0,,0.0,0.0,0.0,57245.0
brandperf-2026-04-06-спб-пора-за-руль-рек-кешбэк,2026-04-06,2026-04,СПБ,Пора за руль,pora-za-rul.ru,Рек/кешбэк,1,1,1,76990.0,0.0,,0.0,0.0,0.0,76990.0
brandperf-2026-04-06-спб-пора-за-руль-яндекс-карты,2026-04-06,2026-04,СПБ,Пора за руль,autoshkola-porazarul.ru · pora-za-rul.ru,Яндекс Карты,2,2,0,0.0,0.0,,0.0,0.0,0,0
brandperf-2026-04-06-спб-ралли-гугл-карты,2026-04-06,2026-04,СПБ,Ралли,rallischool.ru,Гугл Карты,1,1,0,0.0,0.0,,0.0,0.0,0,0
brandperf-2026-04-06-спб-ралли-другие,2026-04-06,2026-04,СПБ,Ралли,rallischool.ru,Другие,5,2,1,65500.0,0.0,,0.0,0.0,0.0,65500.0
brandperf-2026-04-06-спб-рулевои-другие,2026-04-06,2026-04,СПБ,Рулевой,avtoshkola-ruler.ru · avtoshkola-rulevoi.ru,Другие,6,5,2,119990.0,0.0,,0.0,0.0,0.0,59995.0
brandperf-2026-04-06-спб-студент-гугл-карты,2026-04-06,2026-04,СПБ,Студент,avtoshkola-student.ru,Гугл Карты,1,1,1,29500.0,0.0,,0.0,0.0,0.0,29500.0
brandperf-2026-04-06-спб-студент-другие,2026-04-06,2026-04,СПБ,Студент,avtoshkola-student.ru,Другие,1,0,0,0.0,0.0,,0.0,0,0,0
brandperf-2026-04-06-спб-успех-другие,2026-04-06,2026-04,СПБ,Успех,yspexspb.ru,Другие,1,0,0,0.0,0.0,,0.0,0,0,0
brandperf-2026-04-06-спб-успех-рек-кешбэк,2026-04-06,2026-04,СПБ,Успех,yspexspb.ru,Рек/кешбэк,1,1,1,54990.0,0.0,,0.0,0.0,0.0,54990.0
brandperf-2026-04-06-спб-штиль-другие,2026-04-06,2026-04,СПБ,Штиль,avtoshkola-shtil.ru,Другие,5,4,2,102980.0,0.0,,0.0,0.0,0.0,51490.0
brandperf-2026-04-06-спб-штиль-яндекс-карты,2026-04-06,2026-04,СПБ,Штиль,avtoshkola-shtil.ru,Яндекс Карты,2,2,1,29500.0,0.0,,0.0,0.0,0.0,29500.0
brandperf-2026-04-06-спб-ягуар-другие,2026-04-06,2026-04,СПБ,Ягуар,avtoshkola-yaguarspb.ru,Другие,5,2,1,76990.0,0.0,,0.0,0.0,0.0,76990.0
brandperf-2026-04-13-мск-autonefrit-яндекс-карты,2026-04-13,2026-04,МСК,Autonefrit,autonefrit.ru,Яндекс Карты,2,2,0,0.0,0.0,,0.0,0.0,0,0
brandperf-2026-04-13-мск-gorizont-другие,2026-04-13,2026-04,МСК,Gorizont,autoshkola-gorizont.ru,Другие,1,0,0,0.0,0.0,,0.0,0,0,0
brandperf-2026-04-13-мск-schoolselect-seo,2026-04-13,2026-04,МСК,SchoolSelect,schoolselect.ru,SEO,1,1,0,0.0,0.0,,0.0,0.0,0,0
brandperf-2026-04-13-мск-schoolselect-другие,2026-04-13,2026-04,МСК,SchoolSelect,schoolselect.ru,Другие,2,0,1,26990.0,0.0,,0.0,0,0.0,26990.0
brandperf-2026-04-13-мск-schoolselect-прямые-визиты,2026-04-13,2026-04,МСК,SchoolSelect,schoolselect.ru,Прямые визиты,2,1,0,0.0,0.0,,0.0,0.0,0,0
brandperf-2026-04-13-мск-skyauto-другие,2026-04-13,2026-04,МСК,SkyAuto,avtoshkola-skyauto.ru,Другие,1,1,1,37000.0,0.0,,0.0,0.0,0.0,37000.0
brandperf-2026-04-13-мск-smart-другие,2026-04-13,2026-04,МСК,Smart,avtoshkola-smart.ru,Другие,1,0,0,0.0,0.0,,0.0,0,0,0
brandperf-2026-04-13-мск-автогуру-другие,2026-04-13,2026-04,МСК,АвтоГуру,autoshkola-guru.ru,Другие,3,1,1,35990.0,0.0,,0.0,0.0,0.0,35990.0
brandperf-2026-04-13-мск-автогуру-яндекс-карты,2026-04-13,2026-04,МСК,АвтоГуру,autoshkola-guru.ru,Яндекс Карты,3,3,0,0.0,0.0,,0.0,0.0,0,0
brandperf-2026-04-13-мск-автодраи-в-2гис,2026-04-13,2026-04,МСК,АвтоДрайв,autodrive.msk.ru · автодраи-в,2ГИС,10,4,2,85980.0,0.0,,0.0,0.0,0.0,42990.0
brandperf-2026-04-13-мск-автодраи-в-другие,2026-04-13,2026-04,МСК,АвтоДрайв,autodrive.msk.ru · АвтоДрайв мск,Другие,18,6,7,275950.0,0.0,,0.0,0.0,0.0,39421.43
brandperf-2026-04-13-мск-автодраи-в-прямые-визиты,2026-04-13,2026-04,МСК,АвтоДрайв,autodrive.msk.ru,Прямые визиты,2,2,1,37990.0,0.0,,0.0,0.0,0.0,37990.0
brandperf-2026-04-13-мск-автодраи-в-яндекс-директ,2026-04-13,2026-04,МСК,АвтоДрайв,autodrive.msk.ru · автодраи-в · автошкола-автодрайв.москва,Яндекс Директ,6,1,0,0.0,0.0,,0.0,0.0,0,0
brandperf-2026-04-13-мск-автодраи-в-яндекс-карты,2026-04-13,2026-04,МСК,АвтоДрайв,autodrive.msk.ru · автодраи-в,Яндекс Карты,49,34,10,520950.0,0.0,,0.0,0.0,0.0,52095.0
brandperf-2026-04-13-мск-автомск-2гис,2026-04-13,2026-04,МСК,АвтоМСК,avtoshkola-avtomsk.ru,2ГИС,1,1,0,0.0,0.0,,0.0,0.0,0,0
brandperf-2026-04-13-мск-автомобиль-другие,2026-04-13,2026-04,МСК,АвтоМобиль,avtoshkola-automobil.ru,Другие,2,1,0,0.0,0.0,,0.0,0.0,0,0
brandperf-2026-04-13-мск-автомобиль-яндекс-карты,2026-04-13,2026-04,МСК,АвтоМобиль,avtoshkola-automobil.ru,Яндекс Карты,3,2,0,0.0,0.0,,0.0,0.0,0,0
brandperf-2026-04-13-мск-автонева-другие,2026-04-13,2026-04,МСК,АвтоНева,avtoshkola-auto-neva.ru,Другие,3,1,1,37990.0,0.0,,0.0,0.0,0.0,37990.0
brandperf-2026-04-13-мск-автонева-яндекс-карты,2026-04-13,2026-04,МСК,АвтоНева,avtoshkola-auto-neva.ru,Яндекс Карты,1,1,0,0.0,0.0,,0.0,0.0,0,0
brandperf-2026-04-13-мск-автоправо-2гис,2026-04-13,2026-04,МСК,АвтоПраво,autoshkola-avtopravo.ru · автоправо,2ГИС,6,3,3,156970.0,0.0,,0.0,0.0,0.0,52323.33
brandperf-2026-04-13-мск-автоправо-другие,2026-04-13,2026-04,МСК,АвтоПраво,autoshkola-avtopravo.ru,Другие,14,6,3,133990.0,0.0,,0.0,0.0,0.0,44663.33
brandperf-2026-04-13-мск-автоправо-яндекс-карты,2026-04-13,2026-04,МСК,АвтоПраво,autoshkola-avtopravo.ru · автоправо,Яндекс Карты,10,8,3,146480.0,0.0,,0.0,0.0,0.0,48826.67
brandperf-2026-04-13-мск-автотест-другие,2026-04-13,2026-04,МСК,АвтоТест,autoshkola-avtotest.ru,Другие,4,1,0,0.0,0.0,,0.0,0.0,0,0
brandperf-2026-04-13-мск-автотест-яндекс-карты,2026-04-13,2026-04,МСК,АвтоТест,autoshkola-avtotest.ru · автотест,Яндекс Карты,5,4,1,58990.0,0.0,,0.0,0.0,0.0,58990.0
brandperf-2026-04-13-мск-алонсо-другие,2026-04-13,2026-04,МСК,Алонсо,avtoshkola-alonso.ru,Другие,1,0,0,0.0,0.0,,0.0,0,0,0
brandperf-2026-04-13-мск-алонсо-яндекс-карты,2026-04-13,2026-04,МСК,Алонсо,avtoshkola-alonso.ru,Яндекс Карты,1,1,0,0.0,0.0,,0.0,0.0,0,0
brandperf-2026-04-13-мск-армада-другие,2026-04-13,2026-04,МСК,Армада,avtoshkola-armada.ru,Другие,1,0,0,0.0,0.0,,0.0,0,0,0
brandperf-2026-04-13-мск-армада-яндекс-карты,2026-04-13,2026-04,МСК,Армада,avtoshkola-armada.ru,Яндекс Карты,1,1,1,37990.0,0.0,,0.0,0.0,0.0,37990.0
brandperf-2026-04-13-мск-атлант-яндекс-карты,2026-04-13,2026-04,МСК,Атлант,avtoshkola-atlant.ru,Яндекс Карты,1,1,1,59990.0,0.0,,0.0,0.0,0.0,59990.0
brandperf-2026-04-13-мск-велес-другие,2026-04-13,2026-04,МСК,Велес,avtoshkola-veles.ru,Другие,1,1,0,0.0,0.0,,0.0,0.0,0,0
brandperf-2026-04-13-мск-велес-яндекс-карты,2026-04-13,2026-04,МСК,Велес,avtoshkola-veles.ru,Яндекс Карты,4,4,2,96490.0,0.0,,0.0,0.0,0.0,48245.0
brandperf-2026-04-13-мск-виадук-другие,2026-04-13,2026-04,МСК,Виадук,avtoshkola-viaduk.ru,Другие,1,0,0,0.0,0.0,,0.0,0,0,0
brandperf-2026-04-13-мск-гермес-2гис,2026-04-13,2026-04,МСК,Гермес,hermes-mos.ru · гермес,2ГИС,10,5,4,193960.0,0.0,,0.0,0.0,0.0,48490.0
brandperf-2026-04-13-мск-гермес-гугл-карты,2026-04-13,2026-04,МСК,Гермес,hermes-mos.ru,Гугл Карты,1,0,0,0.0,0.0,,0.0,0,0,0
brandperf-2026-04-13-мск-гермес-другие,2026-04-13,2026-04,МСК,Гермес,hermes-mos.ru,Другие,12,3,1,49500.0,0.0,,0.0,0.0,0.0,49500.0
brandperf-2026-04-13-мск-гермес-прямые-визиты,2026-04-13,2026-04,МСК,Гермес,hermes-mos.ru,Прямые визиты,1,0,0,0.0,0.0,,0.0,0,0,0
brandperf-2026-04-13-мск-гермес-рек-кешбэк,2026-04-13,2026-04,МСК,Гермес,hermes-mos.ru,Рек/кешбэк,1,1,1,26990.0,0.0,,0.0,0.0,0.0,26990.0
brandperf-2026-04-13-мск-гермес-яндекс-карты,2026-04-13,2026-04,МСК,Гермес,hermes-mos.ru · гермес,Яндекс Карты,41,25,8,255920.0,0.0,,0.0,0.0,0.0,31990.0
brandperf-2026-04-13-мск-изи-драи-в-2гис,2026-04-13,2026-04,МСК,Изи Драйв,izidrive.msk.ru · изи-драи-в,2ГИС,7,2,1,37990.0,0.0,,0.0,0.0,0.0,37990.0
brandperf-2026-04-13-мск-изи-драи-в-другие,2026-04-13,2026-04,МСК,Изи Драйв,izidrive.msk.ru · izidrive.ru,Другие,12,4,1,36990.0,0.0,,0.0,0.0,0.0,36990.0
brandperf-2026-04-13-мск-изи-драи-в-яндекс-директ,2026-04-13,2026-04,МСК,Изи Драйв,izidrive.msk.ru · изи-драи-в · изи-драйв.рф,Яндекс Директ,41,13,1,54990.0,0.0,,0.0,0.0,0.0,54990.0
brandperf-2026-04-13-мск-изи-драи-в-яндекс-карты,2026-04-13,2026-04,МСК,Изи Драйв,izidrive.msk.ru · изи-драи-в,Яндекс Карты,11,9,2,63980.0,0.0,,0.0,0.0,0.0,31990.0
brandperf-2026-04-13-мск-континенталь-другие,2026-04-13,2026-04,МСК,Континенталь,avtoshkola-kontinental.ru,Другие,2,2,0,0.0,0.0,,0.0,0.0,0,0
brandperf-2026-04-13-мск-ланистер-другие,2026-04-13,2026-04,МСК,Ланистер,autoschkola-lanister.ru,Другие,1,0,0,0.0,0.0,,0.0,0,0,0
brandperf-2026-04-13-мск-пора-за-руль-2гис,2026-04-13,2026-04,МСК,Пора за руль,autoshkola-porazarul.ru,2ГИС,1,1,0,0.0,0.0,,0.0,0.0,0,0
brandperf-2026-04-13-мск-пора-за-руль-другие,2026-04-13,2026-04,МСК,Пора за руль,autoshkola-porazarul.ru,Другие,4,1,0,0.0,0.0,,0.0,0.0,0,0
brandperf-2026-04-13-мск-пора-за-руль-яндекс-карты,2026-04-13,2026-04,МСК,Пора за руль,autoshkola-poputi.ru · autoshkola-porazarul.ru · пора-за-руль,Яндекс Карты,13,8,1,36990.0,0.0,,0.0,0.0,0.0,36990.0
brandperf-2026-04-13-мск-родос-яндекс-карты,2026-04-13,2026-04,МСК,Родос,autoshkola-rodos.ru,Яндекс Карты,2,2,0,0.0,0.0,,0.0,0.0,0,0
brandperf-2026-04-13-мск-рулевои-другие,2026-04-13,2026-04,МСК,Рулевой,rulevoy-msk.ru,Другие,2,1,0,0.0,0.0,,0.0,0.0,0,0
brandperf-2026-04-13-мск-рулевои-яндекс-карты,2026-04-13,2026-04,МСК,Рулевой,avtoshkola-rul.ru · rulevoy-msk.ru,Яндекс Карты,4,4,0,0.0,0.0,,0.0,0.0,0,0
brandperf-2026-04-13-мск-топгир-2гис,2026-04-13,2026-04,МСК,ТопГир,autodrive.msk.ru · avtoshkola-tg.ru · топгир,2ГИС,28,14,4,181970.0,0.0,,0.0,0.0,0.0,45492.5
brandperf-2026-04-13-мск-топгир-гугл-карты,2026-04-13,2026-04,МСК,ТопГир,avtoshkola-tg.ru · топгир,Гугл Карты,10,5,1,56990.0,0.0,,0.0,0.0,0.0,56990.0
brandperf-2026-04-13-мск-топгир-другие,2026-04-13,2026-04,МСК,ТопГир,avtoshkola-tg.ru,Другие,6,0,2,86490.0,0.0,,0.0,0,0.0,43245.0
brandperf-2026-04-13-мск-топгир-прямые-визиты,2026-04-13,2026-04,МСК,ТопГир,avtoshkola-tg.ru,Прямые визиты,3,2,1,37990.0,0.0,,0.0,0.0,0.0,37990.0
brandperf-2026-04-13-мск-топгир-яндекс-карты,2026-04-13,2026-04,МСК,ТопГир,avtoshkola-tg.ru · топгир,Яндекс Карты,19,9,3,110970.0,0.0,,0.0,0.0,0.0,36990.0
brandperf-2026-04-13-мск-ученик-яндекс-карты,2026-04-13,2026-04,МСК,Ученик,avtoshkola-uchenik.ru,Яндекс Карты,1,1,0,0.0,0.0,,0.0,0.0,0,0
brandperf-2026-04-13-спб-autonefrit-другие,2026-04-13,2026-04,СПБ,Autonefrit,autonefrit.ru,Другие,1,1,0,0.0,0.0,,0.0,0.0,0,0
brandperf-2026-04-13-спб-autopremium-другие,2026-04-13,2026-04,СПБ,Autopremium,avtoshkola-autopremium.ru,Другие,1,0,0,0.0,0.0,,0.0,0,0,0
brandperf-2026-04-13-спб-dream-auto-другие,2026-04-13,2026-04,СПБ,Dream Auto,dreamautoschool.ru,Другие,10,8,6,362470.0,0.0,,0.0,0.0,0.0,60411.67
brandperf-2026-04-13-спб-dream-auto-яндекс-карты,2026-04-13,2026-04,СПБ,Dream Auto,dreamautoschool.ru,Яндекс Карты,2,2,1,29500.0,0.0,,0.0,0.0,0.0,29500.0
brandperf-2026-04-13-спб-extra-другие,2026-04-13,2026-04,СПБ,Extra,avtoshkola-extra.ru,Другие,2,1,0,0.0,0.0,,0.0,0.0,0,0
brandperf-2026-04-13-спб-piterdriving-другие,2026-04-13,2026-04,СПБ,Piterdriving,piterdriving.ru,Другие,1,0,0,0.0,0.0,,0.0,0,0,0
brandperf-2026-04-13-спб-signal-другие,2026-04-13,2026-04,СПБ,Signal,avtoshkola-signal.ru,Другие,1,0,0,0.0,0.0,,0.0,0,0,0
brandperf-2026-04-13-спб-spb-spb-гугл-карты,2026-04-13,2026-04,СПБ,Spb Spb,spb-spb,Гугл Карты,1,0,0,0.0,0.0,,0.0,0,0,0
brandperf-2026-04-13-спб-а-поло-другие,2026-04-13,2026-04,СПБ,А-Поло,avtoshkola-apolo.ru,Другие,5,3,2,100490.0,0.0,,0.0,0.0,0.0,50245.0
brandperf-2026-04-13-спб-автобот-другие,2026-04-13,2026-04,СПБ,АвтоБот,avtoshkola-avtobot.ru,Другие,2,1,1,54000.0,0.0,,0.0,0.0,0.0,54000.0
brandperf-2026-04-13-спб-автодраи-в-2гис,2026-04-13,2026-04,СПБ,АвтоДрайв,autodrive-school.ru · автодраи-в,2ГИС,21,8,1,48990.0,0.0,,0.0,0.0,0.0,48990.0
brandperf-2026-04-13-спб-автодраи-в-гугл-карты,2026-04-13,2026-04,СПБ,АвтоДрайв,autodrive-school.ru · автодраи-в,Гугл Карты,2,1,0,0.0,0.0,,0.0,0.0,0,0
brandperf-2026-04-13-спб-автодраи-в-другие,2026-04-13,2026-04,СПБ,АвтоДрайв,autodrive-school.ru · автодрайв.спб.рф,Другие,14,8,3,177000.0,0.0,,0.0,0.0,0.0,59000.0
brandperf-2026-04-13-спб-автодраи-в-прямые-визиты,2026-04-13,2026-04,СПБ,АвтоДрайв,autodrive-school.ru,Прямые визиты,2,1,0,0.0,0.0,,0.0,0.0,0,0
brandperf-2026-04-13-спб-автодраи-в-яндекс-директ,2026-04-13,2026-04,СПБ,АвтоДрайв,autodrive-school.ru · автодраи-в · автодрайв.спб.рф,Яндекс Директ,35,17,3,146970.0,0.0,,0.0,0.0,0.0,48990.0
brandperf-2026-04-13-спб-автодраи-в-яндекс-карты,2026-04-13,2026-04,СПБ,АвтоДрайв,autodrive-school.ru · автодраи-в,Яндекс Карты,16,9,3,202970.0,0.0,,0.0,0.0,0.0,67656.67
brandperf-2026-04-13-спб-автоклуб-гугл-карты,2026-04-13,2026-04,СПБ,АвтоКлуб,автоклуб,Гугл Карты,1,1,0,0.0,0.0,,0.0,0.0,0,0
brandperf-2026-04-13-спб-автоклуб-другие,2026-04-13,2026-04,СПБ,АвтоКлуб,avtoshkola-avtoclub.ru,Другие,3,2,0,0.0,0.0,,0.0,0.0,0,0
brandperf-2026-04-13-спб-автоклуб-рек-кешбэк,2026-04-13,2026-04,СПБ,АвтоКлуб,avtoshkola-avtoclub.ru,Рек/кешбэк,1,1,0,0.0,0.0,,0.0,0.0,0,0
brandperf-2026-04-13-спб-автомотокласс-гугл-карты,2026-04-13,2026-04,СПБ,АвтоМотоКласс,avtomotospb.ru,Гугл Карты,1,1,0,0.0,0.0,,0.0,0.0,0,0
brandperf-2026-04-13-спб-автомотокласс-другие,2026-04-13,2026-04,СПБ,АвтоМотоКласс,avtomotospb.ru,Другие,4,2,0,0.0,0.0,,0.0,0.0,0,0
brandperf-2026-04-13-спб-автопрофи-другие,2026-04-13,2026-04,СПБ,АвтоПрофи,avtoshkola-avtoprofi.ru,Другие,1,0,0,0.0,0.0,,0.0,0,0,0
brandperf-2026-04-13-спб-автосити-2гис,2026-04-13,2026-04,СПБ,АвтоСити,avtoshkola-as.ru · автосити,2ГИС,4,1,0,0.0,0.0,,0.0,0.0,0,0
brandperf-2026-04-13-спб-автосити-seo,2026-04-13,2026-04,СПБ,АвтоСити,avtoshkola-as.ru,SEO,1,1,0,0.0,0.0,,0.0,0.0,0,0
brandperf-2026-04-13-спб-автосити-гугл-карты,2026-04-13,2026-04,СПБ,АвтоСити,avtoshkola-as.ru · автосити,Гугл Карты,4,2,0,0.0,0.0,,0.0,0.0,0,0
brandperf-2026-04-13-спб-автосити-другие,2026-04-13,2026-04,СПБ,АвтоСити,avtoshkola-as.ru · автосити,Другие,17,12,3,201990.0,0.0,,0.0,0.0,0.0,67330.0
brandperf-2026-04-13-спб-автосити-рек-кешбэк,2026-04-13,2026-04,СПБ,АвтоСити,avtoshkola-as.ru,Рек/кешбэк,1,1,0,0.0,0.0,,0.0,0.0,0,0
brandperf-2026-04-13-спб-автосити-яндекс-директ,2026-04-13,2026-04,СПБ,АвтоСити,лучшая-автошкола-спб.рф,Яндекс Директ,27,15,1,29500.0,0.0,,0.0,0.0,0.0,29500.0
brandperf-2026-04-13-спб-автосити-яндекс-карты,2026-04-13,2026-04,СПБ,АвтоСити,avtoshkola-as.ru · автосити,Яндекс Карты,13,4,0,0.0,0.0,,0.0,0.0,0,0
brandperf-2026-04-13-спб-автолэнд-другие,2026-04-13,2026-04,СПБ,Автолэнд,autolandschool.ru,Другие,12,10,3,196970.0,0.0,,0.0,0.0,0.0,65656.67
brandperf-2026-04-13-спб-автолэнд-яндекс-карты,2026-04-13,2026-04,СПБ,Автолэнд,autolandschool.ru,Яндекс Карты,2,2,0,0.0,0.0,,0.0,0.0,0,0
brandperf-2026-04-13-спб-автошкола-100-другие,2026-04-13,2026-04,СПБ,Автошкола 100,автошкола100.рф,Другие,2,0,0,0.0,0.0,,0.0,0,0,0
brandperf-2026-04-13-спб-академика-другие,2026-04-13,2026-04,СПБ,Академика,академика-спб.рф,Другие,7,4,0,0.0,0.0,,0.0,0.0,0,0
brandperf-2026-04-13-спб-виктория-другие,2026-04-13,2026-04,СПБ,Виктория,autoshkola-victoria.ru,Другие,1,0,0,0.0,0.0,,0.0,0,0,0
brandperf-2026-04-13-спб-гермес-яндекс-карты,2026-04-13,2026-04,СПБ,Гермес,hermesrf-spb.ru · гермес,Яндекс Карты,8,3,2,125990.0,0.0,,0.0,0.0,0.0,62995.0
brandperf-2026-04-13-спб-движение-другие,2026-04-13,2026-04,СПБ,Движение,autoshkola-dvijenie.ru,Другие,1,0,0,0.0,0.0,,0.0,0,0,0
brandperf-2026-04-13-спб-заправами-другие,2026-04-13,2026-04,СПБ,ЗаПравами,avtoshkola-zapravami.ru,Другие,1,0,0,0.0,0.0,,0.0,0,0,0
brandperf-2026-04-13-спб-изи-драи-в-2гис,2026-04-13,2026-04,СПБ,Изи Драйв,izidrive.ru · изи-драи-в,2ГИС,9,4,3,133480.0,0.0,,0.0,0.0,0.0,44493.33
brandperf-2026-04-13-спб-изи-драи-в-гугл-карты,2026-04-13,2026-04,СПБ,Изи Драйв,izidrive.ru · изи-драи-в,Гугл Карты,3,2,0,0.0,0.0,,0.0,0.0,0,0
brandperf-2026-04-13-спб-изи-драи-в-другие,2026-04-13,2026-04,СПБ,Изи Драйв,izidrive.ru,Другие,21,14,5,316970.0,0.0,,0.0,0.0,0.0,63394.0
brandperf-2026-04-13-спб-изи-драи-в-яндекс-карты,2026-04-13,2026-04,СПБ,Изи Драйв,izidrive.ru · изи-драи-в,Яндекс Карты,13,2,0,0.0,0.0,,0.0,0.0,0,0
brandperf-2026-04-13-спб-лучшая-автошкола-спб-прямые-визиты,2026-04-13,2026-04,СПБ,Лучшая Автошкола Спб,лучшая-автошкола-спб.рф,Прямые визиты,2,1,0,0.0,0.0,,0.0,0.0,0,0
brandperf-2026-04-13-спб-лучшая-автошкола-спб-яндекс-директ,2026-04-13,2026-04,СПБ,Лучшая Автошкола Спб,лучшая-автошкола-спб.рф,Яндекс Директ,3,3,1,48990.0,0.0,,0.0,0.0,0.0,48990.0
brandperf-2026-04-13-спб-маневр-яндекс-карты,2026-04-13,2026-04,СПБ,Маневр,autoshkola-manevr.ru,Яндекс Карты,1,1,0,0.0,0.0,,0.0,0.0,0,0
brandperf-2026-04-13-спб-пора-за-руль-другие,2026-04-13,2026-04,СПБ,Пора за руль,autoshkola-porazarul.ru · pora-za-rul.ru,Другие,18,11,3,168980.0,0.0,,0.0,0.0,0.0,56326.67
brandperf-2026-04-13-спб-пора-за-руль-яндекс-карты,2026-04-13,2026-04,СПБ,Пора за руль,autoshkola-avtotest.ru · пора-за-руль,Яндекс Карты,2,1,0,0.0,0.0,,0.0,0.0,0,0
brandperf-2026-04-13-спб-ралли-другие,2026-04-13,2026-04,СПБ,Ралли,rallischool.ru,Другие,9,0,0,0.0,0.0,,0.0,0,0,0
brandperf-2026-04-13-спб-рулевои-2гис,2026-04-13,2026-04,СПБ,Рулевой,avtoshkola-rulevoi.ru,2ГИС,1,0,0,0.0,0.0,,0.0,0,0,0
brandperf-2026-04-13-спб-рулевои-другие,2026-04-13,2026-04,СПБ,Рулевой,avtoshkola-rulevoi.ru,Другие,9,5,2,144990.0,0.0,,0.0,0.0,0.0,72495.0
brandperf-2026-04-13-спб-рулевои-яндекс-карты,2026-04-13,2026-04,СПБ,Рулевой,avtoshkola-ruler.ru,Яндекс Карты,1,1,1,29500.0,0.0,,0.0,0.0,0.0,29500.0
brandperf-2026-04-13-спб-студент-другие,2026-04-13,2026-04,СПБ,Студент,avtoshkola-student.ru,Другие,3,1,0,0.0,0.0,,0.0,0.0,0,0
brandperf-2026-04-13-спб-форвард-другие,2026-04-13,2026-04,СПБ,Форвард,avtoshkola-forvard.ru,Другие,1,0,0,0.0,0.0,,0.0,0,0,0
brandperf-2026-04-13-спб-штиль-гугл-карты,2026-04-13,2026-04,СПБ,Штиль,avtoshkola-shtil.ru · штиль,Гугл Карты,2,2,0,0.0,0.0,,0.0,0.0,0,0
brandperf-2026-04-13-спб-штиль-другие,2026-04-13,2026-04,СПБ,Штиль,avtoshkola-shtil.ru,Другие,2,0,0,0.0,0.0,,0.0,0,0,0
brandperf-2026-04-13-спб-ягуар-2гис,2026-04-13,2026-04,СПБ,Ягуар,avtoshkola-yaguarspb.ru,2ГИС,1,1,0,0.0,0.0,,0.0,0.0,0,0
brandperf-2026-04-13-спб-ягуар-другие,2026-04-13,2026-04,СПБ,Ягуар,avtoshkola-yaguarspb.ru,Другие,4,3,0,0.0,0.0,,0.0,0.0,0,0
brandperf-2026-04-20-мск-autonefrit-другие,2026-04-20,2026-04,МСК,Autonefrit,autonefrit.ru,Другие,2,1,0,0.0,0.0,,0.0,0.0,0,0
brandperf-2026-04-20-мск-autonefrit-яндекс-карты,2026-04-20,2026-04,МСК,Autonefrit,autonefrit.ru,Яндекс Карты,2,2,0,0.0,0.0,,0.0,0.0,0,0
brandperf-2026-04-20-мск-bamblbi-другие,2026-04-20,2026-04,МСК,Bamblbi,avtoshkola-bamblbi.ru,Другие,2,2,1,36990.0,0.0,,0.0,0.0,0.0,36990.0
brandperf-2026-04-20-мск-cityavto-2гис,2026-04-20,2026-04,МСК,Cityavto,avtoshkola-cityavto.ru,2ГИС,1,1,0,0.0,0.0,,0.0,0.0,0,0
brandperf-2026-04-20-мск-cityavto-другие,2026-04-20,2026-04,МСК,Cityavto,avtoshkola-cityavto.ru,Другие,2,1,1,36990.0,0.0,,0.0,0.0,0.0,36990.0
brandperf-2026-04-20-мск-mclaren-другие,2026-04-20,2026-04,МСК,McLaren,autoshkola-mclaren.ru,Другие,1,1,0,0.0,0.0,,0.0,0.0,0,0
brandperf-2026-04-20-мск-schoolselect-2гис,2026-04-20,2026-04,МСК,SchoolSelect,schoolselect.ru,2ГИС,1,1,0,0.0,0.0,,0.0,0.0,0,0
brandperf-2026-04-20-мск-schoolselect-seo,2026-04-20,2026-04,МСК,SchoolSelect,schoolselect.ru,SEO,1,0,0,0.0,0.0,,0.0,0,0,0
brandperf-2026-04-20-мск-schoolselect-другие,2026-04-20,2026-04,МСК,SchoolSelect,schoolselect.ru,Другие,7,1,0,0.0,0.0,,0.0,0.0,0,0
brandperf-2026-04-20-мск-schoolselect-прямые-визиты,2026-04-20,2026-04,МСК,SchoolSelect,schoolselect.ru,Прямые визиты,5,4,0,0.0,0.0,,0.0,0.0,0,0
brandperf-2026-04-20-мск-smart-другие,2026-04-20,2026-04,МСК,Smart,avtoshkola-smart.ru,Другие,1,0,0,0.0,0.0,,0.0,0,0,0
brandperf-2026-04-20-мск-virtuoz-другие,2026-04-20,2026-04,МСК,Virtuoz,avtoshkola-virtuoz.ru,Другие,1,1,0,0.0,0.0,,0.0,0.0,0,0
brandperf-2026-04-20-мск-virtuoz-яндекс-карты,2026-04-20,2026-04,МСК,Virtuoz,avtoshkola-virtuoz.ru,Яндекс Карты,1,1,0,0.0,0.0,,0.0,0.0,0,0
brandperf-2026-04-20-мск-zarulemmsk-другие,2026-04-20,2026-04,МСК,Zarulemmsk,avtoshkola-zarulemmsk.ru,Другие,2,1,0,0.0,0.0,,0.0,0.0,0,0
brandperf-2026-04-20-мск-автогуру-другие,2026-04-20,2026-04,МСК,АвтоГуру,autoshkola-guru.ru,Другие,3,1,0,0.0,0.0,,0.0,0.0,0,0
brandperf-2026-04-20-мск-автогуру-яндекс-карты,2026-04-20,2026-04,МСК,АвтоГуру,autoshkola-guru.ru,Яндекс Карты,1,1,0,0.0,0.0,,0.0,0.0,0,0
brandperf-2026-04-20-мск-автодраи-в-2гис,2026-04-20,2026-04,МСК,АвтоДрайв,autodrive.msk.ru · автодраи-в,2ГИС,11,7,1,59500.0,0.0,,0.0,0.0,0.0,59500.0
brandperf-2026-04-20-мск-автодраи-в-другие,2026-04-20,2026-04,МСК,АвтоДрайв,autodrive.msk.ru · автошкола-автодрайв.москва,Другие,16,11,3,99970.0,0.0,,0.0,0.0,0.0,33323.33
brandperf-2026-04-20-мск-автодраи-в-прямые-визиты,2026-04-20,2026-04,МСК,АвтоДрайв,autodrive.msk.ru,Прямые визиты,3,2,0,0.0,0.0,,0.0,0.0,0,0
brandperf-2026-04-20-мск-автодраи-в-яндекс-директ,2026-04-20,2026-04,МСК,АвтоДрайв,autodrive.msk.ru · автодраи-в · автошкола-автодрайв.москва,Яндекс Директ,27,13,1,49500.0,0.0,,0.0,0.0,0.0,49500.0
brandperf-2026-04-20-мск-автодраи-в-яндекс-карты,2026-04-20,2026-04,МСК,АвтоДрайв,autodrive-school.ru · autodrive.msk.ru · автодраи-в,Яндекс Карты,35,13,1,36990.0,0.0,,0.0,0.0,0.0,36990.0
brandperf-2026-04-20-мск-автомск-другие,2026-04-20,2026-04,МСК,АвтоМСК,avtoshkola-avtomsk.ru,Другие,1,1,0,0.0,0.0,,0.0,0.0,0,0
brandperf-2026-04-20-мск-автомск-яндекс-карты,2026-04-20,2026-04,МСК,АвтоМСК,avtoshkola-avtomsk.ru · optimusavtomsk.ru,Яндекс Карты,2,2,0,0.0,0.0,,0.0,0.0,0,0
brandperf-2026-04-20-мск-автомобиль-другие,2026-04-20,2026-04,МСК,АвтоМобиль,avtoshkola-automobil.ru,Другие,3,1,0,0.0,0.0,,0.0,0.0,0,0
brandperf-2026-04-20-мск-автомотокласс-яндекс-карты,2026-04-20,2026-04,МСК,АвтоМотоКласс,avtoshkola-automotoklass.ru,Яндекс Карты,2,2,1,36990.0,0.0,,0.0,0.0,0.0,36990.0
brandperf-2026-04-20-мск-автонева-другие,2026-04-20,2026-04,МСК,АвтоНева,avtoshkola-auto-neva.ru,Другие,2,2,0,0.0,0.0,,0.0,0.0,0,0
brandperf-2026-04-20-мск-автоправо-другие,2026-04-20,2026-04,МСК,АвтоПраво,autoshkola-avtopravo.ru,Другие,16,6,4,150980.0,0.0,,0.0,0.0,0.0,37745.0
brandperf-2026-04-20-мск-автоправо-яндекс-карты,2026-04-20,2026-04,МСК,АвтоПраво,autoshkola-avtopravo.ru · автоправо,Яндекс Карты,13,8,5,253460.0,0.0,,0.0,0.0,0.0,50692.0
brandperf-2026-04-20-мск-автотест-другие,2026-04-20,2026-04,МСК,АвтоТест,autoshkola-avtotest.ru,Другие,3,0,0,0.0,0.0,,0.0,0,0,0
brandperf-2026-04-20-мск-автотест-прямые-визиты,2026-04-20,2026-04,МСК,АвтоТест,autoshkola-avtotest.ru,Прямые визиты,1,0,0,0.0,0.0,,0.0,0,0,0
brandperf-2026-04-20-мск-автотест-яндекс-карты,2026-04-20,2026-04,МСК,АвтоТест,autoshkola-avtotest.ru,Яндекс Карты,2,2,0,0.0,0.0,,0.0,0.0,0,0
brandperf-2026-04-20-мск-алонсо-другие,2026-04-20,2026-04,МСК,Алонсо,avtoshkola-alonso.ru,Другие,1,0,0,0.0,0.0,,0.0,0,0,0
brandperf-2026-04-20-мск-армада-другие,2026-04-20,2026-04,МСК,Армада,avtoshkola-armada.ru,Другие,3,0,0,0.0,0.0,,0.0,0,0,0
brandperf-2026-04-20-мск-атлант-другие,2026-04-20,2026-04,МСК,Атлант,avtoshkola-atlant.ru,Другие,3,1,0,0.0,0.0,,0.0,0.0,0,0
brandperf-2026-04-20-мск-атлант-яндекс-карты,2026-04-20,2026-04,МСК,Атлант,avtoshkola-atlant.ru,Яндекс Карты,2,2,0,0.0,0.0,,0.0,0.0,0,0
brandperf-2026-04-20-мск-велес-другие,2026-04-20,2026-04,МСК,Велес,avtoshkola-veles.ru,Другие,1,1,1,58990.0,0.0,,0.0,0.0,0.0,58990.0
brandperf-2026-04-20-мск-гермес-2гис,2026-04-20,2026-04,МСК,Гермес,hermes-mos.ru · гермес,2ГИС,4,3,3,139480.0,0.0,,0.0,0.0,0.0,46493.33
brandperf-2026-04-20-мск-гермес-другие,2026-04-20,2026-04,МСК,Гермес,hermes-mos.ru,Другие,19,6,4,189980.0,0.0,,0.0,0.0,0.0,47495.0
brandperf-2026-04-20-мск-гермес-прямые-визиты,2026-04-20,2026-04,МСК,Гермес,hermes-mos.ru,Прямые визиты,3,0,0,0.0,0.0,,0.0,0,0,0
brandperf-2026-04-20-мск-гермес-яндекс-карты,2026-04-20,2026-04,МСК,Гермес,hermes-mos.ru · автошкола-автодрайв.москва · гермес,Яндекс Карты,41,27,8,306920.0,0.0,,0.0,0.0,0.0,38365.0
brandperf-2026-04-20-мск-глобал-другие,2026-04-20,2026-04,МСК,Глобал,avtoshkola-global.ru,Другие,1,0,0,0.0,0.0,,0.0,0,0,0
brandperf-2026-04-20-мск-изи-драи-в-2гис,2026-04-20,2026-04,МСК,Изи Драйв,avtoshkola-axel.ru · izidrive.msk.ru · изи-драи-в,2ГИС,4,3,0,0.0,0.0,,0.0,0.0,0,0
brandperf-2026-04-20-мск-изи-драи-в-другие,2026-04-20,2026-04,МСК,Изи Драйв,izidrive.msk.ru,Другие,11,4,1,37990.0,0.0,,0.0,0.0,0.0,37990.0
brandperf-2026-04-20-мск-изи-драи-в-яндекс-директ,2026-04-20,2026-04,МСК,Изи Драйв,2 · izidrive.msk.ru · изи-драи-в,Яндекс Директ,38,18,0,0.0,0.0,,0.0,0.0,0,0
brandperf-2026-04-20-мск-изи-драи-в-яндекс-карты,2026-04-20,2026-04,МСК,Изи Драйв,izidrive.msk.ru,Яндекс Карты,8,7,4,202470.0,0.0,,0.0,0.0,0.0,50617.5
brandperf-2026-04-20-мск-континенталь-другие,2026-04-20,2026-04,МСК,Континенталь,avtoshkola-kontinental.ru,Другие,1,1,0,0.0,0.0,,0.0,0.0,0,0
brandperf-2026-04-20-мск-пора-за-руль-2гис,2026-04-20,2026-04,МСК,Пора за руль,autoshkola-poputi.ru,2ГИС,1,1,0,0.0,0.0,,0.0,0.0,0,0
brandperf-2026-04-20-мск-пора-за-руль-другие,2026-04-20,2026-04,МСК,Пора за руль,autoshkola-poputi.ru · autoshkola-porazarul.ru,Другие,4,1,1,27000.0,0.0,,0.0,0.0,0.0,27000.0
brandperf-2026-04-20-мск-пора-за-руль-прямые-визиты,2026-04-20,2026-04,МСК,Пора за руль,autoshkola-porazarul.ru,Прямые визиты,1,1,0,0.0,0.0,,0.0,0.0,0,0
brandperf-2026-04-20-мск-пора-за-руль-яндекс-карты,2026-04-20,2026-04,МСК,Пора за руль,autoshkola-poputi.ru · autoshkola-porazarul.ru · schoolselect.ru,Яндекс Карты,14,8,6,248450.0,0.0,,0.0,0.0,0.0,41408.33
brandperf-2026-04-20-мск-родос-другие,2026-04-20,2026-04,МСК,Родос,autoshkola-rodos.ru,Другие,4,2,0,0.0,0.0,,0.0,0.0,0,0
brandperf-2026-04-20-мск-родос-яндекс-карты,2026-04-20,2026-04,МСК,Родос,autoshkola-rodos.ru,Яндекс Карты,1,1,0,0.0,0.0,,0.0,0.0,0,0
brandperf-2026-04-20-мск-рулевои-яндекс-директ,2026-04-20,2026-04,МСК,Рулевой,rulevoy-msk.ru,Яндекс Директ,1,0,0,0.0,0.0,,0.0,0,0,0
brandperf-2026-04-20-мск-рулевои-яндекс-карты,2026-04-20,2026-04,МСК,Рулевой,rulevoy-msk.ru,Яндекс Карты,1,0,0,0.0,0.0,,0.0,0,0,0
brandperf-2026-04-20-мск-топгир-2гис,2026-04-20,2026-04,МСК,ТопГир,avtoshkola-tg.ru · топгир,2ГИС,17,6,2,64980.0,0.0,,0.0,0.0,0.0,32490.0
brandperf-2026-04-20-мск-топгир-seo,2026-04-20,2026-04,МСК,ТопГир,avtoshkola-tg.ru,SEO,2,1,0,0.0,0.0,,0.0,0.0,0,0
brandperf-2026-04-20-мск-топгир-гугл-карты,2026-04-20,2026-04,МСК,ТопГир,autoshkola-rodos.ru · avtoshkola-tg.ru,Гугл Карты,5,2,0,0.0,0.0,,0.0,0.0,0,0
brandperf-2026-04-20-мск-топгир-другие,2026-04-20,2026-04,МСК,ТопГир,avtoshkola-tg.ru,Другие,13,6,3,146970.0,0.0,,0.0,0.0,0.0,48990.0
brandperf-2026-04-20-мск-топгир-рек-кешбэк,2026-04-20,2026-04,МСК,ТопГир,avtoshkola-tg.ru,Рек/кешбэк,1,1,0,0.0,0.0,,0.0,0.0,0,0
brandperf-2026-04-20-мск-топгир-яндекс-карты,2026-04-20,2026-04,МСК,ТопГир,avtoshkola-tg.ru · топгир,Яндекс Карты,13,6,2,64980.0,0.0,,0.0,0.0,0.0,32490.0
brandperf-2026-04-20-мск-ученик-другие,2026-04-20,2026-04,МСК,Ученик,avtoshkola-uchenik.ru,Другие,1,0,0,0.0,0.0,,0.0,0,0,0
brandperf-2026-04-20-мск-ученик-яндекс-карты,2026-04-20,2026-04,МСК,Ученик,avtoshkola-uchenik.ru,Яндекс Карты,1,1,0,0.0,0.0,,0.0,0.0,0,0
brandperf-2026-04-20-спб-autopolus-другие,2026-04-20,2026-04,СПБ,Autopolus,avtoshkola-autopolus.ru,Другие,2,0,0,0.0,0.0,,0.0,0,0,0
brandperf-2026-04-20-спб-dream-auto-другие,2026-04-20,2026-04,СПБ,Dream Auto,dreamautoschool.ru,Другие,10,5,0,0.0,0.0,,0.0,0.0,0,0
brandperf-2026-04-20-спб-dream-auto-рек-кешбэк,2026-04-20,2026-04,СПБ,Dream Auto,dreamautoschool.ru,Рек/кешбэк,1,1,1,29500.0,0.0,,0.0,0.0,0.0,29500.0
brandperf-2026-04-20-спб-dream-auto-яндекс-карты,2026-04-20,2026-04,СПБ,Dream Auto,dream-auto · dreamautoschool.ru,Яндекс Карты,5,3,1,65500.0,0.0,,0.0,0.0,0.0,65500.0
brandperf-2026-04-20-спб-faraon-другие,2026-04-20,2026-04,СПБ,Faraon,autoshkola-faraon.ru,Другие,1,0,0,0.0,0.0,,0.0,0,0,0
brandperf-2026-04-20-спб-happydriver-другие,2026-04-20,2026-04,СПБ,Happydriver,avtoshkola-happydriver.ru,Другие,1,0,0,0.0,0.0,,0.0,0,0,0
brandperf-2026-04-20-спб-krossauto-другие,2026-04-20,2026-04,СПБ,Krossauto,avtoshkola-krossauto.ru,Другие,1,0,0,0.0,0.0,,0.0,0,0,0
brandperf-2026-04-20-спб-maximum-другие,2026-04-20,2026-04,СПБ,Maximum,autoshkola-maximum.ru,Другие,1,0,0,0.0,0.0,,0.0,0,0,0
brandperf-2026-04-20-спб-piterdriving-другие,2026-04-20,2026-04,СПБ,Piterdriving,piterdriving.ru,Другие,3,0,0,0.0,0.0,,0.0,0,0,0
brandperf-2026-04-20-спб-praitauto-другие,2026-04-20,2026-04,СПБ,Praitauto,avtoshkola-praitauto.ru,Другие,3,3,0,0.0,0.0,,0.0,0.0,0,0
brandperf-2026-04-20-спб-а-поло-2гис,2026-04-20,2026-04,СПБ,А-Поло,avtoshkola-apolo.ru,2ГИС,1,1,0,0.0,0.0,,0.0,0.0,0,0
brandperf-2026-04-20-спб-а-поло-другие,2026-04-20,2026-04,СПБ,А-Поло,avtoshkola-apolo.ru,Другие,6,0,1,87500.0,0.0,,0.0,0,0.0,87500.0
brandperf-2026-04-20-спб-автобот-другие,2026-04-20,2026-04,СПБ,АвтоБот,avtoshkola-avtobot.ru,Другие,2,2,0,0.0,0.0,,0.0,0.0,0,0
brandperf-2026-04-20-спб-автодраи-в-2гис,2026-04-20,2026-04,СПБ,АвтоДрайв,autodrive-school.ru · автодраи-в · автодрайв.спб.рф,2ГИС,28,11,0,0.0,0.0,,0.0,0.0,0,0
brandperf-2026-04-20-спб-автодраи-в-seo,2026-04-20,2026-04,СПБ,АвтоДрайв,autodrive-school.ru · автодрайв.спб.рф,SEO,2,1,1,65550.0,0.0,,0.0,0.0,0.0,65550.0
brandperf-2026-04-20-спб-автодраи-в-гугл-карты,2026-04-20,2026-04,СПБ,АвтоДрайв,autodrive-school.ru · avtoshkola-apolo.ru · автодраи-в,Гугл Карты,7,1,0,0.0,0.0,,0.0,0.0,0,0
brandperf-2026-04-20-спб-автодраи-в-другие,2026-04-20,2026-04,СПБ,АвтоДрайв,autodrive-school.ru,Другие,20,11,2,95000.0,0.0,,0.0,0.0,0.0,47500.0
brandperf-2026-04-20-спб-автодраи-в-прямые-визиты,2026-04-20,2026-04,СПБ,АвтоДрайв,автодрайв.спб.рф,Прямые визиты,4,1,0,0.0,0.0,,0.0,0.0,0,0
brandperf-2026-04-20-спб-автодраи-в-рек-кешбэк,2026-04-20,2026-04,СПБ,АвтоДрайв,autodrive-school.ru,Рек/кешбэк,2,1,1,60000.0,0.0,,0.0,0.0,0.0,60000.0
brandperf-2026-04-20-спб-автодраи-в-яндекс-директ,2026-04-20,2026-04,СПБ,АвтоДрайв,autodrive-school.ru · автодраи-в · автодрайв.спб.рф,Яндекс Директ,62,20,3,196500.0,0.0,,0.0,0.0,0.0,65500.0
brandperf-2026-04-20-спб-автодраи-в-яндекс-карты,2026-04-20,2026-04,СПБ,АвтоДрайв,autodrive-school.ru · автодраи-в,Яндекс Карты,17,4,1,70990.0,0.0,,0.0,0.0,0.0,70990.0
brandperf-2026-04-20-спб-автоклуб-другие,2026-04-20,2026-04,СПБ,АвтоКлуб,avtoshkola-avtoclub.ru,Другие,5,2,0,0.0,0.0,,0.0,0.0,0,0
brandperf-2026-04-20-спб-автомотокласс-другие,2026-04-20,2026-04,СПБ,АвтоМотоКласс,avtomotospb.ru,Другие,2,1,0,0.0,0.0,,0.0,0.0,0,0
brandperf-2026-04-20-спб-автопрофи-другие,2026-04-20,2026-04,СПБ,АвтоПрофи,avtoshkola-avtoprofi.ru,Другие,9,3,0,0.0,0.0,,0.0,0.0,0,0
brandperf-2026-04-20-спб-автосити-2гис,2026-04-20,2026-04,СПБ,АвтоСити,avtoshkola-as.ru · автосити,2ГИС,4,1,0,0.0,0.0,,0.0,0.0,0,0
brandperf-2026-04-20-спб-автосити-гугл-карты,2026-04-20,2026-04,СПБ,АвтоСити,avtoshkola-as.ru · автосити,Гугл Карты,8,4,3,223990.0,0.0,,0.0,0.0,0.0,74663.33
brandperf-2026-04-20-спб-автосити-другие,2026-04-20,2026-04,СПБ,АвтоСити,avtoshkola-as.ru,Другие,16,12,1,29500.0,0.0,,0.0,0.0,0.0,29500.0
brandperf-2026-04-20-спб-автосити-яндекс-директ,2026-04-20,2026-04,СПБ,АвтоСити,avtoshkola-as.ru · автодрайв.спб.рф · лучшая-автошкола-спб.рф,Яндекс Директ,27,10,1,87500.0,0.0,,0.0,0.0,0.0,87500.0
brandperf-2026-04-20-спб-автосити-яндекс-карты,2026-04-20,2026-04,СПБ,АвтоСити,avtoshkola-as.ru · dreamautoschool.ru · автосити,Яндекс Карты,12,5,1,29500.0,0.0,,0.0,0.0,0.0,29500.0
brandperf-2026-04-20-спб-автотрек-другие,2026-04-20,2026-04,СПБ,АвтоТрек,avtoshkola-autotrack.ru,Другие,1,1,0,0.0,0.0,,0.0,0.0,0,0
brandperf-2026-04-20-спб-автолэнд-другие,2026-04-20,2026-04,СПБ,Автолэнд,autolandschool.ru,Другие,17,9,2,122490.0,0.0,,0.0,0.0,0.0,61245.0
brandperf-2026-04-20-спб-автолэнд-яндекс-карты,2026-04-20,2026-04,СПБ,Автолэнд,autolandschool.ru,Яндекс Карты,2,0,0,0.0,0.0,,0.0,0,0,0
brandperf-2026-04-20-спб-автошкола-100-другие,2026-04-20,2026-04,СПБ,Автошкола 100,автошкола100.рф,Другие,7,1,0,0.0,0.0,,0.0,0.0,0,0
brandperf-2026-04-20-спб-академика-2гис,2026-04-20,2026-04,СПБ,Академика,академика-спб.рф,2ГИС,1,1,0,0.0,0.0,,0.0,0.0,0,0
brandperf-2026-04-20-спб-академика-другие,2026-04-20,2026-04,СПБ,Академика,академика-спб.рф,Другие,6,3,0,0.0,0.0,,0.0,0.0,0,0
brandperf-2026-04-20-спб-виктория-другие,2026-04-20,2026-04,СПБ,Виктория,autoshkola-victoria.ru,Другие,2,1,0,0.0,0.0,,0.0,0.0,0,0
brandperf-2026-04-20-спб-виктория-яндекс-карты,2026-04-20,2026-04,СПБ,Виктория,autoshkola-victoria.ru,Яндекс Карты,1,1,0,0.0,0.0,,0.0,0.0,0,0
brandperf-2026-04-20-спб-гермес-другие,2026-04-20,2026-04,СПБ,Гермес,hermesrf-spb.ru,Другие,5,2,0,0.0,0.0,,0.0,0.0,0,0
brandperf-2026-04-20-спб-гермес-яндекс-карты,2026-04-20,2026-04,СПБ,Гермес,hermesrf-spb.ru · гермес,Яндекс Карты,10,1,0,0.0,0.0,,0.0,0.0,0,0
brandperf-2026-04-20-спб-движение-другие,2026-04-20,2026-04,СПБ,Движение,autoshkola-dvijenie.ru,Другие,4,1,0,0.0,0.0,,0.0,0.0,0,0
brandperf-2026-04-20-спб-движение-яндекс-карты,2026-04-20,2026-04,СПБ,Движение,autoshkola-dvijenie.ru,Яндекс Карты,1,1,0,0.0,0.0,,0.0,0.0,0,0
brandperf-2026-04-20-спб-заправами-другие,2026-04-20,2026-04,СПБ,ЗаПравами,avtoshkola-zapravami.ru,Другие,2,2,0,0.0,0.0,,0.0,0.0,0,0
brandperf-2026-04-20-спб-изи-драи-в-2гис,2026-04-20,2026-04,СПБ,Изи Драйв,izidrive.ru,2ГИС,4,2,1,70990.0,0.0,,0.0,0.0,0.0,70990.0
brandperf-2026-04-20-спб-изи-драи-в-гугл-карты,2026-04-20,2026-04,СПБ,Изи Драйв,avtoshkola-avtoprofi.ru · izidrive.ru · изи-драи-в,Гугл Карты,4,3,0,0.0,0.0,,0.0,0.0,0,0
brandperf-2026-04-20-спб-изи-драи-в-другие,2026-04-20,2026-04,СПБ,Изи Драйв,izidrive.ru,Другие,19,6,2,153000.0,0.0,,0.0,0.0,0.0,76500.0
brandperf-2026-04-20-спб-изи-драи-в-рек-кешбэк,2026-04-20,2026-04,СПБ,Изи Драйв,izidrive.ru,Рек/кешбэк,1,1,0,0.0,0.0,,0.0,0.0,0,0
brandperf-2026-04-20-спб-изи-драи-в-яндекс-карты,2026-04-20,2026-04,СПБ,Изи Драйв,izidrive.ru,Яндекс Карты,6,4,1,65500.0,0.0,,0.0,0.0,0.0,65500.0
brandperf-2026-04-20-спб-колибри-другие,2026-04-20,2026-04,СПБ,Колибри,autoshkola-kolibri.ru,Другие,1,0,0,0.0,0.0,,0.0,0,0,0
brandperf-2026-04-20-спб-колибри-яндекс-карты,2026-04-20,2026-04,СПБ,Колибри,autoshkola-kolibri.ru,Яндекс Карты,1,1,0,0.0,0.0,,0.0,0.0,0,0
brandperf-2026-04-20-спб-лучшая-автошкола-спб-прямые-визиты,2026-04-20,2026-04,СПБ,Лучшая Автошкола Спб,лучшая-автошкола-спб.рф,Прямые визиты,1,0,0,0.0,0.0,,0.0,0,0,0
brandperf-2026-04-20-спб-лучшая-автошкола-спб-яндекс-директ,2026-04-20,2026-04,СПБ,Лучшая Автошкола Спб,лучшая-автошкола-спб.рф,Яндекс Директ,2,0,1,65500.0,0.0,,0.0,0,0.0,65500.0
brandperf-2026-04-20-спб-маневр-другие,2026-04-20,2026-04,СПБ,Маневр,autoshkola-manevr.ru,Другие,7,3,1,70990.0,0.0,,0.0,0.0,0.0,70990.0
brandperf-2026-04-20-спб-маневр-яндекс-карты,2026-04-20,2026-04,СПБ,Маневр,autoshkola-manevr.ru,Яндекс Карты,1,1,0,0.0,0.0,,0.0,0.0,0,0
brandperf-2026-04-20-спб-мираж-другие,2026-04-20,2026-04,СПБ,Мираж,avtoshkola-mirazh.ru,Другие,4,4,2,163980.0,0.0,,0.0,0.0,0.0,81990.0
brandperf-2026-04-20-спб-пора-за-руль-другие,2026-04-20,2026-04,СПБ,Пора за руль,pora-za-rul.ru,Другие,10,5,0,0.0,0.0,,0.0,0.0,0,0
brandperf-2026-04-20-спб-пора-за-руль-яндекс-карты,2026-04-20,2026-04,СПБ,Пора за руль,autoshkola-porazarul.ru · pora-za-rul.ru · пора-за-руль,Яндекс Карты,12,6,1,26990.0,0.0,,0.0,0.0,0.0,26990.0
brandperf-2026-04-20-спб-ралли-другие,2026-04-20,2026-04,СПБ,Ралли,rallischool.ru,Другие,10,2,0,0.0,0.0,,0.0,0.0,0,0
brandperf-2026-04-20-спб-рулевои-2гис,2026-04-20,2026-04,СПБ,Рулевой,avtoshkola-rulevoi.ru,2ГИС,1,1,0,0.0,0.0,,0.0,0.0,0,0
brandperf-2026-04-20-спб-рулевои-другие,2026-04-20,2026-04,СПБ,Рулевой,avtoshkola-ruler.ru · avtoshkola-rulevoi.ru,Другие,5,0,0,0.0,0.0,,0.0,0,0,0
brandperf-2026-04-20-спб-рулевои-яндекс-карты,2026-04-20,2026-04,СПБ,Рулевой,avtoshkola-rulevoi.ru,Яндекс Карты,1,1,0,0.0,0.0,,0.0,0.0,0,0
brandperf-2026-04-20-спб-саи-саи-другие,2026-04-20,2026-04,СПБ,Саи Саи,саи-саи,Другие,1,1,0,0.0,0.0,,0.0,0.0,0,0
brandperf-2026-04-20-спб-студент-другие,2026-04-20,2026-04,СПБ,Студент,avtoshkola-student.ru,Другие,1,0,0,0.0,0.0,,0.0,0,0,0
brandperf-2026-04-20-спб-успех-другие,2026-04-20,2026-04,СПБ,Успех,yspexspb.ru,Другие,1,0,0,0.0,0.0,,0.0,0,0,0
brandperf-2026-04-20-спб-форвард-другие,2026-04-20,2026-04,СПБ,Форвард,avtoshkola-forvard.ru,Другие,3,0,0,0.0,0.0,,0.0,0,0,0
brandperf-2026-04-20-спб-центральная-другие,2026-04-20,2026-04,СПБ,Центральная,autoshkola-centralnaya.ru,Другие,2,0,0,0.0,0.0,,0.0,0,0,0
brandperf-2026-04-20-спб-штиль-другие,2026-04-20,2026-04,СПБ,Штиль,avtoshkola-shtil.ru,Другие,6,2,0,0.0,0.0,,0.0,0.0,0,0
brandperf-2026-04-20-спб-ягуар-другие,2026-04-20,2026-04,СПБ,Ягуар,avtoshkola-yaguarspb.ru,Другие,2,0,0,0.0,0.0,,0.0,0,0,0
brandperf-2026-04-27-мск-autonefrit-другие,2026-04-27,2026-04,МСК,Autonefrit,autonefrit.ru,Другие,2,0,0,0.0,0.0,,0.0,0,0,0
brandperf-2026-04-27-мск-komfort-другие,2026-04-27,2026-04,МСК,Komfort,avtoshkola-komfort.ru,Другие,1,0,0,0.0,0.0,,0.0,0,0,0
brandperf-2026-04-27-мск-mclaren-другие,2026-04-27,2026-04,МСК,McLaren,autoshkola-mclaren.ru,Другие,1,1,0,0.0,0.0,,0.0,0.0,0,0
brandperf-2026-04-27-мск-mclaren-яндекс-карты,2026-04-27,2026-04,МСК,McLaren,autoshkola-mclaren.ru,Яндекс Карты,1,1,0,0.0,0.0,,0.0,0.0,0,0
brandperf-2026-04-27-мск-schoolselect-гугл-карты,2026-04-27,2026-04,МСК,SchoolSelect,schoolselect.ru,Гугл Карты,1,0,0,0.0,0.0,,0.0,0,0,0
brandperf-2026-04-27-мск-schoolselect-другие,2026-04-27,2026-04,МСК,SchoolSelect,schoolselect.ru,Другие,7,3,1,59500.0,0.0,,0.0,0.0,0.0,59500.0
brandperf-2026-04-27-мск-schoolselect-яндекс-карты,2026-04-27,2026-04,МСК,SchoolSelect,schoolselect.ru,Яндекс Карты,2,2,0,0.0,0.0,,0.0,0.0,0,0
brandperf-2026-04-27-мск-versal-другие,2026-04-27,2026-04,МСК,Versal,autoshkola-versal.ru,Другие,1,0,0,0.0,0.0,,0.0,0,0,0
brandperf-2026-04-27-мск-автогуру-другие,2026-04-27,2026-04,МСК,АвтоГуру,autoshkola-guru.ru,Другие,4,0,0,0.0,0.0,,0.0,0,0,0
brandperf-2026-04-27-мск-автодраи-в-2гис,2026-04-27,2026-04,МСК,АвтоДрайв,autodrive.msk.ru · автодраи-в,2ГИС,5,1,1,36990.0,0.0,,0.0,0.0,0.0,36990.0
brandperf-2026-04-27-мск-автодраи-в-seo,2026-04-27,2026-04,МСК,АвтоДрайв,autodrive.msk.ru,SEO,1,1,0,0.0,0.0,,0.0,0.0,0,0
brandperf-2026-04-27-мск-автодраи-в-гугл-карты,2026-04-27,2026-04,МСК,АвтоДрайв,autodrive.msk.ru · avtoshkola-autovek.ru,Гугл Карты,2,1,1,59990.0,0.0,,0.0,0.0,0.0,59990.0
brandperf-2026-04-27-мск-автодраи-в-другие,2026-04-27,2026-04,МСК,АвтоДрайв,autodrive-school.ru · autodrive.msk.ru · автодраи-в,Другие,10,2,1,36990.0,0.0,,0.0,0.0,0.0,36990.0
brandperf-2026-04-27-мск-автодраи-в-прямые-визиты,2026-04-27,2026-04,МСК,АвтоДрайв,autodrive.msk.ru · автошкола-автодрайв.москва,Прямые визиты,3,2,0,0.0,0.0,,0.0,0.0,0,0
brandperf-2026-04-27-мск-автодраи-в-яндекс-директ,2026-04-27,2026-04,МСК,АвтоДрайв,autodrive.msk.ru · автодраи-в · автошкола-автодрайв.москва,Яндекс Директ,13,3,0,0.0,0.0,,0.0,0.0,0,0
brandperf-2026-04-27-мск-автодраи-в-яндекс-карты,2026-04-27,2026-04,МСК,АвтоДрайв,autodrive.msk.ru · автодраи-в,Яндекс Карты,17,9,1,58990.0,0.0,,0.0,0.0,0.0,58990.0
brandperf-2026-04-27-мск-автомск-другие,2026-04-27,2026-04,МСК,АвтоМСК,avtoshkola-avtomsk.ru,Другие,2,2,0,0.0,0.0,,0.0,0.0,0,0
brandperf-2026-04-27-мск-автонева-другие,2026-04-27,2026-04,МСК,АвтоНева,avtoshkola-auto-neva.ru,Другие,3,0,2,73980.0,0.0,,0.0,0,0.0,36990.0
brandperf-2026-04-27-мск-автонева-яндекс-карты,2026-04-27,2026-04,МСК,АвтоНева,avtoshkola-auto-neva.ru,Яндекс Карты,1,1,0,0.0,0.0,,0.0,0.0,0,0
brandperf-2026-04-27-мск-автоправо-2гис,2026-04-27,2026-04,МСК,АвтоПраво,autoshkola-avtopravo.ru,2ГИС,2,1,0,0.0,0.0,,0.0,0.0,0,0
brandperf-2026-04-27-мск-автоправо-прямые-визиты,2026-04-27,2026-04,МСК,АвтоПраво,autoshkola-avtopravo.ru,Прямые визиты,1,0,0,0.0,0.0,,0.0,0,0,0
brandperf-2026-04-27-мск-автоправо-яндекс-карты,2026-04-27,2026-04,МСК,АвтоПраво,autoshkola-avtopravo.ru,Яндекс Карты,1,0,0,0.0,0.0,,0.0,0,0,0
brandperf-2026-04-27-мск-автотест-2гис,2026-04-27,2026-04,МСК,АвтоТест,autoshkola-avtotest.ru,2ГИС,1,1,1,26990.0,0.0,,0.0,0.0,0.0,26990.0
brandperf-2026-04-27-мск-автотест-гугл-карты,2026-04-27,2026-04,МСК,АвтоТест,autoshkola-avtotest.ru,Гугл Карты,1,0,0,0.0,0.0,,0.0,0,0,0
brandperf-2026-04-27-мск-автотест-другие,2026-04-27,2026-04,МСК,АвтоТест,autoshkola-avtotest.ru,Другие,3,1,0,0.0,0.0,,0.0,0.0,0,0
brandperf-2026-04-27-мск-автотест-яндекс-карты,2026-04-27,2026-04,МСК,АвтоТест,autoshkola-avtotest.ru · автотест,Яндекс Карты,4,2,0,0.0,0.0,,0.0,0.0,0,0
brandperf-2026-04-27-мск-армада-другие,2026-04-27,2026-04,МСК,Армада,avtoshkola-armada.ru,Другие,1,1,0,0.0,0.0,,0.0,0.0,0,0
brandperf-2026-04-27-мск-атлант-другие,2026-04-27,2026-04,МСК,Атлант,avtoshkola-atlant.ru,Другие,2,1,0,0.0,0.0,,0.0,0.0,0,0
brandperf-2026-04-27-мск-атлант-яндекс-карты,2026-04-27,2026-04,МСК,Атлант,avtoshkola-atlant.ru,Яндекс Карты,2,2,1,36990.0,0.0,,0.0,0.0,0.0,36990.0
brandperf-2026-04-27-мск-велес-другие,2026-04-27,2026-04,МСК,Велес,avtoshkola-veles.ru,Другие,4,1,0,0.0,0.0,,0.0,0.0,0,0
brandperf-2026-04-27-мск-велес-яндекс-карты,2026-04-27,2026-04,МСК,Велес,avtoshkola-veles.ru,Яндекс Карты,1,1,0,0.0,0.0,,0.0,0.0,0,0
brandperf-2026-04-27-мск-виадук-другие,2026-04-27,2026-04,МСК,Виадук,avtoshkola-viaduk.ru,Другие,3,1,0,0.0,0.0,,0.0,0.0,0,0
brandperf-2026-04-27-мск-гермес-2гис,2026-04-27,2026-04,МСК,Гермес,avtoshkola-tg.ru · hermes-mos.ru · гермес,2ГИС,5,3,1,36990.0,0.0,,0.0,0.0,0.0,36990.0
brandperf-2026-04-27-мск-гермес-seo,2026-04-27,2026-04,МСК,Гермес,hermes-mos.ru,SEO,1,0,0,0.0,0.0,,0.0,0,0,0
brandperf-2026-04-27-мск-гермес-гугл-карты,2026-04-27,2026-04,МСК,Гермес,hermes-mos.ru,Гугл Карты,1,1,0,0.0,0.0,,0.0,0.0,0,0
brandperf-2026-04-27-мск-гермес-другие,2026-04-27,2026-04,МСК,Гермес,hermes-mos.ru,Другие,10,6,1,37990.0,0.0,,0.0,0.0,0.0,37990.0
brandperf-2026-04-27-мск-гермес-прямые-визиты,2026-04-27,2026-04,МСК,Гермес,hermes-mos.ru,Прямые визиты,1,1,0,0.0,0.0,,0.0,0.0,0,0
brandperf-2026-04-27-мск-гермес-яндекс-карты,2026-04-27,2026-04,МСК,Гермес,hermes-mos.ru · гермес,Яндекс Карты,20,8,4,155470.0,0.0,,0.0,0.0,0.0,38867.5
brandperf-2026-04-27-мск-изи-драи-в-2гис,2026-04-27,2026-04,МСК,Изи Драйв,avtoshkola-flagmanmsk.ru,2ГИС,1,0,0,0.0,0.0,,0.0,0,0,0
brandperf-2026-04-27-мск-изи-драи-в-другие,2026-04-27,2026-04,МСК,Изи Драйв,autodrive-school.ru · izidrive.msk.ru · izidrive.ru,Другие,15,5,2,70490.0,0.0,,0.0,0.0,0.0,35245.0
brandperf-2026-04-27-мск-изи-драи-в-яндекс-директ,2026-04-27,2026-04,МСК,Изи Драйв,izidrive.msk.ru · автошкола-автодрайв.москва · изи-драи-в,Яндекс Директ,20,6,1,36990.0,0.0,,0.0,0.0,0.0,36990.0
brandperf-2026-04-27-мск-изи-драи-в-яндекс-карты,2026-04-27,2026-04,МСК,Изи Драйв,izidrive.msk.ru,Яндекс Карты,2,2,2,72980.0,0.0,,0.0,0.0,0.0,36490.0
brandperf-2026-04-27-мск-континенталь-другие,2026-04-27,2026-04,МСК,Континенталь,avtoshkola-kontinental.ru,Другие,2,2,0,0.0,0.0,,0.0,0.0,0,0
brandperf-2026-04-27-мск-ланистер-другие,2026-04-27,2026-04,МСК,Ланистер,autoschkola-lanister.ru,Другие,1,1,0,0.0,0.0,,0.0,0.0,0,0
brandperf-2026-04-27-мск-пора-за-руль-2гис,2026-04-27,2026-04,МСК,Пора за руль,autoshkola-porazarul.ru,2ГИС,1,1,0,0.0,0.0,,0.0,0.0,0,0
brandperf-2026-04-27-мск-пора-за-руль-другие,2026-04-27,2026-04,МСК,Пора за руль,autoshkola-poputi.ru · autoshkola-porazarul.ru,Другие,5,2,1,59500.0,0.0,,0.0,0.0,0.0,59500.0
brandperf-2026-04-27-мск-пора-за-руль-яндекс-карты,2026-04-27,2026-04,МСК,Пора за руль,autoshkola-porazarul.ru · пора-за-руль,Яндекс Карты,8,4,1,36990.0,0.0,,0.0,0.0,0.0,36990.0
brandperf-2026-04-27-мск-рулевои-другие,2026-04-27,2026-04,МСК,Рулевой,avtoshkola-rul.ru · rulevoy-msk.ru,Другие,5,1,0,0.0,0.0,,0.0,0.0,0,0
brandperf-2026-04-27-мск-рулевои-яндекс-карты,2026-04-27,2026-04,МСК,Рулевой,avtoshkola-rul.ru,Яндекс Карты,1,0,1,58990.0,0.0,,0.0,0,0.0,58990.0
brandperf-2026-04-27-мск-топгир-2гис,2026-04-27,2026-04,МСК,ТопГир,avtoshkola-tg.ru · топгир,2ГИС,6,2,1,26900.0,0.0,,0.0,0.0,0.0,26900.0
brandperf-2026-04-27-мск-топгир-гугл-карты,2026-04-27,2026-04,МСК,ТопГир,avtoshkola-tg.ru · топгир,Гугл Карты,6,4,1,36990.0,0.0,,0.0,0.0,0.0,36990.0
brandperf-2026-04-27-мск-топгир-другие,2026-04-27,2026-04,МСК,ТопГир,avtoshkola-tg.ru,Другие,4,1,0,0.0,0.0,,0.0,0.0,0,0
brandperf-2026-04-27-мск-топгир-рек-кешбэк,2026-04-27,2026-04,МСК,ТопГир,avtoshkola-tg.ru,Рек/кешбэк,1,0,0,0.0,0.0,,0.0,0,0,0
brandperf-2026-04-27-мск-топгир-яндекс-карты,2026-04-27,2026-04,МСК,ТопГир,avtoshkola-tg.ru,Яндекс Карты,6,3,1,49500.0,0.0,,0.0,0.0,0.0,49500.0
brandperf-2026-04-27-мск-ученик-другие,2026-04-27,2026-04,МСК,Ученик,avtoshkola-uchenik.ru,Другие,2,0,0,0.0,0.0,,0.0,0,0,0
brandperf-2026-04-27-мск-флагман-другие,2026-04-27,2026-04,МСК,Флагман,avtoshkola-flagmanmsk.ru,Другие,1,0,0,0.0,0.0,,0.0,0,0,0
brandperf-2026-04-27-мск-я-другие,2026-04-27,2026-04,МСК,Я,я,Другие,1,0,1,59990.0,0.0,,0.0,0,0.0,59990.0
brandperf-2026-04-27-спб-automotors-другие,2026-04-27,2026-04,СПБ,Automotors,avtoshkola-automotors.ru,Другие,1,0,0,0.0,0.0,,0.0,0,0,0
brandperf-2026-04-27-спб-dream-auto-другие,2026-04-27,2026-04,СПБ,Dream Auto,dreamautoschool.ru,Другие,5,2,1,65500.0,0.0,,0.0,0.0,0.0,65500.0
brandperf-2026-04-27-спб-dream-auto-яндекс-карты,2026-04-27,2026-04,СПБ,Dream Auto,dream-auto · dreamautoschool.ru · академика-спб.рф,Яндекс Карты,5,2,0,0.0,0.0,,0.0,0.0,0,0
brandperf-2026-04-27-спб-extra-другие,2026-04-27,2026-04,СПБ,Extra,avtoshkola-extra.ru,Другие,1,0,0,0.0,0.0,,0.0,0,0,0
brandperf-2026-04-27-спб-krossauto-другие,2026-04-27,2026-04,СПБ,Krossauto,avtoshkola-krossauto.ru,Другие,2,0,0,0.0,0.0,,0.0,0,0,0
brandperf-2026-04-27-спб-motor-другие,2026-04-27,2026-04,СПБ,Motor,avtoshkola-motor.ru,Другие,1,0,0,0.0,0.0,,0.0,0,0,0
brandperf-2026-04-27-спб-piterdriving-другие,2026-04-27,2026-04,СПБ,Piterdriving,piterdriving.ru,Другие,1,0,0,0.0,0.0,,0.0,0,0,0
brandperf-2026-04-27-спб-а-поло-гугл-карты,2026-04-27,2026-04,СПБ,А-Поло,avtoshkola-apolo.ru,Гугл Карты,1,1,1,71900.0,0.0,,0.0,0.0,0.0,71900.0
brandperf-2026-04-27-спб-а-поло-другие,2026-04-27,2026-04,СПБ,А-Поло,avtoshkola-apolo.ru,Другие,3,2,0,0.0,0.0,,0.0,0.0,0,0
brandperf-2026-04-27-спб-а-поло-яндекс-карты,2026-04-27,2026-04,СПБ,А-Поло,avtoshkola-apolo.ru,Яндекс Карты,1,1,1,65500.0,0.0,,0.0,0.0,0.0,65500.0
brandperf-2026-04-27-спб-автодраи-в-2гис,2026-04-27,2026-04,СПБ,АвтоДрайв,autodrive-school.ru · avtoshkola-avtoprofi.ru · автодраи-в,2ГИС,15,4,1,70990.0,0.0,,0.0,0.0,0.0,70990.0
brandperf-2026-04-27-спб-автодраи-в-другие,2026-04-27,2026-04,СПБ,АвтоДрайв,autodrive-school.ru · автодрайв.спб.рф,Другие,20,7,2,141990.0,0.0,,0.0,0.0,0.0,70995.0
brandperf-2026-04-27-спб-автодраи-в-прямые-визиты,2026-04-27,2026-04,СПБ,АвтоДрайв,autodrive-school.ru · автодрайв.спб.рф,Прямые визиты,5,3,1,65500.0,0.0,,0.0,0.0,0.0,65500.0
brandperf-2026-04-27-спб-автодраи-в-яндекс-директ,2026-04-27,2026-04,СПБ,АвтоДрайв,autodrive-school.ru · автодраи-в · автодрайв.спб.рф,Яндекс Директ,30,12,1,62000.0,0.0,,0.0,0.0,0.0,62000.0
brandperf-2026-04-27-спб-автодраи-в-яндекс-карты,2026-04-27,2026-04,СПБ,АвтоДрайв,autodrive-school.ru · автодраи-в · автодрайв.спб.рф,Яндекс Карты,12,3,0,0.0,0.0,,0.0,0.0,0,0
brandperf-2026-04-27-спб-автоклуб-другие,2026-04-27,2026-04,СПБ,АвтоКлуб,avtoshkola-avtoclub.ru,Другие,4,2,0,0.0,0.0,,0.0,0.0,0,0
brandperf-2026-04-27-спб-автомотокласс-другие,2026-04-27,2026-04,СПБ,АвтоМотоКласс,avtomotospb.ru,Другие,2,1,0,0.0,0.0,,0.0,0.0,0,0
brandperf-2026-04-27-спб-автопрофи-другие,2026-04-27,2026-04,СПБ,АвтоПрофи,avtoshkola-avtoprofi.ru,Другие,5,2,1,87500.0,0.0,,0.0,0.0,0.0,87500.0
brandperf-2026-04-27-спб-автопрофи-яндекс-карты,2026-04-27,2026-04,СПБ,АвтоПрофи,avtoshkola-avtoprofi.ru,Яндекс Карты,1,1,0,0.0,0.0,,0.0,0.0,0,0
brandperf-2026-04-27-спб-автосити-2гис,2026-04-27,2026-04,СПБ,АвтоСити,avtoshkola-as.ru · автосити,2ГИС,5,1,0,0.0,0.0,,0.0,0.0,0,0
brandperf-2026-04-27-спб-автосити-гугл-карты,2026-04-27,2026-04,СПБ,АвтоСити,avtoshkola-as.ru,Гугл Карты,1,0,0,0.0,0.0,,0.0,0,0,0
brandperf-2026-04-27-спб-автосити-другие,2026-04-27,2026-04,СПБ,АвтоСити,avtoshkola-as.ru,Другие,19,9,1,62000.0,0.0,,0.0,0.0,0.0,62000.0
brandperf-2026-04-27-спб-автосити-яндекс-директ,2026-04-27,2026-04,СПБ,АвтоСити,avtoshkola-as.ru · автодрайв.спб.рф · лучшая-автошкола-спб.рф,Яндекс Директ,17,8,0,0.0,0.0,,0.0,0.0,0,0
brandperf-2026-04-27-спб-автосити-яндекс-карты,2026-04-27,2026-04,СПБ,АвтоСити,avtoshkola-as.ru · автосити,Яндекс Карты,4,2,0,0.0,0.0,,0.0,0.0,0,0
brandperf-2026-04-27-спб-автотрек-другие,2026-04-27,2026-04,СПБ,АвтоТрек,avtoshkola-autotrack.ru,Другие,1,1,1,71000.0,0.0,,0.0,0.0,0.0,71000.0
brandperf-2026-04-27-спб-автолэнд-seo,2026-04-27,2026-04,СПБ,Автолэнд,autolandschool.ru,SEO,2,0,0,0.0,0.0,,0.0,0,0,0
brandperf-2026-04-27-спб-автолэнд-другие,2026-04-27,2026-04,СПБ,Автолэнд,autolandschool.ru,Другие,10,5,1,70990.0,0.0,,0.0,0.0,0.0,70990.0
brandperf-2026-04-27-спб-автолэнд-яндекс-карты,2026-04-27,2026-04,СПБ,Автолэнд,autolandschool.ru,Яндекс Карты,4,2,1,65500.0,0.0,,0.0,0.0,0.0,65500.0
brandperf-2026-04-27-спб-автошкола-100-другие,2026-04-27,2026-04,СПБ,Автошкола 100,автошкола100.рф,Другие,3,0,0,0.0,0.0,,0.0,0,0,0
brandperf-2026-04-27-спб-академика-другие,2026-04-27,2026-04,СПБ,Академика,академика-спб.рф,Другие,5,0,0,0.0,0.0,,0.0,0,0,0
brandperf-2026-04-27-спб-виктория-другие,2026-04-27,2026-04,СПБ,Виктория,autoshkola-victoria.ru,Другие,2,1,0,0.0,0.0,,0.0,0.0,0,0
brandperf-2026-04-27-спб-гермес-другие,2026-04-27,2026-04,СПБ,Гермес,hermesrf-spb.ru,Другие,2,0,0,0.0,0.0,,0.0,0,0,0
brandperf-2026-04-27-спб-гермес-яндекс-карты,2026-04-27,2026-04,СПБ,Гермес,autolandschool.ru · avtoshkola-student.ru · hermesrf-spb.ru,Яндекс Карты,8,2,0,0.0,0.0,,0.0,0.0,0,0
brandperf-2026-04-27-спб-заправами-другие,2026-04-27,2026-04,СПБ,ЗаПравами,avtoshkola-zapravami.ru,Другие,1,1,1,86500.0,0.0,,0.0,0.0,0.0,86500.0
brandperf-2026-04-27-спб-изи-драи-в-2гис,2026-04-27,2026-04,СПБ,Изи Драйв,izidrive.ru · изи-драи-в,2ГИС,7,2,0,0.0,0.0,,0.0,0.0,0,0
brandperf-2026-04-27-спб-изи-драи-в-seo,2026-04-27,2026-04,СПБ,Изи Драйв,izidrive.ru,SEO,1,1,1,71000.0,0.0,,0.0,0.0,0.0,71000.0
brandperf-2026-04-27-спб-изи-драи-в-гугл-карты,2026-04-27,2026-04,СПБ,Изи Драйв,изи-драи-в,Гугл Карты,1,0,0,0.0,0.0,,0.0,0,0,0
brandperf-2026-04-27-спб-изи-драи-в-другие,2026-04-27,2026-04,СПБ,Изи Драйв,izidrive.ru,Другие,12,9,3,224000.0,0.0,,0.0,0.0,0.0,74666.67
brandperf-2026-04-27-спб-изи-драи-в-яндекс-карты,2026-04-27,2026-04,СПБ,Изи Драйв,izidrive.ru · изи-драи-в,Яндекс Карты,2,1,1,65500.0,0.0,,0.0,0.0,0.0,65500.0
brandperf-2026-04-27-спб-колибри-другие,2026-04-27,2026-04,СПБ,Колибри,autoshkola-kolibri.ru,Другие,2,0,0,0.0,0.0,,0.0,0,0,0
brandperf-2026-04-27-спб-лучшая-автошкола-спб-прямые-визиты,2026-04-27,2026-04,СПБ,Лучшая Автошкола Спб,лучшая-автошкола-спб.рф,Прямые визиты,1,0,0,0.0,0.0,,0.0,0,0,0
brandperf-2026-04-27-спб-маневр-другие,2026-04-27,2026-04,СПБ,Маневр,autoshkola-manevr.ru,Другие,2,2,0,0.0,0.0,,0.0,0.0,0,0
brandperf-2026-04-27-спб-мираж-другие,2026-04-27,2026-04,СПБ,Мираж,avtoshkola-mirazh.ru,Другие,6,2,0,0.0,0.0,,0.0,0.0,0,0
brandperf-2026-04-27-спб-пора-за-руль-другие,2026-04-27,2026-04,СПБ,Пора за руль,autoshkola-porazarul.ru · pora-za-rul.ru,Другие,4,2,2,131000.0,0.0,,0.0,0.0,0.0,65500.0
brandperf-2026-04-27-спб-пора-за-руль-яндекс-карты,2026-04-27,2026-04,СПБ,Пора за руль,autoshkola-avtopravo.ru · autoshkola-porazarul.ru · pora-za-rul.ru,Яндекс Карты,6,3,1,26990.0,0.0,,0.0,0.0,0.0,26990.0
brandperf-2026-04-27-спб-ралли-другие,2026-04-27,2026-04,СПБ,Ралли,rallischool.ru,Другие,2,1,1,65500.0,0.0,,0.0,0.0,0.0,65500.0
brandperf-2026-04-27-спб-рулевои-2гис,2026-04-27,2026-04,СПБ,Рулевой,avtoshkola-rulevoi.ru,2ГИС,1,0,0,0.0,0.0,,0.0,0,0,0
brandperf-2026-04-27-спб-рулевои-другие,2026-04-27,2026-04,СПБ,Рулевой,avtoshkola-rulevoi.ru,Другие,10,1,0,0.0,0.0,,0.0,0.0,0,0
brandperf-2026-04-27-спб-успех-другие,2026-04-27,2026-04,СПБ,Успех,yspexspb.ru,Другие,1,1,0,0.0,0.0,,0.0,0.0,0,0
brandperf-2026-04-27-спб-штиль-гугл-карты,2026-04-27,2026-04,СПБ,Штиль,avtoshkola-shtil.ru,Гугл Карты,2,0,0,0.0,0.0,,0.0,0,0,0
brandperf-2026-04-27-спб-штиль-другие,2026-04-27,2026-04,СПБ,Штиль,avtoshkola-shtil.ru,Другие,4,1,1,65500.0,0.0,,0.0,0.0,0.0,65500.0
brandperf-2026-04-27-спб-ягуар-другие,2026-04-27,2026-04,СПБ,Ягуар,avtoshkola-yaguarspb.ru,Другие,2,1,0,0.0,0.0,,0.0,0.0,0,0
brandperf-2026-05-01-мск-autonefrit-другие,2026-05-01,2026-05,МСК,Autonefrit,autonefrit.ru,Другие,1,1,0,0.0,0.0,,0.0,0.0,0,0
brandperf-2026-05-01-мск-aventa-другие,2026-05-01,2026-05,МСК,Aventa,autoshkola-aventa.ru,Другие,1,1,1,37990.0,0.0,,0.0,0.0,0.0,37990.0
brandperf-2026-05-01-мск-bamblbi-другие,2026-05-01,2026-05,МСК,Bamblbi,avtoshkola-bamblbi.ru,Другие,1,0,0,0.0,0.0,,0.0,0,0,0
brandperf-2026-05-01-мск-schoolselect-seo,2026-05-01,2026-05,МСК,SchoolSelect,schoolselect.ru,SEO,1,0,0,0.0,0.0,,0.0,0,0,0
brandperf-2026-05-01-мск-schoolselect-прямые-визиты,2026-05-01,2026-05,МСК,SchoolSelect,schoolselect.ru,Прямые визиты,1,0,0,0.0,0.0,,0.0,0,0,0
brandperf-2026-05-01-мск-автогуру-другие,2026-05-01,2026-05,МСК,АвтоГуру,autoshkola-guru.ru,Другие,2,1,0,0.0,0.0,,0.0,0.0,0,0
brandperf-2026-05-01-мск-автодраи-в-гугл-карты,2026-05-01,2026-05,МСК,АвтоДрайв,autodrive.msk.ru,Гугл Карты,1,1,0,0.0,0.0,,0.0,0.0,0,0
brandperf-2026-05-01-мск-автодраи-в-другие,2026-05-01,2026-05,МСК,АвтоДрайв,autodrive.msk.ru,Другие,4,2,1,58990.0,0.0,,0.0,0.0,0.0,58990.0
brandperf-2026-05-01-мск-автодраи-в-яндекс-директ,2026-05-01,2026-05,МСК,АвтоДрайв,автодраи-в · автошкола-автодрайв.москва,Яндекс Директ,3,1,0,0.0,0.0,,0.0,0.0,0,0
brandperf-2026-05-01-мск-автодраи-в-яндекс-карты,2026-05-01,2026-05,МСК,АвтоДрайв,autodrive-school.ru · autodrive.msk.ru · автодраи-в,Яндекс Карты,11,9,1,36990.0,0.0,,0.0,0.0,0.0,36990.0
brandperf-2026-05-01-мск-автомобиль-другие,2026-05-01,2026-05,МСК,АвтоМобиль,avtoshkola-automobil.ru,Другие,2,1,0,0.0,0.0,,0.0,0.0,0,0
brandperf-2026-05-01-мск-автоправо-другие,2026-05-01,2026-05,МСК,АвтоПраво,autoshkola-avtopravo.ru,Другие,3,1,0,0.0,0.0,,0.0,0.0,0,0
brandperf-2026-05-01-мск-автоправо-яндекс-карты,2026-05-01,2026-05,МСК,АвтоПраво,autoshkola-avtopravo.ru,Яндекс Карты,1,1,1,58990.0,0.0,,0.0,0.0,0.0,58990.0
brandperf-2026-05-01-мск-автотест-другие,2026-05-01,2026-05,МСК,АвтоТест,autoshkola-avtotest.ru,Другие,4,1,0,0.0,0.0,,0.0,0.0,0,0
brandperf-2026-05-01-мск-автотест-яндекс-карты,2026-05-01,2026-05,МСК,АвтоТест,autoshkola-avtotest.ru,Яндекс Карты,2,1,0,0.0,0.0,,0.0,0.0,0,0
brandperf-2026-05-01-мск-алонсо-другие,2026-05-01,2026-05,МСК,Алонсо,avtoshkola-alonso.ru,Другие,1,1,1,58990.0,0.0,,0.0,0.0,0.0,58990.0
brandperf-2026-05-01-мск-армада-другие,2026-05-01,2026-05,МСК,Армада,avtoshkola-armada.ru,Другие,2,2,1,58990.0,0.0,,0.0,0.0,0.0,58990.0
brandperf-2026-05-01-мск-атлант-другие,2026-05-01,2026-05,МСК,Атлант,avtoshkola-atlant.ru,Другие,1,1,0,0.0,0.0,,0.0,0.0,0,0
brandperf-2026-05-01-мск-гермес-2гис,2026-05-01,2026-05,МСК,Гермес,hermes-mos.ru,2ГИС,4,1,0,0.0,0.0,,0.0,0.0,0,0
brandperf-2026-05-01-мск-гермес-другие,2026-05-01,2026-05,МСК,Гермес,hermes-mos.ru,Другие,5,3,2,74980.0,0.0,,0.0,0.0,0.0,37490.0
brandperf-2026-05-01-мск-гермес-яндекс-карты,2026-05-01,2026-05,МСК,Гермес,hermes-mos.ru · гермес,Яндекс Карты,9,7,1,36990.0,0.0,,0.0,0.0,0.0,36990.0
brandperf-2026-05-01-мск-изи-драи-в-другие,2026-05-01,2026-05,МСК,Изи Драйв,izidrive.msk.ru,Другие,6,2,2,88490.0,0.0,,0.0,0.0,0.0,44245.0
brandperf-2026-05-01-мск-изи-драи-в-яндекс-директ,2026-05-01,2026-05,МСК,Изи Драйв,изи-драйв.рф,Яндекс Директ,22,11,3,168390.0,0.0,,0.0,0.0,0.0,56130.0
brandperf-2026-05-01-мск-континенталь-другие,2026-05-01,2026-05,МСК,Континенталь,avtoshkola-kontinental.ru,Другие,1,0,0,0.0,0.0,,0.0,0,0,0
brandperf-2026-05-01-мск-ланистер-другие,2026-05-01,2026-05,МСК,Ланистер,autoschkola-lanister.ru,Другие,1,1,0,0.0,0.0,,0.0,0.0,0,0
brandperf-2026-05-01-мск-пора-за-руль-другие,2026-05-01,2026-05,МСК,Пора за руль,autoshkola-poputi.ru,Другие,1,1,0,0.0,0.0,,0.0,0.0,0,0
brandperf-2026-05-01-мск-пора-за-руль-прямые-визиты,2026-05-01,2026-05,МСК,Пора за руль,autoshkola-porazarul.ru,Прямые визиты,1,1,0,0.0,0.0,,0.0,0.0,0,0
brandperf-2026-05-01-мск-пора-за-руль-рек-кешбэк,2026-05-01,2026-05,МСК,Пора за руль,autoshkola-porazarul.ru,Рек/кешбэк,1,1,1,36000.0,0.0,,0.0,0.0,0.0,36000.0
brandperf-2026-05-01-мск-пора-за-руль-яндекс-карты,2026-05-01,2026-05,МСК,Пора за руль,autoshkola-porazarul.ru,Яндекс Карты,2,2,1,36990.0,0.0,,0.0,0.0,0.0,36990.0
brandperf-2026-05-01-мск-рулевои-другие,2026-05-01,2026-05,МСК,Рулевой,avtoshkola-rul.ru,Другие,1,0,0,0.0,0.0,,0.0,0,0,0
brandperf-2026-05-01-мск-топгир-2гис,2026-05-01,2026-05,МСК,ТопГир,avtoshkola-tg.ru · izidrive.msk.ru,2ГИС,4,1,0,0.0,0.0,,0.0,0.0,0,0
brandperf-2026-05-01-мск-топгир-гугл-карты,2026-05-01,2026-05,МСК,ТопГир,avtoshkola-tg.ru · топгир,Гугл Карты,5,1,2,95980.0,0.0,,0.0,0.0,0.0,47990.0
brandperf-2026-05-01-мск-топгир-другие,2026-05-01,2026-05,МСК,ТопГир,avtoshkola-tg.ru,Другие,4,2,1,26990.0,0.0,,0.0,0.0,0.0,26990.0
brandperf-2026-05-01-мск-топгир-рек-кешбэк,2026-05-01,2026-05,МСК,ТопГир,avtoshkola-tg.ru,Рек/кешбэк,1,0,0,0.0,0.0,,0.0,0,0,0
brandperf-2026-05-01-мск-топгир-яндекс-карты,2026-05-01,2026-05,МСК,ТопГир,avtoshkola-tg.ru · топгир,Яндекс Карты,7,3,0,0.0,0.0,,0.0,0.0,0,0
brandperf-2026-05-01-мск-флагман-прямые-визиты,2026-05-01,2026-05,МСК,Флагман,avtoshkola-flagmanmsk.ru,Прямые визиты,1,1,0,0.0,0.0,,0.0,0.0,0,0
brandperf-2026-05-01-спб-dream-auto-другие,2026-05-01,2026-05,СПБ,Dream Auto,dreamautoschool.ru,Другие,1,1,0,0.0,0.0,,0.0,0.0,0,0
brandperf-2026-05-01-спб-dream-auto-яндекс-карты,2026-05-01,2026-05,СПБ,Dream Auto,академика-спб.рф,Яндекс Карты,1,1,0,0.0,0.0,,0.0,0.0,0,0
brandperf-2026-05-01-спб-krossauto-другие,2026-05-01,2026-05,СПБ,Krossauto,avtoshkola-krossauto.ru,Другие,1,0,0,0.0,0.0,,0.0,0,0,0
brandperf-2026-05-01-спб-streetdrive-другие,2026-05-01,2026-05,СПБ,Streetdrive,avtoshkola-streetdrive.ru,Другие,1,1,1,65500.0,0.0,,0.0,0.0,0.0,65500.0
brandperf-2026-05-01-спб-а-поло-другие,2026-05-01,2026-05,СПБ,А-Поло,avtoshkola-apolo.ru,Другие,1,0,0,0.0,0.0,,0.0,0,0,0
brandperf-2026-05-01-спб-автодраи-в-2гис,2026-05-01,2026-05,СПБ,АвтоДрайв,autodrive-school.ru · autodrive.msk.ru · avtoshkola-rulevoi.ru,2ГИС,8,6,1,70990.0,0.0,,0.0,0.0,0.0,70990.0
brandperf-2026-05-01-спб-автодраи-в-гугл-карты,2026-05-01,2026-05,СПБ,АвтоДрайв,autodrive-school.ru,Гугл Карты,1,0,0,0.0,0.0,,0.0,0,0,0
brandperf-2026-05-01-спб-автодраи-в-прямые-визиты,2026-05-01,2026-05,СПБ,АвтоДрайв,автодрайв.спб.рф,Прямые визиты,3,0,0,0.0,0.0,,0.0,0,0,0
brandperf-2026-05-01-спб-автодраи-в-яндекс-директ,2026-05-01,2026-05,СПБ,АвтоДрайв,autodrive-school.ru · avtoshkola-artdrive.ru · автодраи-в,Яндекс Директ,14,4,0,0.0,0.0,,0.0,0.0,0,0
brandperf-2026-05-01-спб-автодраи-в-яндекс-карты,2026-05-01,2026-05,СПБ,АвтоДрайв,autodrive-school.ru · автодраи-в,Яндекс Карты,3,0,0,0.0,0.0,,0.0,0,0,0
brandperf-2026-05-01-спб-автоклуб-другие,2026-05-01,2026-05,СПБ,АвтоКлуб,avtoshkola-avtoclub.ru,Другие,1,1,0,0.0,0.0,,0.0,0.0,0,0
brandperf-2026-05-01-спб-автомотокласс-другие,2026-05-01,2026-05,СПБ,АвтоМотоКласс,avtomotospb.ru,Другие,3,2,0,0.0,0.0,,0.0,0.0,0,0
brandperf-2026-05-01-спб-автопрофи-другие,2026-05-01,2026-05,СПБ,АвтоПрофи,avtoshkola-avtoprofi.ru,Другие,2,0,0,0.0,0.0,,0.0,0,0,0
brandperf-2026-05-01-спб-автосити-2гис,2026-05-01,2026-05,СПБ,АвтоСити,автосити,2ГИС,1,0,0,0.0,0.0,,0.0,0,0,0
brandperf-2026-05-01-спб-автосити-гугл-карты,2026-05-01,2026-05,СПБ,АвтоСити,izidrive.ru,Гугл Карты,1,1,0,0.0,0.0,,0.0,0.0,0,0
brandperf-2026-05-01-спб-автосити-другие,2026-05-01,2026-05,СПБ,АвтоСити,avtoshkola-as.ru,Другие,6,5,0,0.0,0.0,,0.0,0.0,0,0
brandperf-2026-05-01-спб-автосити-яндекс-директ,2026-05-01,2026-05,СПБ,АвтоСити,avtoshkola-as.ru · izidrive.ru · лучшая-автошкола-спб.рф,Яндекс Директ,14,8,0,0.0,0.0,,0.0,0.0,0,0
brandperf-2026-05-01-спб-автосити-яндекс-карты,2026-05-01,2026-05,СПБ,АвтоСити,avtoshkola-as.ru,Яндекс Карты,2,2,1,65500.0,0.0,,0.0,0.0,0.0,65500.0
brandperf-2026-05-01-спб-автолэнд-другие,2026-05-01,2026-05,СПБ,Автолэнд,autolandschool.ru,Другие,4,0,0,0.0,0.0,,0.0,0,0,0
brandperf-2026-05-01-спб-академика-другие,2026-05-01,2026-05,СПБ,Академика,академика-спб.рф,Другие,3,2,0,0.0,0.0,,0.0,0.0,0,0
brandperf-2026-05-01-спб-виктория-другие,2026-05-01,2026-05,СПБ,Виктория,autoshkola-victoria.ru,Другие,1,0,0,0.0,0.0,,0.0,0,0,0
brandperf-2026-05-01-спб-гермес-другие,2026-05-01,2026-05,СПБ,Гермес,hermesrf-spb.ru,Другие,2,0,0,0.0,0.0,,0.0,0,0,0
brandperf-2026-05-01-спб-гермес-яндекс-карты,2026-05-01,2026-05,СПБ,Гермес,hermesrf-spb.ru,Яндекс Карты,1,1,0,0.0,0.0,,0.0,0.0,0,0
brandperf-2026-05-01-спб-движение-другие,2026-05-01,2026-05,СПБ,Движение,autoshkola-dvijenie.ru,Другие,1,1,0,0.0,0.0,,0.0,0.0,0,0
brandperf-2026-05-01-спб-изи-драи-в-гугл-карты,2026-05-01,2026-05,СПБ,Изи Драйв,izidrive.msk.ru · izidrive.ru,Гугл Карты,2,2,0,0.0,0.0,,0.0,0.0,0,0
brandperf-2026-05-01-спб-изи-драи-в-другие,2026-05-01,2026-05,СПБ,Изи Драйв,izidrive.ru,Другие,8,4,1,87500.0,0.0,,0.0,0.0,0.0,87500.0
brandperf-2026-05-01-спб-изи-драи-в-яндекс-карты,2026-05-01,2026-05,СПБ,Изи Драйв,izidrive.msk.ru,Яндекс Карты,1,1,0,0.0,0.0,,0.0,0.0,0,0
brandperf-2026-05-01-спб-колибри-яндекс-карты,2026-05-01,2026-05,СПБ,Колибри,autoshkola-kolibri.ru,Яндекс Карты,2,2,1,87500.0,0.0,,0.0,0.0,0.0,87500.0
brandperf-2026-05-01-спб-мираж-другие,2026-05-01,2026-05,СПБ,Мираж,avtoshkola-mirazh.ru,Другие,1,0,0,0.0,0.0,,0.0,0,0,0
brandperf-2026-05-01-спб-мираж-яндекс-карты,2026-05-01,2026-05,СПБ,Мираж,avtoshkola-mirazh.ru,Яндекс Карты,1,1,0,0.0,0.0,,0.0,0.0,0,0
brandperf-2026-05-01-спб-пора-за-руль-другие,2026-05-01,2026-05,СПБ,Пора за руль,pora-za-rul.ru,Другие,6,3,2,95000.0,0.0,,0.0,0.0,0.0,47500.0
brandperf-2026-05-01-спб-пора-за-руль-яндекс-карты,2026-05-01,2026-05,СПБ,Пора за руль,autodrive-school.ru · autoshkola-porazarul.ru,Яндекс Карты,4,2,0,0.0,0.0,,0.0,0.0,0,0
brandperf-2026-05-01-спб-рулевои-другие,2026-05-01,2026-05,СПБ,Рулевой,avtoshkola-rulevoi.ru,Другие,3,1,1,70999.0,0.0,,0.0,0.0,0.0,70999.0
brandperf-2026-05-01-спб-штиль-другие,2026-05-01,2026-05,СПБ,Штиль,avtoshkola-shtil.ru,Другие,3,2,0,0.0,0.0,,0.0,0.0,0,0
brandperf-2026-05-04-мск-autonefrit-другие,2026-05-04,2026-05,МСК,Autonefrit,autonefrit.ru,Другие,2,2,0,0.0,0.0,,0.0,0.0,0,0
brandperf-2026-05-04-мск-axel-другие,2026-05-04,2026-05,МСК,Axel,avtoshkola-axel.ru,Другие,2,1,1,35990.0,0.0,,0.0,0.0,0.0,35990.0
brandperf-2026-05-04-мск-imperiaauto-другие,2026-05-04,2026-05,МСК,Imperiaauto,autoshkola-imperiaauto.ru,Другие,1,0,0,0.0,0.0,,0.0,0,0,0
brandperf-2026-05-04-мск-mclaren-другие,2026-05-04,2026-05,МСК,McLaren,autoshkola-mclaren.ru,Другие,5,4,2,95980.0,0.0,,0.0,0.0,0.0,47990.0
brandperf-2026-05-04-мск-po-pravilam-другие,2026-05-04,2026-05,МСК,Po Pravilam,autoshkola-po-pravilam.ru,Другие,1,0,0,0.0,0.0,,0.0,0,0,0
brandperf-2026-05-04-мск-schoolselect-другие,2026-05-04,2026-05,МСК,SchoolSelect,schoolselect.ru,Другие,8,5,3,90970.0,0.0,,0.0,0.0,0.0,30323.33
brandperf-2026-05-04-мск-schoolselect-прямые-визиты,2026-05-04,2026-05,МСК,SchoolSelect,schoolselect.ru,Прямые визиты,6,2,2,74980.0,0.0,,0.0,0.0,0.0,37490.0
brandperf-2026-05-04-мск-skyauto-другие,2026-05-04,2026-05,МСК,SkyAuto,avtoshkola-skyauto.ru,Другие,2,2,0,0.0,0.0,,0.0,0.0,0,0
brandperf-2026-05-04-мск-smart-другие,2026-05-04,2026-05,МСК,Smart,avtoshkola-smart.ru,Другие,1,1,0,0.0,0.0,,0.0,0.0,0,0
brandperf-2026-05-04-мск-автогуру-гугл-карты,2026-05-04,2026-05,МСК,АвтоГуру,автогуру,Гугл Карты,1,0,0,0.0,0.0,,0.0,0,0,0
brandperf-2026-05-04-мск-автогуру-другие,2026-05-04,2026-05,МСК,АвтоГуру,autoshkola-guru.ru,Другие,4,3,1,36990.0,0.0,,0.0,0.0,0.0,36990.0
brandperf-2026-05-04-мск-автодраи-в-2гис,2026-05-04,2026-05,МСК,АвтоДрайв,autodrive-school.ru · autodrive.msk.ru · autoshkola-avtopravo.ru,2ГИС,15,6,2,75980.0,0.0,,0.0,0.0,0.0,37990.0
brandperf-2026-05-04-мск-автодраи-в-гугл-карты,2026-05-04,2026-05,МСК,АвтоДрайв,autodrive.msk.ru,Гугл Карты,1,1,0,0.0,0.0,,0.0,0.0,0,0
brandperf-2026-05-04-мск-автодраи-в-другие,2026-05-04,2026-05,МСК,АвтоДрайв,autodrive.msk.ru · автошкола-автодрайв.москва,Другие,34,23,14,609890.0,0.0,,0.0,0.0,0.0,43563.57
brandperf-2026-05-04-мск-автодраи-в-прямые-визиты,2026-05-04,2026-05,МСК,АвтоДрайв,autodrive.msk.ru,Прямые визиты,4,1,0,0.0,0.0,,0.0,0.0,0,0
brandperf-2026-05-04-мск-автодраи-в-яндекс-директ,2026-05-04,2026-05,МСК,АвтоДрайв,autodrive.msk.ru · автодраи-в · автодрайв.спб.рф,Яндекс Директ,26,6,1,38000.0,0.0,,0.0,0.0,0.0,38000.0
brandperf-2026-05-04-мск-автодраи-в-яндекс-карты,2026-05-04,2026-05,МСК,АвтоДрайв,autodrive.msk.ru · avtoshkola-automobil.ru · автодраи-в,Яндекс Карты,20,12,0,0.0,0.0,,0.0,0.0,0,0
brandperf-2026-05-04-мск-автомск-другие,2026-05-04,2026-05,МСК,АвтоМСК,avtoshkola-avtomsk.ru,Другие,4,2,0,0.0,0.0,,0.0,0.0,0,0
brandperf-2026-05-04-мск-автомобиль-другие,2026-05-04,2026-05,МСК,АвтоМобиль,avtoshkola-automobil.ru,Другие,3,3,1,57990.0,0.0,,0.0,0.0,0.0,57990.0
brandperf-2026-05-04-мск-автонева-гугл-карты,2026-05-04,2026-05,МСК,АвтоНева,avtoshkola-auto-neva.ru,Гугл Карты,1,1,0,0.0,0.0,,0.0,0.0,0,0
brandperf-2026-05-04-мск-автонева-другие,2026-05-04,2026-05,МСК,АвтоНева,avtoshkola-auto-neva.ru,Другие,11,6,1,26990.0,0.0,,0.0,0.0,0.0,26990.0
brandperf-2026-05-04-мск-автонева-рек-кешбэк,2026-05-04,2026-05,МСК,АвтоНева,avtoshkola-auto-neva.ru,Рек/кешбэк,1,0,1,37990.0,0.0,,0.0,0,0.0,37990.0
brandperf-2026-05-04-мск-автоправо-2гис,2026-05-04,2026-05,МСК,АвтоПраво,autoshkola-avtopravo.ru,2ГИС,1,0,0,0.0,0.0,,0.0,0,0,0
brandperf-2026-05-04-мск-автоправо-другие,2026-05-04,2026-05,МСК,АвтоПраво,autoshkola-avtopravo.ru,Другие,26,13,4,181970.0,0.0,,0.0,0.0,0.0,45492.5
brandperf-2026-05-04-мск-автоправо-яндекс-карты,2026-05-04,2026-05,МСК,АвтоПраво,autoshkola-avtopravo.ru · izidrive.msk.ru,Яндекс Карты,2,2,1,26990.0,0.0,,0.0,0.0,0.0,26990.0
brandperf-2026-05-04-мск-автотест-2гис,2026-05-04,2026-05,МСК,АвтоТест,autoshkola-avtotest.ru,2ГИС,1,0,0,0.0,0.0,,0.0,0,0,0
brandperf-2026-05-04-мск-автотест-другие,2026-05-04,2026-05,МСК,АвтоТест,autoshkola-avtotest.ru,Другие,12,7,1,58990.0,0.0,,0.0,0.0,0.0,58990.0
brandperf-2026-05-04-мск-автотест-яндекс-карты,2026-05-04,2026-05,МСК,АвтоТест,автотест,Яндекс Карты,1,0,0,0.0,0.0,,0.0,0,0,0
brandperf-2026-05-04-мск-алонсо-другие,2026-05-04,2026-05,МСК,Алонсо,avtoshkola-alonso.ru,Другие,3,1,1,26990.0,0.0,,0.0,0.0,0.0,26990.0
brandperf-2026-05-04-мск-армада-другие,2026-05-04,2026-05,МСК,Армада,avtoshkola-armada.ru,Другие,2,0,0,0.0,0.0,,0.0,0,0,0
brandperf-2026-05-04-мск-атлант-другие,2026-05-04,2026-05,МСК,Атлант,avtoshkola-atlant.ru,Другие,6,4,0,0.0,0.0,,0.0,0.0,0,0
brandperf-2026-05-04-мск-велес-другие,2026-05-04,2026-05,МСК,Велес,avtoshkola-veles.ru,Другие,7,2,0,0.0,0.0,,0.0,0.0,0,0
brandperf-2026-05-04-мск-виадук-другие,2026-05-04,2026-05,МСК,Виадук,avtoshkola-viaduk.ru,Другие,1,0,0,0.0,0.0,,0.0,0,0,0
brandperf-2026-05-04-мск-гермес-2гис,2026-05-04,2026-05,МСК,Гермес,hermes-mos.ru · hermesrf-spb.ru · гермес,2ГИС,7,1,0,0.0,0.0,,0.0,0.0,0,0
brandperf-2026-05-04-мск-гермес-другие,2026-05-04,2026-05,МСК,Гермес,hermes-mos.ru · гермес,Другие,23,12,4,205380.0,0.0,,0.0,0.0,0.0,51345.0
brandperf-2026-05-04-мск-гермес-прямые-визиты,2026-05-04,2026-05,МСК,Гермес,hermes-mos.ru,Прямые визиты,2,2,1,49500.0,0.0,,0.0,0.0,0.0,49500.0
brandperf-2026-05-04-мск-гермес-рек-кешбэк,2026-05-04,2026-05,МСК,Гермес,hermes-mos.ru,Рек/кешбэк,1,1,1,25990.0,0.0,,0.0,0.0,0.0,25990.0
brandperf-2026-05-04-мск-гермес-яндекс-карты,2026-05-04,2026-05,МСК,Гермес,avtoshkola-tg.ru · hermes-mos.ru · hermesrf-spb.ru,Яндекс Карты,37,22,4,107960.0,0.0,,0.0,0.0,0.0,26990.0
brandperf-2026-05-04-мск-изи-драи-в-2гис,2026-05-04,2026-05,МСК,Изи Драйв,avtoshkola-flagmanmsk.ru · avtoshkola-viaduk.ru · izidrive.msk.ru,2ГИС,3,2,0,0.0,0.0,,0.0,0.0,0,0
brandperf-2026-05-04-мск-изи-драи-в-другие,2026-05-04,2026-05,МСК,Изи Драйв,izidrive.msk.ru,Другие,29,15,6,306450.0,0.0,,0.0,0.0,0.0,51075.0
brandperf-2026-05-04-мск-изи-драи-в-рек-кешбэк,2026-05-04,2026-05,МСК,Изи Драйв,izidrive.msk.ru,Рек/кешбэк,1,1,1,35990.0,0.0,,0.0,0.0,0.0,35990.0
brandperf-2026-05-04-мск-изи-драи-в-роботы,2026-05-04,2026-05,МСК,Изи Драйв,изи-драйв.рф,Роботы,1,1,0,0.0,0.0,,0.0,0.0,0,0
brandperf-2026-05-04-мск-изи-драи-в-яндекс-директ,2026-05-04,2026-05,МСК,Изи Драйв,izidrive.msk.ru · изи-драйв.рф,Яндекс Директ,20,7,1,36990.0,0.0,,0.0,0.0,0.0,36990.0
brandperf-2026-05-04-мск-изи-драи-в-яндекс-карты,2026-05-04,2026-05,МСК,Изи Драйв,izidrive.msk.ru · изи-драи-в · изи-драйв.рф,Яндекс Карты,5,2,0,0.0,0.0,,0.0,0.0,0,0
brandperf-2026-05-04-мск-континенталь-другие,2026-05-04,2026-05,МСК,Континенталь,avtoshkola-kontinental.ru,Другие,1,1,1,26990.0,0.0,,0.0,0.0,0.0,26990.0
brandperf-2026-05-04-мск-пора-за-руль-другие,2026-05-04,2026-05,МСК,Пора за руль,autoshkola-poputi.ru,Другие,3,2,1,26990.0,0.0,,0.0,0.0,0.0,26990.0
brandperf-2026-05-04-мск-пора-за-руль-прямые-визиты,2026-05-04,2026-05,МСК,Пора за руль,autoshkola-porazarul.ru,Прямые визиты,1,0,0,0.0,0.0,,0.0,0,0,0
brandperf-2026-05-04-мск-пора-за-руль-яндекс-карты,2026-05-04,2026-05,МСК,Пора за руль,autoshkola-porazarul.ru · пора-за-руль,Яндекс Карты,17,11,3,90970.0,0.0,,0.0,0.0,0.0,30323.33
brandperf-2026-05-04-мск-родос-другие,2026-05-04,2026-05,МСК,Родос,autoshkola-rodos.ru,Другие,4,3,0,0.0,0.0,,0.0,0.0,0,0
brandperf-2026-05-04-мск-рулевои-другие,2026-05-04,2026-05,МСК,Рулевой,avtoshkola-rul.ru · rulevoy-msk.ru,Другие,5,3,1,36990.0,0.0,,0.0,0.0,0.0,36990.0
brandperf-2026-05-04-мск-топгир-2гис,2026-05-04,2026-05,МСК,ТопГир,autoshkola-avtopravo.ru · avtoshkola-tg.ru · izidrive.msk.ru,2ГИС,19,5,3,155970.0,0.0,,0.0,0.0,0.0,51990.0
brandperf-2026-05-04-мск-топгир-гугл-карты,2026-05-04,2026-05,МСК,ТопГир,avtoshkola-tg.ru,Гугл Карты,7,6,1,49500.0,0.0,,0.0,0.0,0.0,49500.0
brandperf-2026-05-04-мск-топгир-другие,2026-05-04,2026-05,МСК,ТопГир,avtoshkola-tg.ru,Другие,13,11,5,182460.0,0.0,,0.0,0.0,0.0,36492.0
brandperf-2026-05-04-мск-топгир-прямые-визиты,2026-05-04,2026-05,МСК,ТопГир,avtoshkola-tg.ru,Прямые визиты,2,2,0,0.0,0.0,,0.0,0.0,0,0
brandperf-2026-05-04-мск-топгир-рек-кешбэк,2026-05-04,2026-05,МСК,ТопГир,avtoshkola-tg.ru,Рек/кешбэк,5,4,3,119990.0,0.0,,0.0,0.0,0.0,39996.67
brandperf-2026-05-04-мск-топгир-яндекс-карты,2026-05-04,2026-05,МСК,ТопГир,avtoshkola-alonso.ru · avtoshkola-tg.ru · топгир,Яндекс Карты,9,1,0,0.0,0.0,,0.0,0.0,0,0
brandperf-2026-05-04-мск-ученик-другие,2026-05-04,2026-05,МСК,Ученик,avtoshkola-uchenik.ru,Другие,4,2,1,26990.0,0.0,,0.0,0.0,0.0,26990.0
brandperf-2026-05-04-мск-флагман-другие,2026-05-04,2026-05,МСК,Флагман,avtoshkola-flagmanmsk.ru,Другие,2,1,0,0.0,0.0,,0.0,0.0,0,0
brandperf-2026-05-04-спб-autokurs-другие,2026-05-04,2026-05,СПБ,Autokurs,autoshkola-autokurs.ru,Другие,1,1,0,0.0,0.0,,0.0,0.0,0,0
brandperf-2026-05-04-спб-autopolus-другие,2026-05-04,2026-05,СПБ,Autopolus,avtoshkola-autopolus.ru,Другие,1,0,0,0.0,0.0,,0.0,0,0,0
brandperf-2026-05-04-спб-autopremium-другие,2026-05-04,2026-05,СПБ,Autopremium,avtoshkola-autopremium.ru,Другие,1,0,0,0.0,0.0,,0.0,0,0,0
brandperf-2026-05-04-спб-autovek-другие,2026-05-04,2026-05,СПБ,Autovek,avtoshkola-autovek.ru,Другие,1,1,1,92990.0,0.0,,0.0,0.0,0.0,92990.0
brandperf-2026-05-04-спб-dream-auto-seo,2026-05-04,2026-05,СПБ,Dream Auto,dreamautoschool.ru,SEO,1,1,0,0.0,0.0,,0.0,0.0,0,0
brandperf-2026-05-04-спб-dream-auto-другие,2026-05-04,2026-05,СПБ,Dream Auto,dreamautoschool.ru,Другие,11,5,2,131000.0,0.0,,0.0,0.0,0.0,65500.0
brandperf-2026-05-04-спб-dream-auto-яндекс-карты,2026-05-04,2026-05,СПБ,Dream Auto,autolandschool.ru · dream-auto · dreamautoschool.ru,Яндекс Карты,7,3,0,0.0,0.0,,0.0,0.0,0,0
brandperf-2026-05-04-спб-extra-другие,2026-05-04,2026-05,СПБ,Extra,avtoshkola-extra.ru,Другие,2,1,0,0.0,0.0,,0.0,0.0,0,0
brandperf-2026-05-04-спб-krossauto-другие,2026-05-04,2026-05,СПБ,Krossauto,avtoshkola-krossauto.ru,Другие,1,0,0,0.0,0.0,,0.0,0,0,0
brandperf-2026-05-04-спб-piterdriving-другие,2026-05-04,2026-05,СПБ,Piterdriving,piterdriving.ru,Другие,2,1,0,0.0,0.0,,0.0,0.0,0,0
brandperf-2026-05-04-спб-praitauto-другие,2026-05-04,2026-05,СПБ,Praitauto,avtoshkola-praitauto.ru,Другие,1,1,0,0.0,0.0,,0.0,0.0,0,0
brandperf-2026-05-04-спб-prestigeavto-другие,2026-05-04,2026-05,СПБ,Prestigeavto,avtoshkola-prestigeavto.ru,Другие,1,1,0,0.0,0.0,,0.0,0.0,0,0
brandperf-2026-05-04-спб-а-поло-другие,2026-05-04,2026-05,СПБ,А-Поло,avtoshkola-apolo.ru,Другие,5,3,0,0.0,0.0,,0.0,0.0,0,0
brandperf-2026-05-04-спб-абсолют-другие,2026-05-04,2026-05,СПБ,Абсолют,avtoshkola-absolut.ru,Другие,1,1,0,0.0,0.0,,0.0,0.0,0,0
brandperf-2026-05-04-спб-автобот-другие,2026-05-04,2026-05,СПБ,АвтоБот,avtoshkola-avtobot.ru,Другие,2,2,0,0.0,0.0,,0.0,0.0,0,0
brandperf-2026-05-04-спб-автодраи-в-2гис,2026-05-04,2026-05,СПБ,АвтоДрайв,autodrive-school.ru · автодраи-в · автодрайв.спб.рф,2ГИС,22,9,4,283980.0,0.0,,0.0,0.0,0.0,70995.0
brandperf-2026-05-04-спб-автодраи-в-гугл-карты,2026-05-04,2026-05,СПБ,АвтоДрайв,autodrive-school.ru,Гугл Карты,1,1,1,65500.0,0.0,,0.0,0.0,0.0,65500.0
brandperf-2026-05-04-спб-автодраи-в-другие,2026-05-04,2026-05,СПБ,АвтоДрайв,autodrive-school.ru,Другие,17,8,5,302480.0,0.0,,0.0,0.0,0.0,60496.0
brandperf-2026-05-04-спб-автодраи-в-прямые-визиты,2026-05-04,2026-05,СПБ,АвтоДрайв,autodrive-school.ru,Прямые визиты,2,2,0,0.0,0.0,,0.0,0.0,0,0
brandperf-2026-05-04-спб-автодраи-в-рек-кешбэк,2026-05-04,2026-05,СПБ,АвтоДрайв,autodrive-school.ru,Рек/кешбэк,1,0,0,0.0,0.0,,0.0,0,0,0
brandperf-2026-05-04-спб-автодраи-в-яндекс-директ,2026-05-04,2026-05,СПБ,АвтоДрайв,автодраи-в · автодрайв.спб.рф,Яндекс Директ,10,7,0,0.0,0.0,,0.0,0.0,0,0
brandperf-2026-05-04-спб-автодраи-в-яндекс-карты,2026-05-04,2026-05,СПБ,АвтоДрайв,autodrive-school.ru · izidrive.ru · автодраи-в,Яндекс Карты,9,2,0,0.0,0.0,,0.0,0.0,0,0
brandperf-2026-05-04-спб-автоклуб-другие,2026-05-04,2026-05,СПБ,АвтоКлуб,avtoshkola-avtoclub.ru,Другие,4,4,1,65500.0,0.0,,0.0,0.0,0.0,65500.0
brandperf-2026-05-04-спб-автопрофи-другие,2026-05-04,2026-05,СПБ,АвтоПрофи,avtoshkola-avtoprofi.ru,Другие,4,1,0,0.0,0.0,,0.0,0.0,0,0
brandperf-2026-05-04-спб-автосити-2гис,2026-05-04,2026-05,СПБ,АвтоСити,avtoshkola-as.ru,2ГИС,3,1,0,0.0,0.0,,0.0,0.0,0,0
brandperf-2026-05-04-спб-автосити-гугл-карты,2026-05-04,2026-05,СПБ,АвтоСити,avtoshkola-as.ru · avtoshkola-forvard.ru · avtoshkola-zapravami.ru,Гугл Карты,9,8,1,87500.0,0.0,,0.0,0.0,0.0,87500.0
brandperf-2026-05-04-спб-автосити-другие,2026-05-04,2026-05,СПБ,АвтоСити,avtoshkola-as.ru,Другие,19,10,7,374980.0,0.0,,0.0,0.0,0.0,53568.57
brandperf-2026-05-04-спб-автосити-роботы,2026-05-04,2026-05,СПБ,АвтоСити,avtoshkola-as.ru,Роботы,1,1,0,0.0,0.0,,0.0,0.0,0,0
brandperf-2026-05-04-спб-автосити-яндекс-директ,2026-05-04,2026-05,СПБ,АвтоСити,avtoshkola-as.ru · izidrive.ru · лучшая-автошкола-спб.рф,Яндекс Директ,17,9,0,0.0,0.0,,0.0,0.0,0,0
brandperf-2026-05-04-спб-автосити-яндекс-карты,2026-05-04,2026-05,СПБ,АвтоСити,avtoshkola-as.ru · автосити,Яндекс Карты,15,8,0,0.0,0.0,,0.0,0.0,0,0
brandperf-2026-05-04-спб-автотрек-другие,2026-05-04,2026-05,СПБ,АвтоТрек,avtoshkola-autotrack.ru,Другие,1,1,1,29500.0,0.0,,0.0,0.0,0.0,29500.0
brandperf-2026-05-04-спб-автолэнд-другие,2026-05-04,2026-05,СПБ,Автолэнд,autolandschool.ru,Другие,14,8,3,218500.0,0.0,,0.0,0.0,0.0,72833.33
brandperf-2026-05-04-спб-автошкола-100-другие,2026-05-04,2026-05,СПБ,Автошкола 100,автошкола100.рф,Другие,7,3,1,65500.0,0.0,,0.0,0.0,0.0,65500.0
brandperf-2026-05-04-спб-академика-другие,2026-05-04,2026-05,СПБ,Академика,академика-спб.рф,Другие,6,4,2,156000.0,0.0,,0.0,0.0,0.0,78000.0
brandperf-2026-05-04-спб-виктория-другие,2026-05-04,2026-05,СПБ,Виктория,autoshkola-victoria.ru,Другие,3,2,0,0.0,0.0,,0.0,0.0,0,0
brandperf-2026-05-04-спб-гермес-другие,2026-05-04,2026-05,СПБ,Гермес,hermesrf-spb.ru,Другие,4,2,1,65500.0,0.0,,0.0,0.0,0.0,65500.0
brandperf-2026-05-04-спб-гермес-яндекс-карты,2026-05-04,2026-05,СПБ,Гермес,hermesrf-spb.ru · гермес,Яндекс Карты,9,5,1,70990.0,0.0,,0.0,0.0,0.0,70990.0
brandperf-2026-05-04-спб-движение-другие,2026-05-04,2026-05,СПБ,Движение,autoshkola-dvijenie.ru,Другие,1,0,0,0.0,0.0,,0.0,0,0,0
brandperf-2026-05-04-спб-изи-драи-в-2гис,2026-05-04,2026-05,СПБ,Изи Драйв,izidrive.ru · изи-драи-в,2ГИС,3,1,0,0.0,0.0,,0.0,0.0,0,0
brandperf-2026-05-04-спб-изи-драи-в-гугл-карты,2026-05-04,2026-05,СПБ,Изи Драйв,avtoshkola-apolo.ru · izidrive.msk.ru · izidrive.ru,Гугл Карты,10,3,0,0.0,0.0,,0.0,0.0,0,0
brandperf-2026-05-04-спб-изи-драи-в-другие,2026-05-04,2026-05,СПБ,Изи Драйв,izidrive.ru,Другие,27,14,4,272980.0,0.0,,0.0,0.0,0.0,68245.0
brandperf-2026-05-04-спб-изи-драи-в-яндекс-карты,2026-05-04,2026-05,СПБ,Изи Драйв,izidrive.ru · изи-драи-в,Яндекс Карты,7,2,0,0.0,0.0,,0.0,0.0,0,0
brandperf-2026-05-04-спб-колибри-другие,2026-05-04,2026-05,СПБ,Колибри,autoshkola-kolibri.ru,Другие,2,2,0,0.0,0.0,,0.0,0.0,0,0
brandperf-2026-05-04-спб-колибри-яндекс-карты,2026-05-04,2026-05,СПБ,Колибри,колибри,Яндекс Карты,4,0,0,0.0,0.0,,0.0,0,0,0
brandperf-2026-05-04-спб-лучшая-автошкола-спб-гугл-карты,2026-05-04,2026-05,СПБ,Лучшая Автошкола Спб,лучшая-автошкола-спб.рф,Гугл Карты,2,0,0,0.0,0.0,,0.0,0,0,0
brandperf-2026-05-04-спб-лучшая-автошкола-спб-другие,2026-05-04,2026-05,СПБ,Лучшая Автошкола Спб,лучшая-автошкола-спб.рф,Другие,1,0,0,0.0,0.0,,0.0,0,0,0
brandperf-2026-05-04-спб-лучшая-автошкола-спб-роботы,2026-05-04,2026-05,СПБ,Лучшая Автошкола Спб,лучшая-автошкола-спб.рф,Роботы,1,0,0,0.0,0.0,,0.0,0,0,0
brandperf-2026-05-04-спб-лучшая-автошкола-спб-яндекс-директ,2026-05-04,2026-05,СПБ,Лучшая Автошкола Спб,лучшая-автошкола-спб.рф,Яндекс Директ,2,1,0,0.0,0.0,,0.0,0.0,0,0
brandperf-2026-05-04-спб-маневр-другие,2026-05-04,2026-05,СПБ,Маневр,autoshkola-manevr.ru,Другие,3,1,0,0.0,0.0,,0.0,0.0,0,0
brandperf-2026-05-04-спб-маневр-яндекс-карты,2026-05-04,2026-05,СПБ,Маневр,autoshkola-manevr.ru,Яндекс Карты,1,1,0,0.0,0.0,,0.0,0.0,0,0
brandperf-2026-05-04-спб-мираж-другие,2026-05-04,2026-05,СПБ,Мираж,avtoshkola-mirazh.ru,Другие,4,3,0,0.0,0.0,,0.0,0.0,0,0
brandperf-2026-05-04-спб-пора-за-руль-другие,2026-05-04,2026-05,СПБ,Пора за руль,pora-za-rul.ru,Другие,18,10,3,141000.0,0.0,,0.0,0.0,0.0,47000.0
brandperf-2026-05-04-спб-пора-за-руль-яндекс-карты,2026-05-04,2026-05,СПБ,Пора за руль,autoshkola-porazarul.ru · pora-za-rul.ru · пора-за-руль,Яндекс Карты,12,6,1,26990.0,0.0,,0.0,0.0,0.0,26990.0
brandperf-2026-05-04-спб-ралли-другие,2026-05-04,2026-05,СПБ,Ралли,rallischool.ru,Другие,11,3,0,0.0,0.0,,0.0,0.0,0,0
brandperf-2026-05-04-спб-рулевои-другие,2026-05-04,2026-05,СПБ,Рулевой,avtoshkola-ruler.ru · avtoshkola-rulevoi.ru,Другие,8,3,1,65500.0,0.0,,0.0,0.0,0.0,65500.0
brandperf-2026-05-04-спб-рулевои-яндекс-карты,2026-05-04,2026-05,СПБ,Рулевой,рулевои,Яндекс Карты,1,0,0,0.0,0.0,,0.0,0,0,0
brandperf-2026-05-04-спб-студент-другие,2026-05-04,2026-05,СПБ,Студент,avtoshkola-student.ru,Другие,1,0,0,0.0,0.0,,0.0,0,0,0
brandperf-2026-05-04-спб-успех-другие,2026-05-04,2026-05,СПБ,Успех,yspexspb.ru,Другие,3,1,0,0.0,0.0,,0.0,0.0,0,0
brandperf-2026-05-04-спб-форвард-гугл-карты,2026-05-04,2026-05,СПБ,Форвард,форвард,Гугл Карты,1,0,0,0.0,0.0,,0.0,0,0,0
brandperf-2026-05-04-спб-форвард-другие,2026-05-04,2026-05,СПБ,Форвард,avtoshkola-forvard.ru,Другие,1,0,0,0.0,0.0,,0.0,0,0,0
brandperf-2026-05-04-спб-центральная-другие,2026-05-04,2026-05,СПБ,Центральная,autoshkola-centralnaya.ru,Другие,1,0,0,0.0,0.0,,0.0,0,0,0
brandperf-2026-05-04-спб-штиль-гугл-карты,2026-05-04,2026-05,СПБ,Штиль,avtoshkola-shtil.ru,Гугл Карты,1,1,0,0.0,0.0,,0.0,0.0,0,0
brandperf-2026-05-04-спб-штиль-другие,2026-05-04,2026-05,СПБ,Штиль,avtoshkola-shtil.ru,Другие,7,3,0,0.0,0.0,,0.0,0.0,0,0
brandperf-2026-05-04-спб-ягуар-другие,2026-05-04,2026-05,СПБ,Ягуар,avtoshkola-yaguarspb.ru,Другие,4,3,1,65500.0,0.0,,0.0,0.0,0.0,65500.0
brandperf-2026-05-11-мск-autonefrit-другие,2026-05-11,2026-05,МСК,Autonefrit,autonefrit.ru,Другие,1,0,0,0.0,0.0,,0.0,0,0,0
brandperf-2026-05-11-мск-avtoshkola812-другие,2026-05-11,2026-05,МСК,Avtoshkola812,avtoshkola812.ru,Другие,1,1,1,36990.0,0.0,,0.0,0.0,0.0,36990.0
brandperf-2026-05-11-мск-avtoshkola812-прямые-визиты,2026-05-11,2026-05,МСК,Avtoshkola812,avtoshkola812.ru,Прямые визиты,1,1,0,0.0,0.0,,0.0,0.0,0,0
brandperf-2026-05-11-мск-axel-другие,2026-05-11,2026-05,МСК,Axel,avtoshkola-axel.ru,Другие,1,0,0,0.0,0.0,,0.0,0,0,0
brandperf-2026-05-11-мск-bamblbi-другие,2026-05-11,2026-05,МСК,Bamblbi,avtoshkola-bamblbi.ru,Другие,2,2,1,58990.0,0.0,,0.0,0.0,0.0,58990.0
brandperf-2026-05-11-мск-examen-другие,2026-05-11,2026-05,МСК,Examen,autoshkola-examen.ru,Другие,1,0,0,0.0,0.0,,0.0,0,0,0
brandperf-2026-05-11-мск-mclaren-другие,2026-05-11,2026-05,МСК,McLaren,autoshkola-mclaren.ru,Другие,1,0,0,0.0,0.0,,0.0,0,0,0
brandperf-2026-05-11-мск-schoolselect-seo,2026-05-11,2026-05,МСК,SchoolSelect,schoolselect.ru,SEO,1,0,0,0.0,0.0,,0.0,0,0,0
brandperf-2026-05-11-мск-schoolselect-другие,2026-05-11,2026-05,МСК,SchoolSelect,schoolselect.ru,Другие,10,3,0,0.0,0.0,,0.0,0.0,0,0
brandperf-2026-05-11-мск-schoolselect-прямые-визиты,2026-05-11,2026-05,МСК,SchoolSelect,schoolselect.ru,Прямые визиты,3,1,0,0.0,0.0,,0.0,0.0,0,0
brandperf-2026-05-11-мск-shkolaamarant-другие,2026-05-11,2026-05,МСК,Shkolaamarant,shkolaamarant.ru,Другие,1,0,0,0.0,0.0,,0.0,0,0,0
brandperf-2026-05-11-мск-skyauto-другие,2026-05-11,2026-05,МСК,SkyAuto,avtoshkola-skyauto.ru,Другие,1,0,0,0.0,0.0,,0.0,0,0,0
brandperf-2026-05-11-мск-автогуру-другие,2026-05-11,2026-05,МСК,АвтоГуру,autoshkola-guru.ru,Другие,7,3,2,117980.0,0.0,,0.0,0.0,0.0,58990.0
brandperf-2026-05-11-мск-автодраи-в-2гис,2026-05-11,2026-05,МСК,АвтоДрайв,autodrive.msk.ru · avtoshkola-cityavto.ru · автодраи-в,2ГИС,21,11,3,176480.0,0.0,,0.0,0.0,0.0,58826.67
brandperf-2026-05-11-мск-автодраи-в-seo,2026-05-11,2026-05,МСК,АвтоДрайв,автошкола-автодрайв.москва,SEO,2,0,0,0.0,0.0,,0.0,0,0,0
brandperf-2026-05-11-мск-автодраи-в-другие,2026-05-11,2026-05,МСК,АвтоДрайв,autodrive.msk.ru,Другие,31,15,10,463410.0,0.0,,0.0,0.0,0.0,46341.0
brandperf-2026-05-11-мск-автодраи-в-прямые-визиты,2026-05-11,2026-05,МСК,АвтоДрайв,autodrive.msk.ru · автошкола-автодрайв.москва,Прямые визиты,2,2,0,0.0,0.0,,0.0,0.0,0,0
brandperf-2026-05-11-мск-автодраи-в-роботы,2026-05-11,2026-05,МСК,АвтоДрайв,автошкола-автодрайв.москва,Роботы,2,1,0,0.0,0.0,,0.0,0.0,0,0
brandperf-2026-05-11-мск-автодраи-в-яндекс-директ,2026-05-11,2026-05,МСК,АвтоДрайв,автошкола-автодрайв.москва,Яндекс Директ,1,0,0,0.0,0.0,,0.0,0,0,0
brandperf-2026-05-11-мск-автодраи-в-яндекс-карты,2026-05-11,2026-05,МСК,АвтоДрайв,autodrive-school.ru · autodrive.msk.ru · автодраи-в,Яндекс Карты,33,15,2,62980.0,0.0,,0.0,0.0,0.0,31490.0
brandperf-2026-05-11-мск-автомобиль-другие,2026-05-11,2026-05,МСК,АвтоМобиль,avtoshkola-automobil.ru,Другие,7,5,0,0.0,0.0,,0.0,0.0,0,0
brandperf-2026-05-11-мск-автонева-другие,2026-05-11,2026-05,МСК,АвтоНева,avtoshkola-auto-neva.ru,Другие,3,1,0,0.0,0.0,,0.0,0.0,0,0
brandperf-2026-05-11-мск-автоправо-2гис,2026-05-11,2026-05,МСК,АвтоПраво,autoshkola-avtopravo.ru · автоправо,2ГИС,5,3,0,0.0,0.0,,0.0,0.0,0,0
brandperf-2026-05-11-мск-автоправо-seo,2026-05-11,2026-05,МСК,АвтоПраво,autoshkola-avtopravo.ru,SEO,1,1,0,0.0,0.0,,0.0,0.0,0,0
brandperf-2026-05-11-мск-автоправо-другие,2026-05-11,2026-05,МСК,АвтоПраво,autoshkola-avtopravo.ru,Другие,26,15,7,267950.0,0.0,,0.0,0.0,0.0,38278.57
brandperf-2026-05-11-мск-автоправо-прямые-визиты,2026-05-11,2026-05,МСК,АвтоПраво,autoshkola-avtopravo.ru,Прямые визиты,2,1,1,26990.0,0.0,,0.0,0.0,0.0,26990.0
brandperf-2026-05-11-мск-автоправо-яндекс-карты,2026-05-11,2026-05,МСК,АвтоПраво,autoshkola-avtopravo.ru,Яндекс Карты,2,2,0,0.0,0.0,,0.0,0.0,0,0
brandperf-2026-05-11-мск-автотест-другие,2026-05-11,2026-05,МСК,АвтоТест,autoshkola-avtotest.ru,Другие,16,8,0,0.0,0.0,,0.0,0.0,0,0
brandperf-2026-05-11-мск-автотест-прямые-визиты,2026-05-11,2026-05,МСК,АвтоТест,autoshkola-avtotest.ru,Прямые визиты,2,0,0,0.0,0.0,,0.0,0,0,0
brandperf-2026-05-11-мск-автотест-яндекс-директ,2026-05-11,2026-05,МСК,АвтоТест,autoshkola-avtotest.ru,Яндекс Директ,1,0,0,0.0,0.0,,0.0,0,0,0
brandperf-2026-05-11-мск-автотест-яндекс-карты,2026-05-11,2026-05,МСК,АвтоТест,автотест,Яндекс Карты,2,0,0,0.0,0.0,,0.0,0,0,0
brandperf-2026-05-11-мск-алонсо-другие,2026-05-11,2026-05,МСК,Алонсо,avtoshkola-alonso.ru,Другие,6,2,1,36990.0,0.0,,0.0,0.0,0.0,36990.0
brandperf-2026-05-11-мск-алонсо-прямые-визиты,2026-05-11,2026-05,МСК,Алонсо,avtoshkola-alonso.ru,Прямые визиты,1,0,0,0.0,0.0,,0.0,0,0,0
brandperf-2026-05-11-мск-алонсо-яндекс-карты,2026-05-11,2026-05,МСК,Алонсо,алонсо,Яндекс Карты,1,0,0,0.0,0.0,,0.0,0,0,0
brandperf-2026-05-11-мск-армада-другие,2026-05-11,2026-05,МСК,Армада,avtoshkola-armada.ru,Другие,1,1,1,26990.0,0.0,,0.0,0.0,0.0,26990.0
brandperf-2026-05-11-мск-атлант-другие,2026-05-11,2026-05,МСК,Атлант,avtoshkola-atlant.ru,Другие,4,2,2,53980.0,0.0,,0.0,0.0,0.0,26990.0
brandperf-2026-05-11-мск-велес-гугл-карты,2026-05-11,2026-05,МСК,Велес,велес,Гугл Карты,1,0,0,0.0,0.0,,0.0,0,0,0
brandperf-2026-05-11-мск-велес-другие,2026-05-11,2026-05,МСК,Велес,avtoshkola-veles.ru,Другие,9,3,2,139490.0,0.0,,0.0,0.0,0.0,69745.0
brandperf-2026-05-11-мск-виадук-другие,2026-05-11,2026-05,МСК,Виадук,avtoshkola-viaduk.ru,Другие,4,2,1,58990.0,0.0,,0.0,0.0,0.0,58990.0
brandperf-2026-05-11-мск-виктория-гугл-карты,2026-05-11,2026-05,МСК,Виктория,autoshkola-victoria.ru · виктория,Гугл Карты,2,0,0,0.0,0.0,,0.0,0,0,0
brandperf-2026-05-11-мск-гермес-2гис,2026-05-11,2026-05,МСК,Гермес,hermes-mos.ru,2ГИС,7,3,0,0.0,0.0,,0.0,0.0,0,0
brandperf-2026-05-11-мск-гермес-другие,2026-05-11,2026-05,МСК,Гермес,hermes-mos.ru,Другие,21,8,4,161470.0,0.0,,0.0,0.0,0.0,40367.5
brandperf-2026-05-11-мск-гермес-прямые-визиты,2026-05-11,2026-05,МСК,Гермес,hermes-mos.ru,Прямые визиты,3,2,0,0.0,0.0,,0.0,0.0,0,0
brandperf-2026-05-11-мск-гермес-яндекс-карты,2026-05-11,2026-05,МСК,Гермес,hermes-mos.ru · гермес,Яндекс Карты,53,31,6,273960.0,0.0,,0.0,0.0,0.0,45660.0
brandperf-2026-05-11-мск-изи-драи-в-2гис,2026-05-11,2026-05,МСК,Изи Драйв,avtoshkola-axel.ru · izidrive.msk.ru · изи-драйв.рф,2ГИС,8,3,1,37990.0,0.0,,0.0,0.0,0.0,37990.0
brandperf-2026-05-11-мск-изи-драи-в-seo,2026-05-11,2026-05,МСК,Изи Драйв,изи-драйв.рф,SEO,2,0,0,0.0,0.0,,0.0,0,0,0
brandperf-2026-05-11-мск-изи-драи-в-гугл-карты,2026-05-11,2026-05,МСК,Изи Драйв,изи-драйв.рф,Гугл Карты,3,2,0,0.0,0.0,,0.0,0.0,0,0
brandperf-2026-05-11-мск-изи-драи-в-другие,2026-05-11,2026-05,МСК,Изи Драйв,izidrive.msk.ru · izidrive.ru · изи-драйв.рф,Другие,49,26,9,368910.0,0.0,,0.0,0.0,0.0,40990.0
brandperf-2026-05-11-мск-изи-драи-в-прямые-визиты,2026-05-11,2026-05,МСК,Изи Драйв,изи-драйв.рф,Прямые визиты,6,3,0,0.0,0.0,,0.0,0.0,0,0
brandperf-2026-05-11-мск-изи-драи-в-роботы,2026-05-11,2026-05,МСК,Изи Драйв,изи-драйв.рф,Роботы,3,0,0,0.0,0.0,,0.0,0,0,0
brandperf-2026-05-11-мск-изи-драи-в-яндекс-карты,2026-05-11,2026-05,МСК,Изи Драйв,izidrive.msk.ru · изи-драйв.рф,Яндекс Карты,3,1,0,0.0,0.0,,0.0,0.0,0,0
brandperf-2026-05-11-мск-континенталь-другие,2026-05-11,2026-05,МСК,Континенталь,avtoshkola-kontinental.ru,Другие,2,1,0,0.0,0.0,,0.0,0.0,0,0
brandperf-2026-05-11-мск-ланистер-другие,2026-05-11,2026-05,МСК,Ланистер,autoschkola-lanister.ru,Другие,1,1,0,0.0,0.0,,0.0,0.0,0,0
brandperf-2026-05-11-мск-пора-за-руль-seo,2026-05-11,2026-05,МСК,Пора за руль,autoshkola-porazarul.ru,SEO,1,1,1,26990.0,0.0,,0.0,0.0,0.0,26990.0
brandperf-2026-05-11-мск-пора-за-руль-гугл-карты,2026-05-11,2026-05,МСК,Пора за руль,пора-за-руль,Гугл Карты,1,0,0,0.0,0.0,,0.0,0,0,0
brandperf-2026-05-11-мск-пора-за-руль-другие,2026-05-11,2026-05,МСК,Пора за руль,autoshkola-poputi.ru · autoshkola-porazarul.ru,Другие,16,8,3,112970.0,0.0,,0.0,0.0,0.0,37656.67
brandperf-2026-05-11-мск-пора-за-руль-яндекс-карты,2026-05-11,2026-05,МСК,Пора за руль,autoshkola-porazarul.ru · пора-за-руль,Яндекс Карты,10,6,1,26990.0,0.0,,0.0,0.0,0.0,26990.0
brandperf-2026-05-11-мск-рулевои-другие,2026-05-11,2026-05,МСК,Рулевой,avtoshkola-rul.ru · rulevoy-msk.ru,Другие,5,3,2,95980.0,0.0,,0.0,0.0,0.0,47990.0
brandperf-2026-05-11-мск-рулевои-яндекс-карты,2026-05-11,2026-05,МСК,Рулевой,rulevoy-msk.ru,Яндекс Карты,3,2,0,0.0,0.0,,0.0,0.0,0,0
brandperf-2026-05-11-мск-топгир-2гис,2026-05-11,2026-05,МСК,ТопГир,avtoshkola-tg.ru · izidrive.ru · топгир,2ГИС,15,6,3,123970.0,0.0,,0.0,0.0,0.0,41323.33
brandperf-2026-05-11-мск-топгир-seo,2026-05-11,2026-05,МСК,ТопГир,avtoshkola-tg.ru,SEO,2,0,0,0.0,0.0,,0.0,0,0,0
brandperf-2026-05-11-мск-топгир-гугл-карты,2026-05-11,2026-05,МСК,ТопГир,avtoshkola-cityavto.ru · avtoshkola-tg.ru · топгир,Гугл Карты,9,3,0,0.0,0.0,,0.0,0.0,0,0
brandperf-2026-05-11-мск-топгир-другие,2026-05-11,2026-05,МСК,ТопГир,avtoshkola-tg.ru,Другие,22,17,9,326920.0,0.0,,0.0,0.0,0.0,36324.44
brandperf-2026-05-11-мск-топгир-прямые-визиты,2026-05-11,2026-05,МСК,ТопГир,avtoshkola-tg.ru,Прямые визиты,4,1,0,0.0,0.0,,0.0,0.0,0,0
brandperf-2026-05-11-мск-топгир-рек-кешбэк,2026-05-11,2026-05,МСК,ТопГир,avtoshkola-tg.ru,Рек/кешбэк,2,2,0,0.0,0.0,,0.0,0.0,0,0
brandperf-2026-05-11-мск-топгир-яндекс-карты,2026-05-11,2026-05,МСК,ТопГир,avtoshkola-tg.ru · izidrive.msk.ru · топгир,Яндекс Карты,21,13,1,37990.0,0.0,,0.0,0.0,0.0,37990.0
brandperf-2026-05-11-мск-ученик-другие,2026-05-11,2026-05,МСК,Ученик,avtoshkola-uchenik.ru,Другие,2,0,0,0.0,0.0,,0.0,0,0,0
brandperf-2026-05-11-мск-флагман-другие,2026-05-11,2026-05,МСК,Флагман,avtoshkola-flagmanmsk.ru,Другие,4,0,0,0.0,0.0,,0.0,0,0,0
brandperf-2026-05-11-спб-autoarion-другие,2026-05-11,2026-05,СПБ,Autoarion,autoshkola-autoarion.ru,Другие,1,1,0,0.0,0.0,,0.0,0.0,0,0
brandperf-2026-05-11-спб-autozachet-другие,2026-05-11,2026-05,СПБ,Autozachet,avtoshkola-autozachet.ru,Другие,4,2,0,0.0,0.0,,0.0,0.0,0,0
brandperf-2026-05-11-спб-dream-auto-другие,2026-05-11,2026-05,СПБ,Dream Auto,dreamautoschool.ru,Другие,5,1,0,0.0,0.0,,0.0,0.0,0,0
brandperf-2026-05-11-спб-dream-auto-яндекс-карты,2026-05-11,2026-05,СПБ,Dream Auto,autolandschool.ru,Яндекс Карты,1,0,0,0.0,0.0,,0.0,0,0,0
brandperf-2026-05-11-спб-extra-другие,2026-05-11,2026-05,СПБ,Extra,avtoshkola-extra.ru,Другие,1,1,0,0.0,0.0,,0.0,0.0,0,0
brandperf-2026-05-11-спб-flash-другие,2026-05-11,2026-05,СПБ,Flash,autoshkola-flash.ru,Другие,5,1,0,0.0,0.0,,0.0,0.0,0,0
brandperf-2026-05-11-спб-prestigeavto-другие,2026-05-11,2026-05,СПБ,Prestigeavto,avtoshkola-prestigeavto.ru,Другие,1,1,0,0.0,0.0,,0.0,0.0,0,0
brandperf-2026-05-11-спб-а-поло-другие,2026-05-11,2026-05,СПБ,А-Поло,avtoshkola-apolo.ru,Другие,6,5,0,0.0,0.0,,0.0,0.0,0,0
brandperf-2026-05-11-спб-автобот-другие,2026-05-11,2026-05,СПБ,АвтоБот,avtoshkola-avtobot.ru,Другие,2,1,1,70990.0,0.0,,0.0,0.0,0.0,70990.0
brandperf-2026-05-11-спб-автодраи-в-2гис,2026-05-11,2026-05,СПБ,АвтоДрайв,autodrive-school.ru · автодраи-в · лучшая-автошкола-спб.рф,2ГИС,19,7,1,65500.0,0.0,,0.0,0.0,0.0,65500.0
brandperf-2026-05-11-спб-автодраи-в-seo,2026-05-11,2026-05,СПБ,АвтоДрайв,автодрайв.спб.рф,SEO,2,1,0,0.0,0.0,,0.0,0.0,0,0
brandperf-2026-05-11-спб-автодраи-в-гугл-карты,2026-05-11,2026-05,СПБ,АвтоДрайв,autodrive-school.ru · автодрайв.спб.рф,Гугл Карты,6,0,0,0.0,0.0,,0.0,0,0,0
brandperf-2026-05-11-спб-автодраи-в-другие,2026-05-11,2026-05,СПБ,АвтоДрайв,autodrive-school.ru · автодраи-в · автодрайв.спб.рф,Другие,26,15,7,444480.0,0.0,,0.0,0.0,0.0,63497.14
brandperf-2026-05-11-спб-автодраи-в-прямые-визиты,2026-05-11,2026-05,СПБ,АвтоДрайв,autodrive-school.ru · автодрайв.спб.рф,Прямые визиты,7,3,0,0.0,0.0,,0.0,0.0,0,0
brandperf-2026-05-11-спб-автодраи-в-рек-кешбэк,2026-05-11,2026-05,СПБ,АвтоДрайв,autodrive-school.ru,Рек/кешбэк,1,1,1,70990.0,0.0,,0.0,0.0,0.0,70990.0
brandperf-2026-05-11-спб-автодраи-в-роботы,2026-05-11,2026-05,СПБ,АвтоДрайв,автодрайв.спб.рф,Роботы,1,1,0,0.0,0.0,,0.0,0.0,0,0
brandperf-2026-05-11-спб-автодраи-в-яндекс-карты,2026-05-11,2026-05,СПБ,АвтоДрайв,autodrive-school.ru · autoshkola-skorost.ru · avtoshkola-rulevoi.ru,Яндекс Карты,14,5,0,0.0,0.0,,0.0,0.0,0,0
brandperf-2026-05-11-спб-автоклуб-гугл-карты,2026-05-11,2026-05,СПБ,АвтоКлуб,avtoshkola-avtoclub.ru,Гугл Карты,1,1,0,0.0,0.0,,0.0,0.0,0,0
brandperf-2026-05-11-спб-автоклуб-другие,2026-05-11,2026-05,СПБ,АвтоКлуб,avtoshkola-avtoclub.ru,Другие,6,3,2,158490.0,0.0,,0.0,0.0,0.0,79245.0
brandperf-2026-05-11-спб-автомотокласс-другие,2026-05-11,2026-05,СПБ,АвтоМотоКласс,avtoshkola-automotoklass.ru,Другие,1,1,0,0.0,0.0,,0.0,0.0,0,0
brandperf-2026-05-11-спб-автопрофи-другие,2026-05-11,2026-05,СПБ,АвтоПрофи,avtoshkola-avtoprofi.ru,Другие,4,1,0,0.0,0.0,,0.0,0.0,0,0
brandperf-2026-05-11-спб-автосити-2гис,2026-05-11,2026-05,СПБ,АвтоСити,avtoshkola-as.ru,2ГИС,2,2,0,0.0,0.0,,0.0,0.0,0,0
brandperf-2026-05-11-спб-автосити-гугл-карты,2026-05-11,2026-05,СПБ,АвтоСити,avtoshkola-as.ru · avtoshkola-autozachet.ru,Гугл Карты,4,2,1,98500.0,0.0,,0.0,0.0,0.0,98500.0
brandperf-2026-05-11-спб-автосити-другие,2026-05-11,2026-05,СПБ,АвтоСити,avtoshkola-as.ru,Другие,20,14,6,271000.0,0.0,,0.0,0.0,0.0,45166.67
brandperf-2026-05-11-спб-автосити-яндекс-директ,2026-05-11,2026-05,СПБ,АвтоСити,avtoshkola-as.ru,Яндекс Директ,1,0,0,0.0,0.0,,0.0,0,0,0
brandperf-2026-05-11-спб-автосити-яндекс-карты,2026-05-11,2026-05,СПБ,АвтоСити,avtoshkola-as.ru · avtoshkola-rulevoi.ru · автосити,Яндекс Карты,8,5,2,120000.0,0.0,,0.0,0.0,0.0,60000.0
brandperf-2026-05-11-спб-автотрек-другие,2026-05-11,2026-05,СПБ,АвтоТрек,avtoshkola-autotrack.ru,Другие,4,2,1,29500.0,0.0,,0.0,0.0,0.0,29500.0
brandperf-2026-05-11-спб-автолэнд-seo,2026-05-11,2026-05,СПБ,Автолэнд,autolandschool.ru,SEO,1,1,1,87500.0,0.0,,0.0,0.0,0.0,87500.0
brandperf-2026-05-11-спб-автолэнд-другие,2026-05-11,2026-05,СПБ,Автолэнд,autolandschool.ru,Другие,13,9,3,171500.0,0.0,,0.0,0.0,0.0,57166.67
brandperf-2026-05-11-спб-автолэнд-яндекс-карты,2026-05-11,2026-05,СПБ,Автолэнд,autolandschool.ru,Яндекс Карты,1,0,0,0.0,0.0,,0.0,0,0,0
brandperf-2026-05-11-спб-автошкола-100-другие,2026-05-11,2026-05,СПБ,Автошкола 100,автошкола100.рф,Другие,6,1,0,0.0,0.0,,0.0,0.0,0,0
brandperf-2026-05-11-спб-академика-гугл-карты,2026-05-11,2026-05,СПБ,Академика,yspexspb.ru · академика,Гугл Карты,3,0,0,0.0,0.0,,0.0,0,0,0
brandperf-2026-05-11-спб-академика-другие,2026-05-11,2026-05,СПБ,Академика,академика-спб.рф,Другие,7,3,1,70990.0,0.0,,0.0,0.0,0.0,70990.0
brandperf-2026-05-11-спб-виктория-другие,2026-05-11,2026-05,СПБ,Виктория,autoshkola-victoria.ru,Другие,7,0,0,0.0,0.0,,0.0,0,0,0
brandperf-2026-05-11-спб-гермес-другие,2026-05-11,2026-05,СПБ,Гермес,hermesrf-spb.ru,Другие,8,5,3,223990.0,0.0,,0.0,0.0,0.0,74663.33
brandperf-2026-05-11-спб-гермес-яндекс-карты,2026-05-11,2026-05,СПБ,Гермес,autodrive-school.ru · hermesrf-spb.ru · гермес,Яндекс Карты,7,2,0,0.0,0.0,,0.0,0.0,0,0
brandperf-2026-05-11-спб-движение-другие,2026-05-11,2026-05,СПБ,Движение,autoshkola-dvijenie.ru,Другие,1,1,0,0.0,0.0,,0.0,0.0,0,0
brandperf-2026-05-11-спб-заправами-другие,2026-05-11,2026-05,СПБ,ЗаПравами,avtoshkola-zapravami.ru,Другие,2,1,0,0.0,0.0,,0.0,0.0,0,0
brandperf-2026-05-11-спб-изи-драи-в-2гис,2026-05-11,2026-05,СПБ,Изи Драйв,izidrive.msk.ru · izidrive.ru · изи-драи-в,2ГИС,5,3,0,0.0,0.0,,0.0,0.0,0,0
brandperf-2026-05-11-спб-изи-драи-в-zoon,2026-05-11,2026-05,СПБ,Изи Драйв,изи-драи-в,Zoon,1,0,0,0.0,0.0,,0.0,0,0,0
brandperf-2026-05-11-спб-изи-драи-в-гугл-карты,2026-05-11,2026-05,СПБ,Изи Драйв,autodrive-school.ru · izidrive.ru · yspexspb.ru,Гугл Карты,12,5,1,117990.0,0.0,,0.0,0.0,0.0,117990.0
brandperf-2026-05-11-спб-изи-драи-в-другие,2026-05-11,2026-05,СПБ,Изи Драйв,izidrive.ru,Другие,24,9,3,207490.0,0.0,,0.0,0.0,0.0,69163.33
brandperf-2026-05-11-спб-изи-драи-в-яндекс-карты,2026-05-11,2026-05,СПБ,Изи Драйв,izidrive.ru · изи-драи-в,Яндекс Карты,2,0,0,0.0,0.0,,0.0,0,0,0
brandperf-2026-05-11-спб-колибри-другие,2026-05-11,2026-05,СПБ,Колибри,autoshkola-kolibri.ru,Другие,2,0,0,0.0,0.0,,0.0,0,0,0
brandperf-2026-05-11-спб-лучшая-автошкола-спб-2гис,2026-05-11,2026-05,СПБ,Лучшая Автошкола Спб,лучшая-автошкола-спб.рф,2ГИС,1,0,0,0.0,0.0,,0.0,0,0,0
brandperf-2026-05-11-спб-лучшая-автошкола-спб-гугл-карты,2026-05-11,2026-05,СПБ,Лучшая Автошкола Спб,лучшая-автошкола-спб.рф,Гугл Карты,2,1,0,0.0,0.0,,0.0,0.0,0,0
brandperf-2026-05-11-спб-лучшая-автошкола-спб-другие,2026-05-11,2026-05,СПБ,Лучшая Автошкола Спб,лучшая-автошкола-спб.рф,Другие,1,0,0,0.0,0.0,,0.0,0,0,0
brandperf-2026-05-11-спб-лучшая-автошкола-спб-прямые-визиты,2026-05-11,2026-05,СПБ,Лучшая Автошкола Спб,лучшая-автошкола-спб.рф,Прямые визиты,6,3,0,0.0,0.0,,0.0,0.0,0,0
brandperf-2026-05-11-спб-лучшая-автошкола-спб-роботы,2026-05-11,2026-05,СПБ,Лучшая Автошкола Спб,лучшая-автошкола-спб.рф,Роботы,1,0,0,0.0,0.0,,0.0,0,0,0
brandperf-2026-05-11-спб-лучшая-автошкола-спб-яндекс-карты,2026-05-11,2026-05,СПБ,Лучшая Автошкола Спб,лучшая-автошкола-спб.рф,Яндекс Карты,3,2,0,0.0,0.0,,0.0,0.0,0,0
brandperf-2026-05-11-спб-маневр-другие,2026-05-11,2026-05,СПБ,Маневр,autoshkola-manevr.ru,Другие,2,0,0,0.0,0.0,,0.0,0,0,0
brandperf-2026-05-11-спб-пора-за-руль-другие,2026-05-11,2026-05,СПБ,Пора за руль,autoshkola-porazarul.ru · pora-za-rul.ru,Другие,13,7,0,0.0,0.0,,0.0,0.0,0,0
brandperf-2026-05-11-спб-пора-за-руль-яндекс-карты,2026-05-11,2026-05,СПБ,Пора за руль,autoshkola-porazarul.ru · pora-za-rul.ru,Яндекс Карты,21,7,0,0.0,0.0,,0.0,0.0,0,0
brandperf-2026-05-11-спб-ралли-другие,2026-05-11,2026-05,СПБ,Ралли,rallischool.ru,Другие,4,1,0,0.0,0.0,,0.0,0.0,0,0
brandperf-2026-05-11-спб-рулевои-гугл-карты,2026-05-11,2026-05,СПБ,Рулевой,avtoshkola-ruler.ru · avtoshkola-rulevoi.ru · рулевои,Гугл Карты,3,1,0,0.0,0.0,,0.0,0.0,0,0
brandperf-2026-05-11-спб-рулевои-другие,2026-05-11,2026-05,СПБ,Рулевой,avtoshkola-ruler.ru · avtoshkola-rulevoi.ru,Другие,14,4,0,0.0,0.0,,0.0,0.0,0,0
brandperf-2026-05-11-спб-студент-другие,2026-05-11,2026-05,СПБ,Студент,avtoshkola-student.ru,Другие,5,1,1,87500.0,0.0,,0.0,0.0,0.0,87500.0
brandperf-2026-05-11-спб-топгир-2гис,2026-05-11,2026-05,СПБ,ТопГир,avtomotospb.ru,2ГИС,1,0,0,0.0,0.0,,0.0,0,0,0
brandperf-2026-05-11-спб-успех-другие,2026-05-11,2026-05,СПБ,Успех,yspexspb.ru,Другие,8,3,0,0.0,0.0,,0.0,0.0,0,0
brandperf-2026-05-11-спб-форвард-гугл-карты,2026-05-11,2026-05,СПБ,Форвард,форвард,Гугл Карты,1,0,0,0.0,0.0,,0.0,0,0,0
brandperf-2026-05-11-спб-центральная-другие,2026-05-11,2026-05,СПБ,Центральная,autoshkola-centralnaya.ru,Другие,2,1,0,0.0,0.0,,0.0,0.0,0,0
brandperf-2026-05-11-спб-штиль-гугл-карты,2026-05-11,2026-05,СПБ,Штиль,avtoshkola-shtil.ru,Гугл Карты,2,1,0,0.0,0.0,,0.0,0.0,0,0
brandperf-2026-05-11-спб-штиль-другие,2026-05-11,2026-05,СПБ,Штиль,avtoshkola-shtil.ru,Другие,7,4,0,0.0,0.0,,0.0,0.0,0,0
brandperf-2026-05-11-спб-штиль-яндекс-карты,2026-05-11,2026-05,СПБ,Штиль,штиль,Яндекс Карты,1,0,0,0.0,0.0,,0.0,0,0,0
brandperf-2026-05-11-спб-ягуар-другие,2026-05-11,2026-05,СПБ,Ягуар,avtoshkola-yaguarspb.ru,Другие,3,2,0,0.0,0.0,,0.0,0.0,0,0
brandperf-2026-05-18-мск-autonefrit-другие,2026-05-18,2026-05,МСК,Autonefrit,autonefrit.ru,Другие,2,1,0,0.0,0.0,,0.0,0.0,0,0
brandperf-2026-05-18-мск-axel-прямые-визиты,2026-05-18,2026-05,МСК,Axel,avtoshkola-axel.ru,Прямые визиты,1,0,0,0.0,0.0,,0.0,0,0,0
brandperf-2026-05-18-мск-bamblbi-другие,2026-05-18,2026-05,МСК,Bamblbi,avtoshkola-bamblbi.ru,Другие,2,0,0,0.0,0.0,,0.0,0,0,0
brandperf-2026-05-18-мск-cityavto-другие,2026-05-18,2026-05,МСК,Cityavto,avtoshkola-cityavto.ru,Другие,3,1,1,26990.0,0.0,,0.0,0.0,0.0,26990.0
brandperf-2026-05-18-мск-master-другие,2026-05-18,2026-05,МСК,Master,autoshkola-master.ru,Другие,2,1,1,58990.0,0.0,,0.0,0.0,0.0,58990.0
brandperf-2026-05-18-мск-mclaren-другие,2026-05-18,2026-05,МСК,McLaren,autoshkola-mclaren.ru,Другие,1,0,0,0.0,0.0,,0.0,0,0,0
brandperf-2026-05-18-мск-schoolselect-другие,2026-05-18,2026-05,МСК,SchoolSelect,schoolselect.ru,Другие,4,0,1,26990.0,0.0,,0.0,0,0.0,26990.0
brandperf-2026-05-18-мск-schoolselect-прямые-визиты,2026-05-18,2026-05,МСК,SchoolSelect,schoolselect.ru,Прямые визиты,2,2,0,0.0,0.0,,0.0,0.0,0,0
brandperf-2026-05-18-мск-schoolselect-яндекс-карты,2026-05-18,2026-05,МСК,SchoolSelect,schoolselect.ru,Яндекс Карты,1,0,0,0.0,0.0,,0.0,0,0,0
brandperf-2026-05-18-мск-skyauto-другие,2026-05-18,2026-05,МСК,SkyAuto,avtoshkola-skyauto.ru,Другие,1,0,0,0.0,0.0,,0.0,0,0,0
brandperf-2026-05-18-мск-smart-другие,2026-05-18,2026-05,МСК,Smart,avtoshkola-smart.ru,Другие,1,1,0,0.0,0.0,,0.0,0.0,0,0
brandperf-2026-05-18-мск-автогуру-другие,2026-05-18,2026-05,МСК,АвтоГуру,autoshkola-guru.ru,Другие,7,4,2,96980.0,0.0,,0.0,0.0,0.0,48490.0
brandperf-2026-05-18-мск-автодраи-в-2гис,2026-05-18,2026-05,МСК,АвтоДрайв,autodrive.msk.ru · автодраи-в,2ГИС,15,4,1,59990.0,0.0,,0.0,0.0,0.0,59990.0
brandperf-2026-05-18-мск-автодраи-в-гугл-карты,2026-05-18,2026-05,МСК,АвтоДрайв,autodrive.msk.ru,Гугл Карты,1,1,0,0.0,0.0,,0.0,0.0,0,0
brandperf-2026-05-18-мск-автодраи-в-другие,2026-05-18,2026-05,МСК,АвтоДрайв,autodrive-school.ru · autodrive.msk.ru,Другие,31,22,8,357430.0,0.0,,0.0,0.0,0.0,44678.75
brandperf-2026-05-18-мск-автодраи-в-прямые-визиты,2026-05-18,2026-05,МСК,АвтоДрайв,autodrive.msk.ru,Прямые визиты,3,1,1,36990.0,0.0,,0.0,0.0,0.0,36990.0
brandperf-2026-05-18-мск-автодраи-в-яндекс-карты,2026-05-18,2026-05,МСК,АвтоДрайв,autodrive-school.ru · autodrive.msk.ru · izidrive.msk.ru,Яндекс Карты,31,10,1,59500.0,0.0,,0.0,0.0,0.0,59500.0
brandperf-2026-05-18-мск-автомск-другие,2026-05-18,2026-05,МСК,АвтоМСК,avtoshkola-avtomsk.ru,Другие,3,1,0,0.0,0.0,,0.0,0.0,0,0
brandperf-2026-05-18-мск-автомобиль-другие,2026-05-18,2026-05,МСК,АвтоМобиль,avtoshkola-automobil.ru,Другие,4,0,0,0.0,0.0,,0.0,0,0,0
brandperf-2026-05-18-мск-автонева-2гис,2026-05-18,2026-05,МСК,АвтоНева,автонева,2ГИС,1,0,0,0.0,0.0,,0.0,0,0,0
brandperf-2026-05-18-мск-автонева-другие,2026-05-18,2026-05,МСК,АвтоНева,avtoshkola-auto-neva.ru,Другие,5,2,0,0.0,0.0,,0.0,0.0,0,0
brandperf-2026-05-18-мск-автоправо-2гис,2026-05-18,2026-05,МСК,АвтоПраво,autoshkola-avtopravo.ru · autoshkola-praimauto.ru · izidrive.msk.ru,2ГИС,4,1,0,0.0,0.0,,0.0,0.0,0,0
brandperf-2026-05-18-мск-автоправо-seo,2026-05-18,2026-05,МСК,АвтоПраво,autoshkola-avtopravo.ru,SEO,3,1,0,0.0,0.0,,0.0,0.0,0,0
brandperf-2026-05-18-мск-автоправо-другие,2026-05-18,2026-05,МСК,АвтоПраво,autoshkola-avtopravo.ru,Другие,31,16,6,193950.0,0.0,,0.0,0.0,0.0,32325.0
brandperf-2026-05-18-мск-автоправо-прямые-визиты,2026-05-18,2026-05,МСК,АвтоПраво,autoshkola-avtopravo.ru,Прямые визиты,1,0,0,0.0,0.0,,0.0,0,0,0
brandperf-2026-05-18-мск-автоправо-яндекс-карты,2026-05-18,2026-05,МСК,АвтоПраво,autoshkola-avtopravo.ru,Яндекс Карты,4,1,0,0.0,0.0,,0.0,0.0,0,0
brandperf-2026-05-18-мск-автотест-другие,2026-05-18,2026-05,МСК,АвтоТест,autoshkola-avtotest.ru,Другие,9,2,1,37990.0,0.0,,0.0,0.0,0.0,37990.0
brandperf-2026-05-18-мск-автотест-яндекс-карты,2026-05-18,2026-05,МСК,АвтоТест,autoshkola-avtotest.ru · автотест,Яндекс Карты,2,0,0,0.0,0.0,,0.0,0,0,0
brandperf-2026-05-18-мск-алонсо-другие,2026-05-18,2026-05,МСК,Алонсо,avtoshkola-alonso.ru,Другие,1,0,0,0.0,0.0,,0.0,0,0,0
brandperf-2026-05-18-мск-армада-другие,2026-05-18,2026-05,МСК,Армада,avtoshkola-armada.ru,Другие,2,1,0,0.0,0.0,,0.0,0.0,0,0
brandperf-2026-05-18-мск-атлант-другие,2026-05-18,2026-05,МСК,Атлант,avtoshkola-atlant.ru,Другие,6,2,0,0.0,0.0,,0.0,0.0,0,0
brandperf-2026-05-18-мск-велес-другие,2026-05-18,2026-05,МСК,Велес,avtoshkola-veles.ru,Другие,6,5,1,59990.0,0.0,,0.0,0.0,0.0,59990.0
brandperf-2026-05-18-мск-виадук-другие,2026-05-18,2026-05,МСК,Виадук,avtoshkola-viaduk.ru,Другие,2,1,0,0.0,0.0,,0.0,0.0,0,0
brandperf-2026-05-18-мск-виктория-гугл-карты,2026-05-18,2026-05,МСК,Виктория,виктория,Гугл Карты,1,0,0,0.0,0.0,,0.0,0,0,0
brandperf-2026-05-18-мск-гермес-2гис,2026-05-18,2026-05,МСК,Гермес,avtoshkola-tg.ru · hermes-mos.ru · гермес,2ГИС,11,2,1,58990.0,0.0,,0.0,0.0,0.0,58990.0
brandperf-2026-05-18-мск-гермес-другие,2026-05-18,2026-05,МСК,Гермес,hermes-mos.ru,Другие,24,12,10,421940.0,0.0,,0.0,0.0,0.0,42194.0
brandperf-2026-05-18-мск-гермес-прямые-визиты,2026-05-18,2026-05,МСК,Гермес,hermes-mos.ru,Прямые визиты,2,1,1,49500.0,0.0,,0.0,0.0,0.0,49500.0
brandperf-2026-05-18-мск-гермес-рек-кешбэк,2026-05-18,2026-05,МСК,Гермес,hermes-mos.ru,Рек/кешбэк,1,1,1,26990.0,0.0,,0.0,0.0,0.0,26990.0
brandperf-2026-05-18-мск-гермес-яндекс-карты,2026-05-18,2026-05,МСК,Гермес,hermes-mos.ru · hermesrf-spb.ru · гермес,Яндекс Карты,37,12,2,63980.0,0.0,,0.0,0.0,0.0,31990.0
brandperf-2026-05-18-мск-глобал-другие,2026-05-18,2026-05,МСК,Глобал,avtoshkola-global.ru,Другие,1,0,0,0.0,0.0,,0.0,0,0,0
brandperf-2026-05-18-мск-изи-драи-в-2гис,2026-05-18,2026-05,МСК,Изи Драйв,autoshkola-avtopravo.ru · izidrive.msk.ru,2ГИС,3,2,0,0.0,0.0,,0.0,0.0,0,0
brandperf-2026-05-18-мск-изи-драи-в-seo,2026-05-18,2026-05,МСК,Изи Драйв,изи-драйв.рф,SEO,6,0,0,0.0,0.0,,0.0,0,0,0
brandperf-2026-05-18-мск-изи-драи-в-гугл-карты,2026-05-18,2026-05,МСК,Изи Драйв,изи-драйв.рф,Гугл Карты,1,0,0,0.0,0.0,,0.0,0,0,0
brandperf-2026-05-18-мск-изи-драи-в-другие,2026-05-18,2026-05,МСК,Изи Драйв,izidrive.msk.ru · изи-драйв.рф,Другие,50,18,11,457910.0,0.0,,0.0,0.0,0.0,41628.18
brandperf-2026-05-18-мск-изи-драи-в-прямые-визиты,2026-05-18,2026-05,МСК,Изи Драйв,изи-драйв.рф,Прямые визиты,3,1,0,0.0,0.0,,0.0,0.0,0,0
brandperf-2026-05-18-мск-изи-драи-в-яндекс-карты,2026-05-18,2026-05,МСК,Изи Драйв,izidrive.msk.ru · изи-драйв.рф,Яндекс Карты,2,1,0,0.0,0.0,,0.0,0.0,0,0
brandperf-2026-05-18-мск-континенталь-другие,2026-05-18,2026-05,МСК,Континенталь,avtoshkola-kontinental.ru,Другие,2,0,0,0.0,0.0,,0.0,0,0,0
brandperf-2026-05-18-мск-ланистер-другие,2026-05-18,2026-05,МСК,Ланистер,autoschkola-lanister.ru,Другие,3,1,1,36990.0,0.0,,0.0,0.0,0.0,36990.0
brandperf-2026-05-18-мск-пора-за-руль-2гис,2026-05-18,2026-05,МСК,Пора за руль,autoshkola-porazarul.ru,2ГИС,2,1,1,26990.0,0.0,,0.0,0.0,0.0,26990.0
brandperf-2026-05-18-мск-пора-за-руль-гугл-карты,2026-05-18,2026-05,МСК,Пора за руль,пора-за-руль,Гугл Карты,1,0,0,0.0,0.0,,0.0,0,0,0
brandperf-2026-05-18-мск-пора-за-руль-другие,2026-05-18,2026-05,МСК,Пора за руль,autoshkola-poputi.ru,Другие,9,2,1,71500.0,0.0,,0.0,0.0,0.0,71500.0
brandperf-2026-05-18-мск-пора-за-руль-рек-кешбэк,2026-05-18,2026-05,МСК,Пора за руль,autoshkola-porazarul.ru,Рек/кешбэк,1,1,1,26990.0,0.0,,0.0,0.0,0.0,26990.0
brandperf-2026-05-18-мск-пора-за-руль-яндекс-карты,2026-05-18,2026-05,МСК,Пора за руль,autoshkola-porazarul.ru · avtoshkola-tg.ru · pora-za-rul.ru,Яндекс Карты,7,6,5,213470.0,0.0,,0.0,0.0,0.0,42694.0
brandperf-2026-05-18-мск-родос-другие,2026-05-18,2026-05,МСК,Родос,autoshkola-rodos.ru,Другие,4,1,1,58990.0,0.0,,0.0,0.0,0.0,58990.0
brandperf-2026-05-18-мск-рулевои-гугл-карты,2026-05-18,2026-05,МСК,Рулевой,avtoshkola-rul.ru,Гугл Карты,1,0,0,0.0,0.0,,0.0,0,0,0
brandperf-2026-05-18-мск-рулевои-другие,2026-05-18,2026-05,МСК,Рулевой,rulevoy-msk.ru,Другие,7,2,0,0.0,0.0,,0.0,0.0,0,0
brandperf-2026-05-18-мск-рулевои-яндекс-карты,2026-05-18,2026-05,МСК,Рулевой,rulevoy-msk.ru,Яндекс Карты,1,1,1,36990.0,0.0,,0.0,0.0,0.0,36990.0
brandperf-2026-05-18-мск-студент-гугл-карты,2026-05-18,2026-05,МСК,Студент,avtoshkola-student.ru,Гугл Карты,1,0,0,0.0,0.0,,0.0,0,0,0
brandperf-2026-05-18-мск-топгир-2гис,2026-05-18,2026-05,МСК,ТопГир,avtoshkola-tg.ru · avtoshkola812.ru · izidrive.msk.ru,2ГИС,24,13,4,151960.0,0.0,,0.0,0.0,0.0,37990.0
brandperf-2026-05-18-мск-топгир-seo,2026-05-18,2026-05,МСК,ТопГир,avtoshkola-tg.ru,SEO,2,2,0,0.0,0.0,,0.0,0.0,0,0
brandperf-2026-05-18-мск-топгир-гугл-карты,2026-05-18,2026-05,МСК,ТопГир,avtoshkola-tg.ru · топгир,Гугл Карты,16,4,2,64980.0,0.0,,0.0,0.0,0.0,32490.0
brandperf-2026-05-18-мск-топгир-другие,2026-05-18,2026-05,МСК,ТопГир,avtoshkola-tg.ru,Другие,22,11,6,280450.0,0.0,,0.0,0.0,0.0,46741.67
brandperf-2026-05-18-мск-топгир-рек-кешбэк,2026-05-18,2026-05,МСК,ТопГир,avtoshkola-tg.ru,Рек/кешбэк,1,1,0,0.0,0.0,,0.0,0.0,0,0
brandperf-2026-05-18-мск-топгир-яндекс-карты,2026-05-18,2026-05,МСК,ТопГир,avtoshkola-tg.ru · топгир,Яндекс Карты,13,4,2,53980.0,0.0,,0.0,0.0,0.0,26990.0
brandperf-2026-05-18-мск-флагман-гугл-карты,2026-05-18,2026-05,МСК,Флагман,флагман,Гугл Карты,1,1,0,0.0,0.0,,0.0,0.0,0,0
brandperf-2026-05-18-мск-флагман-другие,2026-05-18,2026-05,МСК,Флагман,avtoshkola-flagmanmsk.ru,Другие,1,0,0,0.0,0.0,,0.0,0,0,0
brandperf-2026-05-18-спб-autopolus-другие,2026-05-18,2026-05,СПБ,Autopolus,avtoshkola-autopolus.ru,Другие,1,1,0,0.0,0.0,,0.0,0.0,0,0
brandperf-2026-05-18-спб-autozachet-другие,2026-05-18,2026-05,СПБ,Autozachet,avtoshkola-autozachet.ru,Другие,3,1,0,0.0,0.0,,0.0,0.0,0,0
brandperf-2026-05-18-спб-dream-auto-другие,2026-05-18,2026-05,СПБ,Dream Auto,dreamautoschool.ru,Другие,7,3,2,153000.0,0.0,,0.0,0.0,0.0,76500.0
brandperf-2026-05-18-спб-dream-auto-яндекс-карты,2026-05-18,2026-05,СПБ,Dream Auto,autolandschool.ru · dream-auto · dreamautoschool.ru,Яндекс Карты,7,3,1,65500.0,0.0,,0.0,0.0,0.0,65500.0
brandperf-2026-05-18-спб-happydriver-другие,2026-05-18,2026-05,СПБ,Happydriver,avtoshkola-happydriver.ru,Другие,1,0,0,0.0,0.0,,0.0,0,0,0
brandperf-2026-05-18-спб-motor-другие,2026-05-18,2026-05,СПБ,Motor,avtoshkola-motor.ru,Другие,1,1,0,0.0,0.0,,0.0,0.0,0,0
brandperf-2026-05-18-спб-pervayaperedacha-другие,2026-05-18,2026-05,СПБ,Pervayaperedacha,avtoshkola-pervayaperedacha.ru,Другие,1,1,1,65500.0,0.0,,0.0,0.0,0.0,65500.0
brandperf-2026-05-18-спб-piterdriving-другие,2026-05-18,2026-05,СПБ,Piterdriving,piterdriving.ru,Другие,1,0,0,0.0,0.0,,0.0,0,0,0
brandperf-2026-05-18-спб-sedan-другие,2026-05-18,2026-05,СПБ,Sedan,avtoshkola-sedan.ru,Другие,2,0,0,0.0,0.0,,0.0,0,0,0
brandperf-2026-05-18-спб-signal-другие,2026-05-18,2026-05,СПБ,Signal,avtoshkola-signal.ru,Другие,1,1,0,0.0,0.0,,0.0,0.0,0,0
brandperf-2026-05-18-спб-а-поло-другие,2026-05-18,2026-05,СПБ,А-Поло,avtoshkola-apolo.ru,Другие,8,1,1,29500.0,0.0,,0.0,0.0,0.0,29500.0
brandperf-2026-05-18-спб-автобот-гугл-карты,2026-05-18,2026-05,СПБ,АвтоБот,автобот,Гугл Карты,1,0,0,0.0,0.0,,0.0,0,0,0
brandperf-2026-05-18-спб-автобот-другие,2026-05-18,2026-05,СПБ,АвтоБот,avtoshkola-avtobot.ru,Другие,1,1,0,0.0,0.0,,0.0,0.0,0,0
brandperf-2026-05-18-спб-автодраи-в-2гис,2026-05-18,2026-05,СПБ,АвтоДрайв,autodrive-school.ru · autodrive.msk.ru · avtoshkola-rulevoi.ru,2ГИС,23,5,1,29500.0,0.0,,0.0,0.0,0.0,29500.0
brandperf-2026-05-18-спб-автодраи-в-seo,2026-05-18,2026-05,СПБ,АвтоДрайв,автодрайв.спб.рф,SEO,2,0,0,0.0,0.0,,0.0,0,0,0
brandperf-2026-05-18-спб-автодраи-в-гугл-карты,2026-05-18,2026-05,СПБ,АвтоДрайв,автодраи-в,Гугл Карты,1,0,0,0.0,0.0,,0.0,0,0,0
brandperf-2026-05-18-спб-автодраи-в-другие,2026-05-18,2026-05,СПБ,АвтоДрайв,autodrive-school.ru · autodrive-school.ru1,Другие,15,8,2,102490.0,0.0,,0.0,0.0,0.0,51245.0
brandperf-2026-05-18-спб-автодраи-в-прямые-визиты,2026-05-18,2026-05,СПБ,АвтоДрайв,autodrive-school.ru · автодрайв.спб.рф,Прямые визиты,4,4,0,0.0,0.0,,0.0,0.0,0,0
brandperf-2026-05-18-спб-автодраи-в-роботы,2026-05-18,2026-05,СПБ,АвтоДрайв,автодрайв.спб.рф,Роботы,1,0,0,0.0,0.0,,0.0,0,0,0
brandperf-2026-05-18-спб-автодраи-в-яндекс-карты,2026-05-18,2026-05,СПБ,АвтоДрайв,autodrive-school.ru · autolandschool.ru · avtoshkola-rulevoi.ru,Яндекс Карты,19,5,1,65500.0,0.0,,0.0,0.0,0.0,65500.0
brandperf-2026-05-18-спб-автоклуб-другие,2026-05-18,2026-05,СПБ,АвтоКлуб,avtoshkola-avtoclub.ru,Другие,6,3,1,65500.0,0.0,,0.0,0.0,0.0,65500.0
brandperf-2026-05-18-спб-автомотокласс-другие,2026-05-18,2026-05,СПБ,АвтоМотоКласс,avtomotospb.ru · avtoshkola-automotoklass.ru,Другие,2,1,0,0.0,0.0,,0.0,0.0,0,0
brandperf-2026-05-18-спб-автонавик-другие,2026-05-18,2026-05,СПБ,АвтоНавик,avtoshkola-autonavik.ru,Другие,4,0,0,0.0,0.0,,0.0,0,0,0
brandperf-2026-05-18-спб-автопрофи-другие,2026-05-18,2026-05,СПБ,АвтоПрофи,avtoshkola-avtoprofi.ru,Другие,4,1,0,0.0,0.0,,0.0,0.0,0,0
brandperf-2026-05-18-спб-автосити-2гис,2026-05-18,2026-05,СПБ,АвтоСити,avtoshkola-as.ru,2ГИС,4,2,0,0.0,0.0,,0.0,0.0,0,0
brandperf-2026-05-18-спб-автосити-гугл-карты,2026-05-18,2026-05,СПБ,АвтоСити,avtoshkola-as.ru,Гугл Карты,2,1,0,0.0,0.0,,0.0,0.0,0,0
brandperf-2026-05-18-спб-автосити-другие,2026-05-18,2026-05,СПБ,АвтоСити,avtoshkola-as.ru,Другие,21,9,2,153000.0,0.0,,0.0,0.0,0.0,76500.0
brandperf-2026-05-18-спб-автосити-яндекс-карты,2026-05-18,2026-05,СПБ,АвтоСити,avtoshkola-as.ru · автосити,Яндекс Карты,11,6,0,0.0,0.0,,0.0,0.0,0,0
brandperf-2026-05-18-спб-автотрек-другие,2026-05-18,2026-05,СПБ,АвтоТрек,avtoshkola-autotrack.ru,Другие,2,2,0,0.0,0.0,,0.0,0.0,0,0
brandperf-2026-05-18-спб-автолэнд-другие,2026-05-18,2026-05,СПБ,Автолэнд,autolandschool.ru,Другие,15,9,2,153000.0,0.0,,0.0,0.0,0.0,76500.0
brandperf-2026-05-18-спб-автошкола-100-другие,2026-05-18,2026-05,СПБ,Автошкола 100,автошкола100.рф,Другие,9,2,0,0.0,0.0,,0.0,0.0,0,0
brandperf-2026-05-18-спб-академика-гугл-карты,2026-05-18,2026-05,СПБ,Академика,академика-спб.рф,Гугл Карты,1,0,0,0.0,0.0,,0.0,0,0,0
brandperf-2026-05-18-спб-академика-другие,2026-05-18,2026-05,СПБ,Академика,академика-спб.рф,Другие,22,3,1,65500.0,0.0,,0.0,0.0,0.0,65500.0
brandperf-2026-05-18-спб-виктория-другие,2026-05-18,2026-05,СПБ,Виктория,autoshkola-victoria.ru,Другие,3,1,0,0.0,0.0,,0.0,0.0,0,0
brandperf-2026-05-18-спб-гермес-другие,2026-05-18,2026-05,СПБ,Гермес,hermesrf-spb.ru · гермес,Другие,8,2,1,70990.0,0.0,,0.0,0.0,0.0,70990.0
brandperf-2026-05-18-спб-гермес-яндекс-карты,2026-05-18,2026-05,СПБ,Гермес,hermesrf-spb.ru · академика-спб.рф,Яндекс Карты,10,4,0,0.0,0.0,,0.0,0.0,0,0
brandperf-2026-05-18-спб-движение-другие,2026-05-18,2026-05,СПБ,Движение,autoshkola-dvijenie.ru,Другие,1,0,0,0.0,0.0,,0.0,0,0,0
brandperf-2026-05-18-спб-изи-драи-в-2гис,2026-05-18,2026-05,СПБ,Изи Драйв,izidrive.msk.ru · izidrive.ru · изи-драи-в,2ГИС,9,0,0,0.0,0.0,,0.0,0,0,0
brandperf-2026-05-18-спб-изи-драи-в-гугл-карты,2026-05-18,2026-05,СПБ,Изи Драйв,izidrive.ru · изи-драи-в,Гугл Карты,3,0,0,0.0,0.0,,0.0,0,0,0
brandperf-2026-05-18-спб-изи-драи-в-прямые-визиты,2026-05-18,2026-05,СПБ,Изи Драйв,izidrive.ru,Прямые визиты,1,1,0,0.0,0.0,,0.0,0.0,0,0
brandperf-2026-05-18-спб-изи-драи-в-яндекс-карты,2026-05-18,2026-05,СПБ,Изи Драйв,autodrive-school.ru · izidrive.ru · изи-драи-в,Яндекс Карты,9,3,1,70990.0,0.0,,0.0,0.0,0.0,70990.0
brandperf-2026-05-18-спб-колибри-яндекс-карты,2026-05-18,2026-05,СПБ,Колибри,autoshkola-kolibri.ru,Яндекс Карты,1,1,0,0.0,0.0,,0.0,0.0,0,0
brandperf-2026-05-18-спб-лучшая-автошкола-спб-2гис,2026-05-18,2026-05,СПБ,Лучшая Автошкола Спб,лучшая-автошкола-спб.рф,2ГИС,1,0,0,0.0,0.0,,0.0,0,0,0
brandperf-2026-05-18-спб-лучшая-автошкола-спб-seo,2026-05-18,2026-05,СПБ,Лучшая Автошкола Спб,лучшая-автошкола-спб.рф,SEO,1,0,0,0.0,0.0,,0.0,0,0,0
brandperf-2026-05-18-спб-лучшая-автошкола-спб-прямые-визиты,2026-05-18,2026-05,СПБ,Лучшая Автошкола Спб,лучшая-автошкола-спб.рф,Прямые визиты,3,2,0,0.0,0.0,,0.0,0.0,0,0
brandperf-2026-05-18-спб-лучшая-автошкола-спб-роботы,2026-05-18,2026-05,СПБ,Лучшая Автошкола Спб,лучшая-автошкола-спб.рф,Роботы,2,1,1,87500.0,0.0,,0.0,0.0,0.0,87500.0
brandperf-2026-05-18-спб-лучшая-автошкола-спб-яндекс-карты,2026-05-18,2026-05,СПБ,Лучшая Автошкола Спб,лучшая-автошкола-спб.рф,Яндекс Карты,1,0,0,0.0,0.0,,0.0,0,0,0
brandperf-2026-05-18-спб-маневр-другие,2026-05-18,2026-05,СПБ,Маневр,autoshkola-manevr.ru,Другие,5,2,1,76990.0,0.0,,0.0,0.0,0.0,76990.0
brandperf-2026-05-18-спб-мираж-другие,2026-05-18,2026-05,СПБ,Мираж,avtoshkola-mirazh.ru,Другие,2,2,1,70990.0,0.0,,0.0,0.0,0.0,70990.0
brandperf-2026-05-18-спб-нет-бренда-другие,2026-05-18,2026-05,СПБ,Нет Бренда,нет бренда,Другие,1,0,0,0.0,0.0,,0.0,0,0,0
brandperf-2026-05-18-спб-пора-за-руль-другие,2026-05-18,2026-05,СПБ,Пора за руль,pora-za-rul.ru,Другие,19,8,1,87500.0,0.0,,0.0,0.0,0.0,87500.0
brandperf-2026-05-18-спб-пора-за-руль-яндекс-карты,2026-05-18,2026-05,СПБ,Пора за руль,autoshkola-porazarul.ru · izidrive.msk.ru · pora-za-rul.ru,Яндекс Карты,17,8,1,26990.0,0.0,,0.0,0.0,0.0,26990.0
brandperf-2026-05-18-спб-ралли-другие,2026-05-18,2026-05,СПБ,Ралли,rallischool.ru,Другие,11,3,0,0.0,0.0,,0.0,0.0,0,0
brandperf-2026-05-18-спб-рулевои-гугл-карты,2026-05-18,2026-05,СПБ,Рулевой,avtoshkola-rulevoi.ru,Гугл Карты,2,1,1,65500.0,0.0,,0.0,0.0,0.0,65500.0
brandperf-2026-05-18-спб-рулевои-другие,2026-05-18,2026-05,СПБ,Рулевой,avtoshkola-ruler.ru · avtoshkola-rulevoi.ru,Другие,23,7,2,95000.0,0.0,,0.0,0.0,0.0,47500.0
brandperf-2026-05-18-спб-студент-другие,2026-05-18,2026-05,СПБ,Студент,avtoshkola-student.ru,Другие,4,1,0,0.0,0.0,,0.0,0.0,0,0
brandperf-2026-05-18-спб-успех-другие,2026-05-18,2026-05,СПБ,Успех,yspexspb.ru,Другие,3,0,0,0.0,0.0,,0.0,0,0,0
brandperf-2026-05-18-спб-штиль-гугл-карты,2026-05-18,2026-05,СПБ,Штиль,штиль,Гугл Карты,2,0,0,0.0,0.0,,0.0,0,0,0
brandperf-2026-05-18-спб-штиль-другие,2026-05-18,2026-05,СПБ,Штиль,avtoshkola-shtil.ru,Другие,11,3,1,65500.0,0.0,,0.0,0.0,0.0,65500.0
brandperf-2026-05-18-спб-ягуар-другие,2026-05-18,2026-05,СПБ,Ягуар,avtoshkola-yaguarspb.ru,Другие,5,1,0,0.0,0.0,,0.0,0.0,0,0
brandperf-2026-05-25-мск-autonefrit-другие,2026-05-25,2026-05,МСК,Autonefrit,autonefrit.ru,Другие,5,3,1,36990.0,0.0,,0.0,0.0,0.0,36990.0
brandperf-2026-05-25-мск-imperiaauto-другие,2026-05-25,2026-05,МСК,Imperiaauto,autoshkola-imperiaauto.ru,Другие,1,0,0,0.0,0.0,,0.0,0,0,0
brandperf-2026-05-25-мск-mclaren-другие,2026-05-25,2026-05,МСК,McLaren,autoshkola-mclaren.ru,Другие,4,4,1,34990.0,0.0,,0.0,0.0,0.0,34990.0
brandperf-2026-05-25-мск-schoolselect-seo,2026-05-25,2026-05,МСК,SchoolSelect,schoolselect.ru,SEO,1,1,0,0.0,0.0,,0.0,0.0,0,0
brandperf-2026-05-25-мск-schoolselect-другие,2026-05-25,2026-05,МСК,SchoolSelect,schoolselect.ru,Другие,5,2,2,63980.0,0.0,,0.0,0.0,0.0,31990.0
brandperf-2026-05-25-мск-schoolselect-прямые-визиты,2026-05-25,2026-05,МСК,SchoolSelect,schoolselect.ru,Прямые визиты,2,2,2,63980.0,0.0,,0.0,0.0,0.0,31990.0
brandperf-2026-05-25-мск-schoolselect-яндекс-карты,2026-05-25,2026-05,МСК,SchoolSelect,schoolselect.ru,Яндекс Карты,1,1,1,59990.0,0.0,,0.0,0.0,0.0,59990.0
brandperf-2026-05-25-мск-shkolaamarant-другие,2026-05-25,2026-05,МСК,Shkolaamarant,shkolaamarant.ru,Другие,1,1,1,58990.0,0.0,,0.0,0.0,0.0,58990.0
brandperf-2026-05-25-мск-автогуру-другие,2026-05-25,2026-05,МСК,АвтоГуру,autoshkola-guru.ru,Другие,8,3,1,36990.0,0.0,,0.0,0.0,0.0,36990.0
brandperf-2026-05-25-мск-автодраи-в-2гис,2026-05-25,2026-05,МСК,АвтоДрайв,autodrive.msk.ru · izidrive.ru · автодраи-в,2ГИС,10,3,1,59500.0,0.0,,0.0,0.0,0.0,59500.0
brandperf-2026-05-25-мск-автодраи-в-гугл-карты,2026-05-25,2026-05,МСК,АвтоДрайв,autodrive.msk.ru · автошкола-автодрайв.москва,Гугл Карты,4,2,0,0.0,0.0,,0.0,0.0,0,0
brandperf-2026-05-25-мск-автодраи-в-другие,2026-05-25,2026-05,МСК,АвтоДрайв,autodrive.msk.ru · автошкола-автодрайв.москва,Другие,25,18,10,427900.0,0.0,,0.0,0.0,0.0,42790.0
brandperf-2026-05-25-мск-автодраи-в-прямые-визиты,2026-05-25,2026-05,МСК,АвтоДрайв,autodrive.msk.ru,Прямые визиты,2,2,1,36990.0,0.0,,0.0,0.0,0.0,36990.0
brandperf-2026-05-25-мск-автодраи-в-рек-кешбэк,2026-05-25,2026-05,МСК,АвтоДрайв,autodrive.msk.ru,Рек/кешбэк,2,2,2,53980.0,0.0,,0.0,0.0,0.0,26990.0
brandperf-2026-05-25-мск-автодраи-в-яндекс-карты,2026-05-25,2026-05,МСК,АвтоДрайв,autodrive.msk.ru · autoshkola-avtopravo.ru · izidrive.msk.ru,Яндекс Карты,34,15,4,137960.0,0.0,,0.0,0.0,0.0,34490.0
brandperf-2026-05-25-мск-автомск-другие,2026-05-25,2026-05,МСК,АвтоМСК,avtoshkola-avtomsk.ru,Другие,5,3,1,59990.0,0.0,,0.0,0.0,0.0,59990.0
brandperf-2026-05-25-мск-автомобиль-другие,2026-05-25,2026-05,МСК,АвтоМобиль,avtoshkola-automobil.ru,Другие,3,2,0,0.0,0.0,,0.0,0.0,0,0
brandperf-2026-05-25-мск-автомотокласс-другие,2026-05-25,2026-05,МСК,АвтоМотоКласс,avtoshkola-automotoklass.ru,Другие,2,1,0,0.0,0.0,,0.0,0.0,0,0
brandperf-2026-05-25-мск-автонева-другие,2026-05-25,2026-05,МСК,АвтоНева,avtoshkola-auto-neva.ru,Другие,6,4,3,101970.0,0.0,,0.0,0.0,0.0,33990.0
brandperf-2026-05-25-мск-автоправо-2гис,2026-05-25,2026-05,МСК,АвтоПраво,autoshkola-avtopravo.ru,2ГИС,1,1,0,0.0,0.0,,0.0,0.0,0,0
brandperf-2026-05-25-мск-автоправо-рек-кешбэк,2026-05-25,2026-05,МСК,АвтоПраво,autoshkola-avtopravo.ru,Рек/кешбэк,1,1,0,0.0,0.0,,0.0,0.0,0,0
brandperf-2026-05-25-мск-автоправо-яндекс-карты,2026-05-25,2026-05,МСК,АвтоПраво,autoshkola-avtopravo.ru,Яндекс Карты,2,1,0,0.0,0.0,,0.0,0.0,0,0
brandperf-2026-05-25-мск-автотест-2гис,2026-05-25,2026-05,МСК,АвтоТест,autoshkola-avtotest.ru,2ГИС,1,0,0,0.0,0.0,,0.0,0,0,0
brandperf-2026-05-25-мск-автотест-другие,2026-05-25,2026-05,МСК,АвтоТест,autoshkola-avtotest.ru,Другие,16,7,4,172960.0,0.0,,0.0,0.0,0.0,43240.0
brandperf-2026-05-25-мск-автотест-прямые-визиты,2026-05-25,2026-05,МСК,АвтоТест,autoshkola-avtotest.ru,Прямые визиты,1,1,0,0.0,0.0,,0.0,0.0,0,0
brandperf-2026-05-25-мск-автотест-яндекс-карты,2026-05-25,2026-05,МСК,АвтоТест,autoshkola-avtotest.ru · автотест,Яндекс Карты,4,1,1,59990.0,0.0,,0.0,0.0,0.0,59990.0
brandperf-2026-05-25-мск-алонсо-другие,2026-05-25,2026-05,МСК,Алонсо,avtoshkola-alonso.ru,Другие,5,3,0,0.0,0.0,,0.0,0.0,0,0
brandperf-2026-05-25-мск-алонсо-яндекс-карты,2026-05-25,2026-05,МСК,Алонсо,avtoshkola-alonso.ru,Яндекс Карты,1,1,0,0.0,0.0,,0.0,0.0,0,0
brandperf-2026-05-25-мск-атлант-другие,2026-05-25,2026-05,МСК,Атлант,avtoshkola-atlant.ru,Другие,5,1,1,36990.0,0.0,,0.0,0.0,0.0,36990.0
brandperf-2026-05-25-мск-велес-другие,2026-05-25,2026-05,МСК,Велес,avtoshkola-veles.ru,Другие,9,6,2,64980.0,0.0,,0.0,0.0,0.0,32490.0
brandperf-2026-05-25-мск-виадук-другие,2026-05-25,2026-05,МСК,Виадук,avtoshkola-viaduk.ru,Другие,3,1,1,59990.0,0.0,,0.0,0.0,0.0,59990.0
brandperf-2026-05-25-мск-гермес-2гис,2026-05-25,2026-05,МСК,Гермес,autoshkola-avtopravo.ru · hermes-mos.ru,2ГИС,8,6,1,35990.0,0.0,,0.0,0.0,0.0,35990.0
brandperf-2026-05-25-мск-гермес-seo,2026-05-25,2026-05,МСК,Гермес,hermes-mos.ru,SEO,1,0,1,42500.0,0.0,,0.0,0,0.0,42500.0
brandperf-2026-05-25-мск-гермес-гугл-карты,2026-05-25,2026-05,МСК,Гермес,hermes-mos.ru,Гугл Карты,1,1,1,37990.0,0.0,,0.0,0.0,0.0,37990.0
brandperf-2026-05-25-мск-гермес-другие,2026-05-25,2026-05,МСК,Гермес,hermes-mos.ru,Другие,27,12,6,291960.0,0.0,,0.0,0.0,0.0,48660.0
brandperf-2026-05-25-мск-гермес-рек-кешбэк,2026-05-25,2026-05,МСК,Гермес,hermes-mos.ru,Рек/кешбэк,1,1,1,27000.0,0.0,,0.0,0.0,0.0,27000.0
brandperf-2026-05-25-мск-гермес-яндекс-карты,2026-05-25,2026-05,МСК,Гермес,hermes-mos.ru · hermesrf-spb.ru · гермес,Яндекс Карты,37,20,2,86980.0,0.0,,0.0,0.0,0.0,43490.0
brandperf-2026-05-25-мск-изи-драи-в-2гис,2026-05-25,2026-05,МСК,Изи Драйв,izidrive.msk.ru · изи-драйв.рф,2ГИС,6,6,3,153480.0,0.0,,0.0,0.0,0.0,51160.0
brandperf-2026-05-25-мск-изи-драи-в-seo,2026-05-25,2026-05,МСК,Изи Драйв,изи-драйв.рф,SEO,5,0,0,0.0,0.0,,0.0,0,0,0
brandperf-2026-05-25-мск-изи-драи-в-гугл-карты,2026-05-25,2026-05,МСК,Изи Драйв,изи-драйв.рф,Гугл Карты,5,1,0,0.0,0.0,,0.0,0.0,0,0
brandperf-2026-05-25-мск-изи-драи-в-другие,2026-05-25,2026-05,МСК,Изи Драйв,izidrive.msk.ru · изи-драйв.рф,Другие,45,23,6,247850.0,0.0,,0.0,0.0,0.0,41308.33
brandperf-2026-05-25-мск-изи-драи-в-прямые-визиты,2026-05-25,2026-05,МСК,Изи Драйв,изи-драйв.рф,Прямые визиты,11,5,0,0.0,0.0,,0.0,0.0,0,0
brandperf-2026-05-25-мск-изи-драи-в-роботы,2026-05-25,2026-05,МСК,Изи Драйв,изи-драйв.рф,Роботы,8,4,0,0.0,0.0,,0.0,0.0,0,0
brandperf-2026-05-25-мск-изи-драи-в-яндекс-карты,2026-05-25,2026-05,МСК,Изи Драйв,izidrive.msk.ru · изи-драи-в · изи-драйв.рф,Яндекс Карты,13,8,2,96980.0,0.0,,0.0,0.0,0.0,48490.0
brandperf-2026-05-25-мск-континенталь-другие,2026-05-25,2026-05,МСК,Континенталь,avtoshkola-kontinental.ru,Другие,1,1,1,59990.0,0.0,,0.0,0.0,0.0,59990.0
brandperf-2026-05-25-мск-ланистер-другие,2026-05-25,2026-05,МСК,Ланистер,autoschkola-lanister.ru,Другие,1,1,0,0.0,0.0,,0.0,0.0,0,0
brandperf-2026-05-25-мск-пора-за-руль-гугл-карты,2026-05-25,2026-05,МСК,Пора за руль,autoshkola-porazarul.ru,Гугл Карты,1,0,0,0.0,0.0,,0.0,0,0,0
brandperf-2026-05-25-мск-пора-за-руль-другие,2026-05-25,2026-05,МСК,Пора за руль,autoshkola-poputi.ru · autoshkola-porazarul.ru,Другие,10,7,3,167480.0,0.0,,0.0,0.0,0.0,55826.67
brandperf-2026-05-25-мск-пора-за-руль-яндекс-карты,2026-05-25,2026-05,МСК,Пора за руль,autoshkola-porazarul.ru · hermes-mos.ru · пора-за-руль,Яндекс Карты,8,4,2,63980.0,0.0,,0.0,0.0,0.0,31990.0
brandperf-2026-05-25-мск-родос-другие,2026-05-25,2026-05,МСК,Родос,autoshkola-rodos.ru,Другие,3,0,0,0.0,0.0,,0.0,0,0,0
brandperf-2026-05-25-мск-рулевои-seo,2026-05-25,2026-05,МСК,Рулевой,rulevoy-msk.ru,SEO,1,0,0,0.0,0.0,,0.0,0,0,0
brandperf-2026-05-25-мск-рулевои-другие,2026-05-25,2026-05,МСК,Рулевой,avtoshkola-rul.ru · rulevoy-msk.ru,Другие,14,7,3,157480.0,0.0,,0.0,0.0,0.0,52493.33
brandperf-2026-05-25-мск-студент-гугл-карты,2026-05-25,2026-05,МСК,Студент,avtoshkola-student.ru,Гугл Карты,2,0,0,0.0,0.0,,0.0,0,0,0
brandperf-2026-05-25-мск-топгир-2гис,2026-05-25,2026-05,МСК,ТопГир,avtoshkola-tg.ru · автошкола-автодрайв.москва · изи-драйв.рф,2ГИС,24,12,4,230380.0,0.0,,0.0,0.0,0.0,57595.0
brandperf-2026-05-25-мск-топгир-гугл-карты,2026-05-25,2026-05,МСК,ТопГир,avtoshkola-tg.ru · топгир,Гугл Карты,7,3,0,0.0,0.0,,0.0,0.0,0,0
brandperf-2026-05-25-мск-топгир-другие,2026-05-25,2026-05,МСК,ТопГир,avtoshkola-tg.ru · топгир,Другие,14,8,5,229950.0,0.0,,0.0,0.0,0.0,45990.0
brandperf-2026-05-25-мск-топгир-прямые-визиты,2026-05-25,2026-05,МСК,ТопГир,avtoshkola-tg.ru,Прямые визиты,6,1,1,37990.0,0.0,,0.0,0.0,0.0,37990.0
brandperf-2026-05-25-мск-топгир-рек-кешбэк,2026-05-25,2026-05,МСК,ТопГир,avtoshkola-tg.ru,Рек/кешбэк,2,2,0,0.0,0.0,,0.0,0.0,0,0
brandperf-2026-05-25-мск-топгир-яндекс-карты,2026-05-25,2026-05,МСК,ТопГир,autoshkola-avtotest.ru · avtoshkola-tg.ru · топгир,Яндекс Карты,20,10,3,129480.0,0.0,,0.0,0.0,0.0,43160.0
brandperf-2026-05-25-мск-ученик-другие,2026-05-25,2026-05,МСК,Ученик,avtoshkola-uchenik.ru,Другие,3,1,0,0.0,0.0,,0.0,0.0,0,0
brandperf-2026-05-25-мск-ученик-прямые-визиты,2026-05-25,2026-05,МСК,Ученик,avtoshkola-uchenik.ru,Прямые визиты,1,1,0,0.0,0.0,,0.0,0.0,0,0
brandperf-2026-05-25-мск-флагман-2гис,2026-05-25,2026-05,МСК,Флагман,avtoshkola-flagmanmsk.ru,2ГИС,1,0,0,0.0,0.0,,0.0,0,0,0
brandperf-2026-05-25-мск-флагман-другие,2026-05-25,2026-05,МСК,Флагман,avtoshkola-flagmanmsk.ru,Другие,3,3,1,59500.0,0.0,,0.0,0.0,0.0,59500.0
brandperf-2026-05-25-спб-dream-auto-другие,2026-05-25,2026-05,СПБ,Dream Auto,dreamautoschool.ru,Другие,13,5,2,136490.0,0.0,,0.0,0.0,0.0,68245.0
brandperf-2026-05-25-спб-dream-auto-яндекс-карты,2026-05-25,2026-05,СПБ,Dream Auto,dream-auto,Яндекс Карты,1,0,0,0.0,0.0,,0.0,0,0,0
brandperf-2026-05-25-спб-krossauto-другие,2026-05-25,2026-05,СПБ,Krossauto,avtoshkola-krossauto.ru,Другие,1,0,0,0.0,0.0,,0.0,0,0,0
brandperf-2026-05-25-спб-praitauto-другие,2026-05-25,2026-05,СПБ,Praitauto,avtoshkola-praitauto.ru,Другие,1,0,0,0.0,0.0,,0.0,0,0,0
brandperf-2026-05-25-спб-а-поло-другие,2026-05-25,2026-05,СПБ,А-Поло,avtoshkola-apolo.ru,Другие,4,2,0,0.0,0.0,,0.0,0.0,0,0
brandperf-2026-05-25-спб-абсолют-гугл-карты,2026-05-25,2026-05,СПБ,Абсолют,абсолют,Гугл Карты,1,0,0,0.0,0.0,,0.0,0,0,0
brandperf-2026-05-25-спб-автодраи-в-2гис,2026-05-25,2026-05,СПБ,АвтоДрайв,autodrive-school.ru · автодраи-в · лучшая-автошкола-спб.рф,2ГИС,33,10,1,70990.0,0.0,,0.0,0.0,0.0,70990.0
brandperf-2026-05-25-спб-автодраи-в-гугл-карты,2026-05-25,2026-05,СПБ,АвтоДрайв,autodrive-school.ru · avtoshkola-zapravami.ru · автодраи-в,Гугл Карты,5,1,1,92990.0,0.0,,0.0,0.0,0.0,92990.0
brandperf-2026-05-25-спб-автодраи-в-другие,2026-05-25,2026-05,СПБ,АвтоДрайв,autodrive-school.ru,Другие,28,18,6,420490.0,0.0,,0.0,0.0,0.0,70081.67
brandperf-2026-05-25-спб-автодраи-в-прямые-визиты,2026-05-25,2026-05,СПБ,АвтоДрайв,autodrive-school.ru,Прямые визиты,2,1,0,0.0,0.0,,0.0,0.0,0,0
brandperf-2026-05-25-спб-автодраи-в-рек-кешбэк,2026-05-25,2026-05,СПБ,АвтоДрайв,autodrive-school.ru,Рек/кешбэк,1,1,1,26990.0,0.0,,0.0,0.0,0.0,26990.0
brandperf-2026-05-25-спб-автодраи-в-яндекс-карты,2026-05-25,2026-05,СПБ,АвтоДрайв,autodrive-school.ru · автодраи-в · лучшая-автошкола-спб.рф,Яндекс Карты,8,1,0,0.0,0.0,,0.0,0.0,0,0
brandperf-2026-05-25-спб-автоклуб-гугл-карты,2026-05-25,2026-05,СПБ,АвтоКлуб,avtoshkola-avtoclub.ru,Гугл Карты,1,0,0,0.0,0.0,,0.0,0,0,0
brandperf-2026-05-25-спб-автоклуб-другие,2026-05-25,2026-05,СПБ,АвтоКлуб,avtoshkola-avtoclub.ru,Другие,4,3,1,70990.0,0.0,,0.0,0.0,0.0,70990.0
brandperf-2026-05-25-спб-автомотокласс-гугл-карты,2026-05-25,2026-05,СПБ,АвтоМотоКласс,avtomotospb.ru · автомотокласс,Гугл Карты,2,1,1,29500.0,0.0,,0.0,0.0,0.0,29500.0
brandperf-2026-05-25-спб-автомотокласс-другие,2026-05-25,2026-05,СПБ,АвтоМотоКласс,avtomotospb.ru,Другие,4,2,0,0.0,0.0,,0.0,0.0,0,0
brandperf-2026-05-25-спб-автонавик-другие,2026-05-25,2026-05,СПБ,АвтоНавик,avtoshkola-autonavik.ru,Другие,1,0,0,0.0,0.0,,0.0,0,0,0
brandperf-2026-05-25-спб-автопрофи-гугл-карты,2026-05-25,2026-05,СПБ,АвтоПрофи,avtoshkola-avtoprofi.ru,Гугл Карты,1,1,0,0.0,0.0,,0.0,0.0,0,0
brandperf-2026-05-25-спб-автопрофи-другие,2026-05-25,2026-05,СПБ,АвтоПрофи,avtoshkola-avtoprofi.ru,Другие,7,1,0,0.0,0.0,,0.0,0.0,0,0
brandperf-2026-05-25-спб-автосити-2гис,2026-05-25,2026-05,СПБ,АвтоСити,avtoshkola-as.ru,2ГИС,2,0,0,0.0,0.0,,0.0,0,0,0
brandperf-2026-05-25-спб-автосити-гугл-карты,2026-05-25,2026-05,СПБ,АвтоСити,avtoshkola-as.ru · автосити,Гугл Карты,6,1,0,0.0,0.0,,0.0,0.0,0,0
brandperf-2026-05-25-спб-автосити-другие,2026-05-25,2026-05,СПБ,АвтоСити,avtoshkola-as.ru,Другие,16,9,1,70990.0,0.0,,0.0,0.0,0.0,70990.0
brandperf-2026-05-25-спб-автосити-яндекс-карты,2026-05-25,2026-05,СПБ,АвтоСити,avtoshkola-as.ru · лучшая-автошкола-спб.рф,Яндекс Карты,12,6,0,0.0,0.0,,0.0,0.0,0,0
brandperf-2026-05-25-спб-автотрек-другие,2026-05-25,2026-05,СПБ,АвтоТрек,avtoshkola-autotrack.ru,Другие,1,1,0,0.0,0.0,,0.0,0.0,0,0
brandperf-2026-05-25-спб-автолэнд-seo,2026-05-25,2026-05,СПБ,Автолэнд,autolandschool.ru,SEO,1,1,0,0.0,0.0,,0.0,0.0,0,0
brandperf-2026-05-25-спб-автолэнд-другие,2026-05-25,2026-05,СПБ,Автолэнд,autolandschool.ru,Другие,20,11,5,324480.0,0.0,,0.0,0.0,0.0,64896.0
brandperf-2026-05-25-спб-автошкола-100-другие,2026-05-25,2026-05,СПБ,Автошкола 100,автошкола100.рф,Другие,3,0,0,0.0,0.0,,0.0,0,0,0
brandperf-2026-05-25-спб-академика-другие,2026-05-25,2026-05,СПБ,Академика,академика-спб.рф,Другие,23,8,1,70990.0,0.0,,0.0,0.0,0.0,70990.0
brandperf-2026-05-25-спб-виктория-другие,2026-05-25,2026-05,СПБ,Виктория,autoshkola-victoria.ru,Другие,3,1,0,0.0,0.0,,0.0,0.0,0,0
brandperf-2026-05-25-спб-вождение-другие,2026-05-25,2026-05,СПБ,Вождение,вождение,Другие,1,1,1,87500.0,0.0,,0.0,0.0,0.0,87500.0
brandperf-2026-05-25-спб-гермес-другие,2026-05-25,2026-05,СПБ,Гермес,hermesrf-spb.ru,Другие,11,4,2,136490.0,0.0,,0.0,0.0,0.0,68245.0
brandperf-2026-05-25-спб-гермес-рек-кешбэк,2026-05-25,2026-05,СПБ,Гермес,hermesrf-spb.ru,Рек/кешбэк,1,1,1,70990.0,0.0,,0.0,0.0,0.0,70990.0
brandperf-2026-05-25-спб-гермес-яндекс-карты,2026-05-25,2026-05,СПБ,Гермес,autoshkola-kolibri.ru · hermesrf-spb.ru · pora-za-rul.ru,Яндекс Карты,18,7,0,0.0,0.0,,0.0,0.0,0,0
brandperf-2026-05-25-спб-движение-другие,2026-05-25,2026-05,СПБ,Движение,autoshkola-dvijenie.ru,Другие,2,0,0,0.0,0.0,,0.0,0,0,0
brandperf-2026-05-25-спб-заправами-гугл-карты,2026-05-25,2026-05,СПБ,ЗаПравами,avtoshkola-zapravami.ru,Гугл Карты,1,1,0,0.0,0.0,,0.0,0.0,0,0
brandperf-2026-05-25-спб-изи-драи-в-2гис,2026-05-25,2026-05,СПБ,Изи Драйв,izidrive.ru · изи-драи-в,2ГИС,9,1,0,0.0,0.0,,0.0,0.0,0,0
brandperf-2026-05-25-спб-изи-драи-в-zoon,2026-05-25,2026-05,СПБ,Изи Драйв,izidrive.ru,Zoon,1,0,0,0.0,0.0,,0.0,0,0,0
brandperf-2026-05-25-спб-изи-драи-в-гугл-карты,2026-05-25,2026-05,СПБ,Изи Драйв,autolandschool.ru · avtoshkola-avtoclub.ru · izidrive.msk.ru,Гугл Карты,5,0,0,0.0,0.0,,0.0,0,0,0
brandperf-2026-05-25-спб-изи-драи-в-другие,2026-05-25,2026-05,СПБ,Изи Драйв,izidrive.ru,Другие,21,13,8,510000.0,0.0,,0.0,0.0,0.0,63750.0
brandperf-2026-05-25-спб-изи-драи-в-прямые-визиты,2026-05-25,2026-05,СПБ,Изи Драйв,izidrive.ru,Прямые визиты,2,2,0,0.0,0.0,,0.0,0.0,0,0
brandperf-2026-05-25-спб-изи-драи-в-яндекс-карты,2026-05-25,2026-05,СПБ,Изи Драйв,izidrive.ru · изи-драи-в,Яндекс Карты,4,3,0,0.0,0.0,,0.0,0.0,0,0
brandperf-2026-05-25-спб-колибри-другие,2026-05-25,2026-05,СПБ,Колибри,autoshkola-kolibri.ru,Другие,3,1,0,0.0,0.0,,0.0,0.0,0,0
brandperf-2026-05-25-спб-колибри-яндекс-карты,2026-05-25,2026-05,СПБ,Колибри,колибри,Яндекс Карты,1,0,0,0.0,0.0,,0.0,0,0,0
brandperf-2026-05-25-спб-лучшая-автошкола-спб-другие,2026-05-25,2026-05,СПБ,Лучшая Автошкола Спб,лучшая-автошкола-спб.рф,Другие,1,0,0,0.0,0.0,,0.0,0,0,0
brandperf-2026-05-25-спб-лучшая-автошкола-спб-роботы,2026-05-25,2026-05,СПБ,Лучшая Автошкола Спб,лучшая-автошкола-спб.рф,Роботы,4,3,0,0.0,0.0,,0.0,0.0,0,0
brandperf-2026-05-25-спб-лучшая-автошкола-спб-яндекс-директ,2026-05-25,2026-05,СПБ,Лучшая Автошкола Спб,лучшая-автошкола-спб.рф,Яндекс Директ,2,0,0,0.0,0.0,,0.0,0,0,0
brandperf-2026-05-25-спб-лучшая-автошкола-спб-яндекс-карты,2026-05-25,2026-05,СПБ,Лучшая Автошкола Спб,лучшая-автошкола-спб.рф,Яндекс Карты,4,2,0,0.0,0.0,,0.0,0.0,0,0
brandperf-2026-05-25-спб-маневр-другие,2026-05-25,2026-05,СПБ,Маневр,autoshkola-manevr.ru,Другие,5,2,0,0.0,0.0,,0.0,0.0,0,0
brandperf-2026-05-25-спб-мираж-гугл-карты,2026-05-25,2026-05,СПБ,Мираж,мираж,Гугл Карты,1,0,0,0.0,0.0,,0.0,0,0,0
brandperf-2026-05-25-спб-мираж-другие,2026-05-25,2026-05,СПБ,Мираж,avtoshkola-mirazh.ru,Другие,1,1,1,29500.0,0.0,,0.0,0.0,0.0,29500.0
brandperf-2026-05-25-спб-пора-за-руль-другие,2026-05-25,2026-05,СПБ,Пора за руль,pora-za-rul.ru,Другие,28,14,5,303480.0,0.0,,0.0,0.0,0.0,60696.0
brandperf-2026-05-25-спб-пора-за-руль-яндекс-карты,2026-05-25,2026-05,СПБ,Пора за руль,autoshkola-porazarul.ru · pora-za-rul.ru,Яндекс Карты,14,2,1,35990.0,0.0,,0.0,0.0,0.0,35990.0
brandperf-2026-05-25-спб-ралли-другие,2026-05-25,2026-05,СПБ,Ралли,rallischool.ru,Другие,8,2,1,70990.0,0.0,,0.0,0.0,0.0,70990.0
brandperf-2026-05-25-спб-рулевои-гугл-карты,2026-05-25,2026-05,СПБ,Рулевой,avtoshkola-rulevoi.ru,Гугл Карты,1,1,0,0.0,0.0,,0.0,0.0,0,0
brandperf-2026-05-25-спб-рулевои-другие,2026-05-25,2026-05,СПБ,Рулевой,avtoshkola-rulevoi.ru,Другие,17,6,1,65500.0,0.0,,0.0,0.0,0.0,65500.0
brandperf-2026-05-25-спб-рулевои-прямые-визиты,2026-05-25,2026-05,СПБ,Рулевой,avtoshkola-rulevoi.ru,Прямые визиты,1,1,0,0.0,0.0,,0.0,0.0,0,0
brandperf-2026-05-25-спб-студент-другие,2026-05-25,2026-05,СПБ,Студент,avtoshkola-student.ru,Другие,5,2,0,0.0,0.0,,0.0,0.0,0,0
brandperf-2026-05-25-спб-топгир-2гис,2026-05-25,2026-05,СПБ,ТопГир,avtoshkola-as.ru · лучшая-автошкола-спб.рф,2ГИС,3,1,0,0.0,0.0,,0.0,0.0,0,0
brandperf-2026-05-25-спб-успех-другие,2026-05-25,2026-05,СПБ,Успех,yspexspb.ru,Другие,2,0,0,0.0,0.0,,0.0,0,0,0
brandperf-2026-05-25-спб-форвард-другие,2026-05-25,2026-05,СПБ,Форвард,avtoshkola-forvard.ru,Другие,1,0,0,0.0,0.0,,0.0,0,0,0
brandperf-2026-05-25-спб-центральная-другие,2026-05-25,2026-05,СПБ,Центральная,autoshkola-centralnaya.ru,Другие,6,2,1,29500.0,0.0,,0.0,0.0,0.0,29500.0
brandperf-2026-05-25-спб-штиль-гугл-карты,2026-05-25,2026-05,СПБ,Штиль,штиль,Гугл Карты,1,0,0,0.0,0.0,,0.0,0,0,0
brandperf-2026-05-25-спб-штиль-другие,2026-05-25,2026-05,СПБ,Штиль,avtoshkola-shtil.ru,Другие,8,1,1,29500.0,0.0,,0.0,0.0,0.0,29500.0
brandperf-2026-05-25-спб-ягуар-другие,2026-05-25,2026-05,СПБ,Ягуар,avtoshkola-yaguarspb.ru,Другие,4,2,0,0.0,0.0,,0.0,0.0,0,0
brandperf-2026-06-01-мск-autonefrit-другие,2026-06-01,2026-06,МСК,Autonefrit,autonefrit.ru,Другие,7,4,2,110490.0,0.0,,0.0,0.0,0.0,55245.0
brandperf-2026-06-01-мск-bamblbi-другие,2026-06-01,2026-06,МСК,Bamblbi,avtoshkola-bamblbi.ru,Другие,2,0,0,0.0,0.0,,0.0,0,0,0
brandperf-2026-06-01-мск-cityavto-другие,2026-06-01,2026-06,МСК,Cityavto,avtoshkola-cityavto.ru,Другие,1,0,0,0.0,0.0,,0.0,0,0,0
brandperf-2026-06-01-мск-mclaren-другие,2026-06-01,2026-06,МСК,McLaren,autoshkola-mclaren.ru,Другие,2,1,0,0.0,0.0,,0.0,0.0,0,0
brandperf-2026-06-01-мск-praimauto-другие,2026-06-01,2026-06,МСК,Praimauto,autoshkola-praimauto.ru,Другие,1,1,0,0.0,0.0,,0.0,0.0,0,0
brandperf-2026-06-01-мск-schoolselect-seo,2026-06-01,2026-06,МСК,SchoolSelect,schoolselect.ru,SEO,1,0,0,0.0,0.0,,0.0,0,0,0
brandperf-2026-06-01-мск-schoolselect-другие,2026-06-01,2026-06,МСК,SchoolSelect,schoolselect.ru,Другие,12,4,1,26990.0,0.0,,0.0,0.0,0.0,26990.0
brandperf-2026-06-01-мск-schoolselect-прямые-визиты,2026-06-01,2026-06,МСК,SchoolSelect,schoolselect.ru,Прямые визиты,2,2,1,58990.0,0.0,,0.0,0.0,0.0,58990.0
brandperf-2026-06-01-мск-skyauto-другие,2026-06-01,2026-06,МСК,SkyAuto,avtoshkola-skyauto.ru,Другие,1,0,0,0.0,0.0,,0.0,0,0,0
brandperf-2026-06-01-мск-автогуру-другие,2026-06-01,2026-06,МСК,АвтоГуру,autoshkola-guru.ru,Другие,8,1,0,0.0,0.0,,0.0,0.0,0,0
brandperf-2026-06-01-мск-автодраи-в-2гис,2026-06-01,2026-06,МСК,АвтоДрайв,autodrive.msk.ru · autoshkola-mclaren.ru · avtoshkola-rul.ru,2ГИС,16,5,0,0.0,0.0,,0.0,0.0,0,0
brandperf-2026-06-01-мск-автодраи-в-гугл-карты,2026-06-01,2026-06,МСК,АвтоДрайв,autodrive.msk.ru,Гугл Карты,2,1,0,0.0,0.0,,0.0,0.0,0,0
brandperf-2026-06-01-мск-автодраи-в-другие,2026-06-01,2026-06,МСК,АвтоДрайв,autodrive.msk.ru · автошкола-автодрайв.москва,Другие,25,20,11,493310.0,0.0,,0.0,0.0,0.0,44846.36
brandperf-2026-06-01-мск-автодраи-в-прямые-визиты,2026-06-01,2026-06,МСК,АвтоДрайв,autodrive.msk.ru,Прямые визиты,1,1,0,0.0,0.0,,0.0,0.0,0,0
brandperf-2026-06-01-мск-автодраи-в-рек-кешбэк,2026-06-01,2026-06,МСК,АвтоДрайв,autodrive.msk.ru,Рек/кешбэк,2,2,2,95980.0,0.0,,0.0,0.0,0.0,47990.0
brandperf-2026-06-01-мск-автодраи-в-яндекс-карты,2026-06-01,2026-06,МСК,АвтоДрайв,autodrive.msk.ru · schoolselect.ru · автодраи-в,Яндекс Карты,46,26,0,0.0,0.0,,0.0,0.0,0,0
brandperf-2026-06-01-мск-автомск-другие,2026-06-01,2026-06,МСК,АвтоМСК,avtoshkola-avtomsk.ru,Другие,8,1,1,26990.0,0.0,,0.0,0.0,0.0,26990.0
brandperf-2026-06-01-мск-автомобиль-другие,2026-06-01,2026-06,МСК,АвтоМобиль,avtoshkola-automobil.ru,Другие,4,4,3,140490.0,0.0,,0.0,0.0,0.0,46830.0
brandperf-2026-06-01-мск-автонева-другие,2026-06-01,2026-06,МСК,АвтоНева,avtoshkola-auto-neva.ru,Другие,6,3,1,36990.0,0.0,,0.0,0.0,0.0,36990.0
brandperf-2026-06-01-мск-автоправо-2гис,2026-06-01,2026-06,МСК,АвтоПраво,autoshkola-avtopravo.ru · автоправо,2ГИС,4,2,1,42500.0,0.0,,0.0,0.0,0.0,42500.0
brandperf-2026-06-01-мск-автоправо-другие,2026-06-01,2026-06,МСК,АвтоПраво,autoshkola-avtopravo.ru,Другие,33,17,7,230930.0,0.0,,0.0,0.0,0.0,32990.0
brandperf-2026-06-01-мск-автосити-гугл-карты,2026-06-01,2026-06,МСК,АвтоСити,autodrive.msk.ru,Гугл Карты,1,1,0,0.0,0.0,,0.0,0.0,0,0
brandperf-2026-06-01-мск-автосити-яндекс-карты,2026-06-01,2026-06,МСК,АвтоСити,изи-драйв.рф,Яндекс Карты,4,0,0,0.0,0.0,,0.0,0,0,0
brandperf-2026-06-01-мск-автотест-2гис,2026-06-01,2026-06,МСК,АвтоТест,autoshkola-avtotest.ru,2ГИС,1,0,0,0.0,0.0,,0.0,0,0,0
brandperf-2026-06-01-мск-автотест-другие,2026-06-01,2026-06,МСК,АвтоТест,autoshkola-avtotest.ru,Другие,18,5,3,112970.0,0.0,,0.0,0.0,0.0,37656.67
brandperf-2026-06-01-мск-автотест-яндекс-директ,2026-06-01,2026-06,МСК,АвтоТест,autoshkola-avtotest.ru,Яндекс Директ,1,0,0,0.0,0.0,,0.0,0,0,0
brandperf-2026-06-01-мск-автотест-яндекс-карты,2026-06-01,2026-06,МСК,АвтоТест,autoshkola-avtotest.ru,Яндекс Карты,1,0,0,0.0,0.0,,0.0,0,0,0
brandperf-2026-06-01-мск-алонсо-другие,2026-06-01,2026-06,МСК,Алонсо,avtoshkola-alonso.ru,Другие,4,0,0,0.0,0.0,,0.0,0,0,0
brandperf-2026-06-01-мск-армада-другие,2026-06-01,2026-06,МСК,Армада,avtoshkola-armada.ru,Другие,1,1,0,0.0,0.0,,0.0,0.0,0,0
brandperf-2026-06-01-мск-атлант-другие,2026-06-01,2026-06,МСК,Атлант,avtoshkola-atlant.ru,Другие,6,4,1,36990.0,0.0,,0.0,0.0,0.0,36990.0
brandperf-2026-06-01-мск-без-бренда-другие,2026-06-01,2026-06,МСК,Без Бренда,Без бренда,Другие,1,0,0,0.0,0.0,,0.0,0,0,0
brandperf-2026-06-01-мск-велес-другие,2026-06-01,2026-06,МСК,Велес,avtoshkola-veles.ru,Другие,9,4,2,96980.0,0.0,,0.0,0.0,0.0,48490.0
brandperf-2026-06-01-мск-виадук-другие,2026-06-01,2026-06,МСК,Виадук,avtoshkola-viaduk.ru,Другие,6,2,0,0.0,0.0,,0.0,0.0,0,0
brandperf-2026-06-01-мск-гермес-2гис,2026-06-01,2026-06,МСК,Гермес,avtoshkola-flagmanmsk.ru · hermes-mos.ru · гермес,2ГИС,10,3,1,36990.0,0.0,,0.0,0.0,0.0,36990.0
brandperf-2026-06-01-мск-гермес-seo,2026-06-01,2026-06,МСК,Гермес,hermes-mos.ru,SEO,1,0,1,26990.0,0.0,,0.0,0,0.0,26990.0
brandperf-2026-06-01-мск-гермес-другие,2026-06-01,2026-06,МСК,Гермес,hermes-mos.ru,Другие,23,12,9,363910.0,0.0,,0.0,0.0,0.0,40434.44
brandperf-2026-06-01-мск-гермес-рек-кешбэк,2026-06-01,2026-06,МСК,Гермес,hermes-mos.ru,Рек/кешбэк,2,2,2,94980.0,0.0,,0.0,0.0,0.0,47490.0
brandperf-2026-06-01-мск-гермес-яндекс-карты,2026-06-01,2026-06,МСК,Гермес,hermes-mos.ru · гермес · изи-драйв.рф,Яндекс Карты,37,16,2,91490.0,0.0,,0.0,0.0,0.0,45745.0
brandperf-2026-06-01-мск-глобал-другие,2026-06-01,2026-06,МСК,Глобал,avtoshkola-global.ru,Другие,3,0,0,0.0,0.0,,0.0,0,0,0
brandperf-2026-06-01-мск-изи-драи-в-2гис,2026-06-01,2026-06,МСК,Изи Драйв,autoshkola-avtotest.ru · autoshkola-imperiaauto.ru · izidrive.msk.ru,2ГИС,6,2,0,0.0,0.0,,0.0,0.0,0,0
brandperf-2026-06-01-мск-изи-драи-в-seo,2026-06-01,2026-06,МСК,Изи Драйв,изи-драйв.рф,SEO,1,0,0,0.0,0.0,,0.0,0,0,0
brandperf-2026-06-01-мск-изи-драи-в-гугл-карты,2026-06-01,2026-06,МСК,Изи Драйв,изи-драйв.рф,Гугл Карты,3,0,0,0.0,0.0,,0.0,0,0,0
brandperf-2026-06-01-мск-изи-драи-в-другие,2026-06-01,2026-06,МСК,Изи Драйв,izidrive.msk.ru · izidrive.ru · изи-драйв.рф,Другие,48,26,8,389940.0,0.0,,0.0,0.0,0.0,48742.5
brandperf-2026-06-01-мск-изи-драи-в-прямые-визиты,2026-06-01,2026-06,МСК,Изи Драйв,изи-драйв.рф,Прямые визиты,7,2,0,0.0,0.0,,0.0,0.0,0,0
brandperf-2026-06-01-мск-изи-драи-в-роботы,2026-06-01,2026-06,МСК,Изи Драйв,изи-драйв.рф,Роботы,7,1,1,37990.0,0.0,,0.0,0.0,0.0,37990.0
brandperf-2026-06-01-мск-изи-драи-в-яндекс-карты,2026-06-01,2026-06,МСК,Изи Драйв,izidrive.msk.ru · izidrive.ru · изи-драйв.рф,Яндекс Карты,15,10,0,0.0,0.0,,0.0,0.0,0,0
brandperf-2026-06-01-мск-ланистер-другие,2026-06-01,2026-06,МСК,Ланистер,autoschkola-lanister.ru,Другие,3,2,0,0.0,0.0,,0.0,0.0,0,0
brandperf-2026-06-01-мск-пора-за-руль-другие,2026-06-01,2026-06,МСК,Пора за руль,autoshkola-poputi.ru · autoshkola-porazarul.ru,Другие,12,4,1,58990.0,0.0,,0.0,0.0,0.0,58990.0
brandperf-2026-06-01-мск-пора-за-руль-прямые-визиты,2026-06-01,2026-06,МСК,Пора за руль,autoshkola-porazarul.ru,Прямые визиты,1,0,0,0.0,0.0,,0.0,0,0,0
brandperf-2026-06-01-мск-пора-за-руль-яндекс-карты,2026-06-01,2026-06,МСК,Пора за руль,autoshkola-porazarul.ru · пора-за-руль,Яндекс Карты,8,4,2,53980.0,0.0,,0.0,0.0,0.0,26990.0
brandperf-2026-06-01-мск-родос-другие,2026-06-01,2026-06,МСК,Родос,autoshkola-rodos.ru,Другие,10,6,2,95980.0,0.0,,0.0,0.0,0.0,47990.0
brandperf-2026-06-01-мск-рулевои-другие,2026-06-01,2026-06,МСК,Рулевой,avtoshkola-rul.ru · rulevoy-msk.ru,Другие,6,2,1,51500.0,0.0,,0.0,0.0,0.0,51500.0
brandperf-2026-06-01-мск-рулевои-прямые-визиты,2026-06-01,2026-06,МСК,Рулевой,rulevoy-msk.ru,Прямые визиты,1,0,0,0.0,0.0,,0.0,0,0,0
brandperf-2026-06-01-мск-студент-гугл-карты,2026-06-01,2026-06,МСК,Студент,avtoshkola-student.ru,Гугл Карты,1,0,0,0.0,0.0,,0.0,0,0,0
brandperf-2026-06-01-мск-топгир-2гис,2026-06-01,2026-06,МСК,ТопГир,autodrive.msk.ru · avtoshkola-tg.ru · izidrive.msk.ru,2ГИС,30,9,3,135970.0,0.0,,0.0,0.0,0.0,45323.33
brandperf-2026-06-01-мск-топгир-гугл-карты,2026-06-01,2026-06,МСК,ТопГир,avtoshkola-tg.ru · топгир,Гугл Карты,20,4,5,250980.0,0.0,,0.0,0.0,0.0,50196.0
brandperf-2026-06-01-мск-топгир-другие,2026-06-01,2026-06,МСК,ТопГир,avtoshkola-tg.ru,Другие,19,9,3,97480.0,0.0,,0.0,0.0,0.0,32493.33
brandperf-2026-06-01-мск-топгир-прямые-визиты,2026-06-01,2026-06,МСК,ТопГир,avtoshkola-tg.ru,Прямые визиты,4,2,0,0.0,0.0,,0.0,0.0,0,0
brandperf-2026-06-01-мск-топгир-яндекс-карты,2026-06-01,2026-06,МСК,ТопГир,avtoshkola-tg.ru · топгир,Яндекс Карты,18,9,1,51500.0,0.0,,0.0,0.0,0.0,51500.0
brandperf-2026-06-01-мск-ученик-другие,2026-06-01,2026-06,МСК,Ученик,avtoshkola-uchenik.ru,Другие,2,1,0,0.0,0.0,,0.0,0.0,0,0
brandperf-2026-06-01-мск-флагман-гугл-карты,2026-06-01,2026-06,МСК,Флагман,флагман,Гугл Карты,1,0,0,0.0,0.0,,0.0,0,0,0
brandperf-2026-06-01-мск-флагман-другие,2026-06-01,2026-06,МСК,Флагман,avtoshkola-flagmanmsk.ru,Другие,2,2,0,0.0,0.0,,0.0,0.0,0,0
brandperf-2026-06-01-спб-autoarion-другие,2026-06-01,2026-06,СПБ,Autoarion,autoshkola-autoarion.ru,Другие,1,0,0,0.0,0.0,,0.0,0,0,0
brandperf-2026-06-01-спб-avtoshkola812-другие,2026-06-01,2026-06,СПБ,Avtoshkola812,avtoshkola812.ru,Другие,1,0,0,0.0,0.0,,0.0,0,0,0
brandperf-2026-06-01-спб-dream-auto-другие,2026-06-01,2026-06,СПБ,Dream Auto,dreamautoschool.ru,Другие,9,4,2,136500.0,0.0,,0.0,0.0,0.0,68250.0
brandperf-2026-06-01-спб-dream-auto-прямые-визиты,2026-06-01,2026-06,СПБ,Dream Auto,dreamautoschool.ru,Прямые визиты,1,1,0,0.0,0.0,,0.0,0.0,0,0
brandperf-2026-06-01-спб-dream-auto-яндекс-карты,2026-06-01,2026-06,СПБ,Dream Auto,autodrive-school.ru · dream-auto · dreamautoschool.ru,Яндекс Карты,7,4,0,0.0,0.0,,0.0,0.0,0,0
brandperf-2026-06-01-спб-extra-другие,2026-06-01,2026-06,СПБ,Extra,avtoshkola-extra.ru,Другие,1,0,0,0.0,0.0,,0.0,0,0,0
brandperf-2026-06-01-спб-schoolvozhdeniye-другие,2026-06-01,2026-06,СПБ,Schoolvozhdeniye,schoolvozhdeniye.ru,Другие,1,1,0,0.0,0.0,,0.0,0.0,0,0
brandperf-2026-06-01-спб-sedan-другие,2026-06-01,2026-06,СПБ,Sedan,avtoshkola-sedan.ru,Другие,4,0,0,0.0,0.0,,0.0,0,0,0
brandperf-2026-06-01-спб-signal-другие,2026-06-01,2026-06,СПБ,Signal,avtoshkola-signal.ru,Другие,2,1,0,0.0,0.0,,0.0,0.0,0,0
brandperf-2026-06-01-спб-а-поло-гугл-карты,2026-06-01,2026-06,СПБ,А-Поло,avtoshkola-apolo.ru,Гугл Карты,2,2,1,87500.0,0.0,,0.0,0.0,0.0,87500.0
brandperf-2026-06-01-спб-автодраи-в-2гис,2026-06-01,2026-06,СПБ,АвтоДрайв,autodrive-school.ru · автодраи-в · лучшая-автошкола-спб.рф,2ГИС,22,7,3,223990.0,0.0,,0.0,0.0,0.0,74663.33
brandperf-2026-06-01-спб-автодраи-в-seo,2026-06-01,2026-06,СПБ,АвтоДрайв,autodrive-school.ru,SEO,1,0,0,0.0,0.0,,0.0,0,0,0
brandperf-2026-06-01-спб-автодраи-в-гугл-карты,2026-06-01,2026-06,СПБ,АвтоДрайв,avtoshkola-autogrand.ru · автодраи-в,Гугл Карты,2,0,0,0.0,0.0,,0.0,0,0,0
brandperf-2026-06-01-спб-автодраи-в-другие,2026-06-01,2026-06,СПБ,АвтоДрайв,autodrive-school.ru,Другие,15,9,3,223990.0,0.0,,0.0,0.0,0.0,74663.33
brandperf-2026-06-01-спб-автодраи-в-прямые-визиты,2026-06-01,2026-06,СПБ,АвтоДрайв,autodrive-school.ru,Прямые визиты,4,2,1,87500.0,0.0,,0.0,0.0,0.0,87500.0
brandperf-2026-06-01-спб-автодраи-в-рек-кешбэк,2026-06-01,2026-06,СПБ,АвтоДрайв,autodrive-school.ru,Рек/кешбэк,1,1,0,0.0,0.0,,0.0,0.0,0,0
brandperf-2026-06-01-спб-автодраи-в-яндекс-карты,2026-06-01,2026-06,СПБ,АвтоДрайв,autodrive-school.ru · автодраи-в · лучшая-автошкола-спб.рф,Яндекс Карты,17,8,1,87500.0,0.0,,0.0,0.0,0.0,87500.0
brandperf-2026-06-01-спб-автоклуб-другие,2026-06-01,2026-06,СПБ,АвтоКлуб,avtoshkola-avtoclub.ru,Другие,6,2,0,0.0,0.0,,0.0,0.0,0,0
brandperf-2026-06-01-спб-автолеон-другие,2026-06-01,2026-06,СПБ,АвтоЛеон,avtoshkola-autoleon.ru,Другие,2,0,0,0.0,0.0,,0.0,0,0,0
brandperf-2026-06-01-спб-автомотокласс-другие,2026-06-01,2026-06,СПБ,АвтоМотоКласс,avtomotospb.ru,Другие,5,3,0,0.0,0.0,,0.0,0.0,0,0
brandperf-2026-06-01-спб-автонавик-другие,2026-06-01,2026-06,СПБ,АвтоНавик,avtoshkola-autonavik.ru,Другие,3,1,0,0.0,0.0,,0.0,0.0,0,0
brandperf-2026-06-01-спб-автопрофи-другие,2026-06-01,2026-06,СПБ,АвтоПрофи,avtoshkola-avtoprofi.ru,Другие,6,2,0,0.0,0.0,,0.0,0.0,0,0
brandperf-2026-06-01-спб-автопрофи-яндекс-карты,2026-06-01,2026-06,СПБ,АвтоПрофи,автопрофи,Яндекс Карты,1,0,0,0.0,0.0,,0.0,0,0,0
brandperf-2026-06-01-спб-автосити-2гис,2026-06-01,2026-06,СПБ,АвтоСити,avtoshkola-as.ru,2ГИС,2,1,0,0.0,0.0,,0.0,0.0,0,0
brandperf-2026-06-01-спб-автосити-гугл-карты,2026-06-01,2026-06,СПБ,АвтоСити,autoshkola-autoarion.ru · avtoshkola-as.ru,Гугл Карты,5,0,0,0.0,0.0,,0.0,0,0,0
brandperf-2026-06-01-спб-автосити-другие,2026-06-01,2026-06,СПБ,АвтоСити,avtoshkola-as.ru,Другие,24,13,3,182500.0,0.0,,0.0,0.0,0.0,60833.33
brandperf-2026-06-01-спб-автосити-рек-кешбэк,2026-06-01,2026-06,СПБ,АвтоСити,avtoshkola-as.ru,Рек/кешбэк,1,1,1,87500.0,0.0,,0.0,0.0,0.0,87500.0
brandperf-2026-06-01-спб-автосити-яндекс-карты,2026-06-01,2026-06,СПБ,АвтоСити,autodrive-school.ru · avtoshkola-as.ru · avtoshkola-autonavik.ru,Яндекс Карты,22,8,1,65500.0,0.0,,0.0,0.0,0.0,65500.0
brandperf-2026-06-01-спб-автотрек-другие,2026-06-01,2026-06,СПБ,АвтоТрек,avtoshkola-autotrack.ru,Другие,2,2,0,0.0,0.0,,0.0,0.0,0,0
brandperf-2026-06-01-спб-автолэнд-другие,2026-06-01,2026-06,СПБ,Автолэнд,autolandschool.ru,Другие,15,11,2,153000.0,0.0,,0.0,0.0,0.0,76500.0
brandperf-2026-06-01-спб-автошкола-100-другие,2026-06-01,2026-06,СПБ,Автошкола 100,автошкола100.рф,Другие,3,2,1,87500.0,0.0,,0.0,0.0,0.0,87500.0
brandperf-2026-06-01-спб-академика-2гис,2026-06-01,2026-06,СПБ,Академика,академика-спб.рф,2ГИС,1,0,0,0.0,0.0,,0.0,0,0,0
brandperf-2026-06-01-спб-академика-другие,2026-06-01,2026-06,СПБ,Академика,академика-спб.рф,Другие,12,9,1,29500.0,0.0,,0.0,0.0,0.0,29500.0
brandperf-2026-06-01-спб-виктория-другие,2026-06-01,2026-06,СПБ,Виктория,autoshkola-victoria.ru,Другие,2,2,0,0.0,0.0,,0.0,0.0,0,0
brandperf-2026-06-01-спб-гермес-другие,2026-06-01,2026-06,СПБ,Гермес,hermesrf-spb.ru,Другие,6,2,1,70990.0,0.0,,0.0,0.0,0.0,70990.0
brandperf-2026-06-01-спб-гермес-рек-кешбэк,2026-06-01,2026-06,СПБ,Гермес,hermesrf-spb.ru,Рек/кешбэк,1,1,1,65000.0,0.0,,0.0,0.0,0.0,65000.0
brandperf-2026-06-01-спб-гермес-яндекс-карты,2026-06-01,2026-06,СПБ,Гермес,avtoshkola-as.ru · hermesrf-spb.ru · лучшая-автошкола-спб.рф,Яндекс Карты,19,8,1,90500.0,0.0,,0.0,0.0,0.0,90500.0
brandperf-2026-06-01-спб-движение-другие,2026-06-01,2026-06,СПБ,Движение,autoshkola-dvijenie.ru,Другие,2,1,0,0.0,0.0,,0.0,0.0,0,0
brandperf-2026-06-01-спб-заправами-другие,2026-06-01,2026-06,СПБ,ЗаПравами,avtoshkola-zapravami.ru,Другие,1,1,0,0.0,0.0,,0.0,0.0,0,0
brandperf-2026-06-01-спб-изи-драи-в-2гис,2026-06-01,2026-06,СПБ,Изи Драйв,izidrive.msk.ru · izidrive.ru · изи-драи-в,2ГИС,12,2,0,0.0,0.0,,0.0,0.0,0,0
brandperf-2026-06-01-спб-изи-драи-в-гугл-карты,2026-06-01,2026-06,СПБ,Изи Драйв,avtoshkola-apolo.ru · avtoshkola-automotors.ru · izidrive.ru,Гугл Карты,8,0,0,0.0,0.0,,0.0,0,0,0
brandperf-2026-06-01-спб-изи-драи-в-другие,2026-06-01,2026-06,СПБ,Изи Драйв,izidrive.ru,Другие,21,12,1,70990.0,0.0,,0.0,0.0,0.0,70990.0
brandperf-2026-06-01-спб-изи-драи-в-яндекс-карты,2026-06-01,2026-06,СПБ,Изи Драйв,avtoshkola-rulevoi.ru · izidrive.ru · изи-драи-в,Яндекс Карты,7,4,1,65500.0,0.0,,0.0,0.0,0.0,65500.0
brandperf-2026-06-01-спб-колибри-другие,2026-06-01,2026-06,СПБ,Колибри,autoshkola-kolibri.ru,Другие,3,2,0,0.0,0.0,,0.0,0.0,0,0
brandperf-2026-06-01-спб-лучшая-автошкола-спб-seo,2026-06-01,2026-06,СПБ,Лучшая Автошкола Спб,лучшая-автошкола-спб.рф,SEO,1,0,0,0.0,0.0,,0.0,0,0,0
brandperf-2026-06-01-спб-лучшая-автошкола-спб-гугл-карты,2026-06-01,2026-06,СПБ,Лучшая Автошкола Спб,лучшая-автошкола-спб.рф,Гугл Карты,3,2,1,65500.0,0.0,,0.0,0.0,0.0,65500.0
brandperf-2026-06-01-спб-лучшая-автошкола-спб-другие,2026-06-01,2026-06,СПБ,Лучшая Автошкола Спб,лучшая-автошкола-спб.рф,Другие,1,1,0,0.0,0.0,,0.0,0.0,0,0
brandperf-2026-06-01-спб-лучшая-автошкола-спб-роботы,2026-06-01,2026-06,СПБ,Лучшая Автошкола Спб,лучшая-автошкола-спб.рф,Роботы,2,1,0,0.0,0.0,,0.0,0.0,0,0
brandperf-2026-06-01-спб-лучшая-автошкола-спб-яндекс-директ,2026-06-01,2026-06,СПБ,Лучшая Автошкола Спб,лучшая-автошкола-спб.рф,Яндекс Директ,3,0,0,0.0,0.0,,0.0,0,0,0
brandperf-2026-06-01-спб-лучшая-автошкола-спб-яндекс-карты,2026-06-01,2026-06,СПБ,Лучшая Автошкола Спб,лучшая-автошкола-спб.рф,Яндекс Карты,6,4,0,0.0,0.0,,0.0,0.0,0,0
brandperf-2026-06-01-спб-маневр-другие,2026-06-01,2026-06,СПБ,Маневр,autoshkola-manevr.ru,Другие,4,3,2,158490.0,0.0,,0.0,0.0,0.0,79245.0
brandperf-2026-06-01-спб-мираж-гугл-карты,2026-06-01,2026-06,СПБ,Мираж,мираж,Гугл Карты,1,0,0,0.0,0.0,,0.0,0,0,0
brandperf-2026-06-01-спб-мираж-другие,2026-06-01,2026-06,СПБ,Мираж,avtoshkola-mirazh.ru,Другие,2,1,0,0.0,0.0,,0.0,0.0,0,0
brandperf-2026-06-01-спб-пора-за-руль-другие,2026-06-01,2026-06,СПБ,Пора за руль,pora-za-rul.ru,Другие,10,5,2,153000.0,0.0,,0.0,0.0,0.0,76500.0
brandperf-2026-06-01-спб-пора-за-руль-яндекс-карты,2026-06-01,2026-06,СПБ,Пора за руль,pora-za-rul.ru · пора-за-руль,Яндекс Карты,11,6,1,59990.0,0.0,,0.0,0.0,0.0,59990.0
brandperf-2026-06-01-спб-ралли-другие,2026-06-01,2026-06,СПБ,Ралли,rallischool.ru,Другие,5,3,1,65500.0,0.0,,0.0,0.0,0.0,65500.0
brandperf-2026-06-01-спб-рулевои-другие,2026-06-01,2026-06,СПБ,Рулевой,avtoshkola-ruler.ru · avtoshkola-rulevoi.ru,Другие,10,5,0,0.0,0.0,,0.0,0.0,0,0
brandperf-2026-06-01-спб-студент-другие,2026-06-01,2026-06,СПБ,Студент,avtoshkola-student.ru,Другие,2,0,0,0.0,0.0,,0.0,0,0,0
brandperf-2026-06-01-спб-успех-другие,2026-06-01,2026-06,СПБ,Успех,yspexspb.ru,Другие,4,0,0,0.0,0.0,,0.0,0,0,0
brandperf-2026-06-01-спб-штиль-другие,2026-06-01,2026-06,СПБ,Штиль,avtoshkola-shtil.ru,Другие,6,4,0,0.0,0.0,,0.0,0.0,0,0
brandperf-2026-06-01-спб-ягуар-другие,2026-06-01,2026-06,СПБ,Ягуар,avtoshkola-yaguarspb.ru,Другие,4,1,1,65500.0,0.0,,0.0,0.0,0.0,65500.0
brandperf-2026-06-08-мск-autonefrit-другие,2026-06-08,2026-06,МСК,Autonefrit,autonefrit.ru,Другие,3,1,1,37990.0,0.0,,0.0,0.0,0.0,37990.0
brandperf-2026-06-08-мск-axel-другие,2026-06-08,2026-06,МСК,Axel,avtoshkola-axel.ru,Другие,4,0,0,0.0,0.0,,0.0,0,0,0
brandperf-2026-06-08-мск-bamblbi-другие,2026-06-08,2026-06,МСК,Bamblbi,avtoshkola-bamblbi.ru,Другие,1,0,0,0.0,0.0,,0.0,0,0,0
brandperf-2026-06-08-мск-mclaren-другие,2026-06-08,2026-06,МСК,McLaren,autoshkola-mclaren.ru,Другие,3,1,1,36990.0,0.0,,0.0,0.0,0.0,36990.0
brandperf-2026-06-08-мск-praimauto-другие,2026-06-08,2026-06,МСК,Praimauto,autoshkola-praimauto.ru,Другие,1,0,0,0.0,0.0,,0.0,0,0,0
brandperf-2026-06-08-мск-schoolselect-seo,2026-06-08,2026-06,МСК,SchoolSelect,schoolselect.ru,SEO,1,1,0,0.0,0.0,,0.0,0.0,0,0
brandperf-2026-06-08-мск-schoolselect-другие,2026-06-08,2026-06,МСК,SchoolSelect,schoolselect.ru,Другие,16,9,0,0.0,0.0,,0.0,0.0,0,0
brandperf-2026-06-08-мск-schoolselect-прямые-визиты,2026-06-08,2026-06,МСК,SchoolSelect,schoolselect.ru,Прямые визиты,4,1,0,0.0,0.0,,0.0,0.0,0,0
brandperf-2026-06-08-мск-smart-другие,2026-06-08,2026-06,МСК,Smart,avtoshkola-smart.ru,Другие,1,0,0,0.0,0.0,,0.0,0,0,0
brandperf-2026-06-08-мск-автогуру-другие,2026-06-08,2026-06,МСК,АвтоГуру,autoshkola-guru.ru,Другие,4,1,1,59990.0,0.0,,0.0,0.0,0.0,59990.0
brandperf-2026-06-08-мск-автодраи-в-2гис,2026-06-08,2026-06,МСК,АвтоДрайв,autodrive.msk.ru · автодраи-в · изи-драйв.рф,2ГИС,10,4,1,36990.0,0.0,,0.0,0.0,0.0,36990.0
brandperf-2026-06-08-мск-автодраи-в-гугл-карты,2026-06-08,2026-06,МСК,АвтоДрайв,autodrive.msk.ru,Гугл Карты,1,1,0,0.0,0.0,,0.0,0.0,0,0
brandperf-2026-06-08-мск-автодраи-в-другие,2026-06-08,2026-06,МСК,АвтоДрайв,autodrive.msk.ru,Другие,24,19,12,547790.0,0.0,,0.0,0.0,0.0,45649.17
brandperf-2026-06-08-мск-автодраи-в-прямые-визиты,2026-06-08,2026-06,МСК,АвтоДрайв,autodrive.msk.ru,Прямые визиты,2,1,0,0.0,0.0,,0.0,0.0,0,0
brandperf-2026-06-08-мск-автодраи-в-рек-кешбэк,2026-06-08,2026-06,МСК,АвтоДрайв,autodrive.msk.ru,Рек/кешбэк,3,3,2,63980.0,0.0,,0.0,0.0,0.0,31990.0
brandperf-2026-06-08-мск-автодраи-в-яндекс-директ,2026-06-08,2026-06,МСК,АвтоДрайв,autodrive.msk.ru,Яндекс Директ,1,0,0,0.0,0.0,,0.0,0,0,0
brandperf-2026-06-08-мск-автодраи-в-яндекс-карты,2026-06-08,2026-06,МСК,АвтоДрайв,autodrive.msk.ru · izidrive.msk.ru · автодраи-в,Яндекс Карты,31,18,1,58990.0,0.0,,0.0,0.0,0.0,58990.0
brandperf-2026-06-08-мск-автомск-другие,2026-06-08,2026-06,МСК,АвтоМСК,avtoshkola-avtomsk.ru,Другие,3,1,0,0.0,0.0,,0.0,0.0,0,0
brandperf-2026-06-08-мск-автомобиль-другие,2026-06-08,2026-06,МСК,АвтоМобиль,avtoshkola-automobil.ru,Другие,4,1,0,0.0,0.0,,0.0,0.0,0,0
brandperf-2026-06-08-мск-автомотокласс-другие,2026-06-08,2026-06,МСК,АвтоМотоКласс,avtoshkola-automotoklass.ru,Другие,2,1,0,0.0,0.0,,0.0,0.0,0,0
brandperf-2026-06-08-мск-автонева-другие,2026-06-08,2026-06,МСК,АвтоНева,avtoshkola-auto-neva.ru,Другие,4,3,1,58990.0,0.0,,0.0,0.0,0.0,58990.0
brandperf-2026-06-08-мск-автоправо-2гис,2026-06-08,2026-06,МСК,АвтоПраво,autoshkola-avtopravo.ru · avtoshkola-avtomsk.ru · автоправо,2ГИС,6,2,0,0.0,0.0,,0.0,0.0,0,0
brandperf-2026-06-08-мск-автоправо-другие,2026-06-08,2026-06,МСК,АвтоПраво,autoshkola-avtopravo.ru,Другие,34,24,10,455410.0,0.0,,0.0,0.0,0.0,45541.0
brandperf-2026-06-08-мск-автоправо-прямые-визиты,2026-06-08,2026-06,МСК,АвтоПраво,autoshkola-avtopravo.ru,Прямые визиты,3,3,1,36990.0,0.0,,0.0,0.0,0.0,36990.0
brandperf-2026-06-08-мск-автоправо-яндекс-карты,2026-06-08,2026-06,МСК,АвтоПраво,autoshkola-avtopravo.ru · schoolselect.ru,Яндекс Карты,2,2,1,36990.0,0.0,,0.0,0.0,0.0,36990.0
brandperf-2026-06-08-мск-автосити-2гис,2026-06-08,2026-06,МСК,АвтоСити,изи-драйв.рф,2ГИС,1,0,0,0.0,0.0,,0.0,0,0,0
brandperf-2026-06-08-мск-автосити-яндекс-карты,2026-06-08,2026-06,МСК,АвтоСити,изи-драйв.рф,Яндекс Карты,6,1,0,0.0,0.0,,0.0,0.0,0,0
brandperf-2026-06-08-мск-автотест-2гис,2026-06-08,2026-06,МСК,АвтоТест,autoshkola-avtotest.ru,2ГИС,1,0,0,0.0,0.0,,0.0,0,0,0
brandperf-2026-06-08-мск-автотест-другие,2026-06-08,2026-06,МСК,АвтоТест,autoshkola-avtotest.ru,Другие,19,9,3,90970.0,0.0,,0.0,0.0,0.0,30323.33
brandperf-2026-06-08-мск-автотест-яндекс-карты,2026-06-08,2026-06,МСК,АвтоТест,autoshkola-avtotest.ru · автотест,Яндекс Карты,8,3,1,58990.0,0.0,,0.0,0.0,0.0,58990.0
brandperf-2026-06-08-мск-алонсо-яндекс-карты,2026-06-08,2026-06,МСК,Алонсо,avtoshkola-alonso.ru · алонсо,Яндекс Карты,2,0,0,0.0,0.0,,0.0,0,0,0
brandperf-2026-06-08-мск-армада-другие,2026-06-08,2026-06,МСК,Армада,avtoshkola-armada.ru,Другие,1,0,0,0.0,0.0,,0.0,0,0,0
brandperf-2026-06-08-мск-атлант-другие,2026-06-08,2026-06,МСК,Атлант,avtoshkola-atlant.ru,Другие,4,4,3,122970.0,0.0,,0.0,0.0,0.0,40990.0
brandperf-2026-06-08-мск-без-бренда-другие,2026-06-08,2026-06,МСК,Без Бренда,Без бренда,Другие,1,0,0,0.0,0.0,,0.0,0,0,0
brandperf-2026-06-08-мск-велес-другие,2026-06-08,2026-06,МСК,Велес,avtoshkola-veles.ru,Другие,9,5,1,58990.0,0.0,,0.0,0.0,0.0,58990.0
brandperf-2026-06-08-мск-виадук-другие,2026-06-08,2026-06,МСК,Виадук,avtoshkola-viaduk.ru,Другие,2,1,0,0.0,0.0,,0.0,0.0,0,0
brandperf-2026-06-08-мск-гермес-2гис,2026-06-08,2026-06,МСК,Гермес,hermes-mos.ru · гермес,2ГИС,5,4,1,59500.0,0.0,,0.0,0.0,0.0,59500.0
brandperf-2026-06-08-мск-гермес-другие,2026-06-08,2026-06,МСК,Гермес,hermes-mos.ru,Другие,20,11,6,281450.0,0.0,,0.0,0.0,0.0,46908.33
brandperf-2026-06-08-мск-гермес-прямые-визиты,2026-06-08,2026-06,МСК,Гермес,hermes-mos.ru,Прямые визиты,1,1,0,0.0,0.0,,0.0,0.0,0,0
brandperf-2026-06-08-мск-гермес-рек-кешбэк,2026-06-08,2026-06,МСК,Гермес,hermes-mos.ru,Рек/кешбэк,1,1,1,37990.0,0.0,,0.0,0.0,0.0,37990.0
brandperf-2026-06-08-мск-гермес-яндекс-карты,2026-06-08,2026-06,МСК,Гермес,autodrive.msk.ru · autoshkola-avtopravo.ru · autoshkola-avtotest.ru,Яндекс Карты,47,21,1,37990.0,0.0,,0.0,0.0,0.0,37990.0
brandperf-2026-06-08-мск-изи-драи-в-2гис,2026-06-08,2026-06,МСК,Изи Драйв,autoshkola-avtopravo.ru · izidrive.msk.ru · изи-драйв.рф,2ГИС,4,1,0,0.0,0.0,,0.0,0.0,0,0
brandperf-2026-06-08-мск-изи-драи-в-seo,2026-06-08,2026-06,МСК,Изи Драйв,изи-драйв.рф,SEO,3,1,0,0.0,0.0,,0.0,0.0,0,0
brandperf-2026-06-08-мск-изи-драи-в-гугл-карты,2026-06-08,2026-06,МСК,Изи Драйв,изи-драйв.рф,Гугл Карты,3,2,1,58990.0,0.0,,0.0,0.0,0.0,58990.0
brandperf-2026-06-08-мск-изи-драи-в-другие,2026-06-08,2026-06,МСК,Изи Драйв,izidrive.msk.ru · изи-драи-в,Другие,49,26,9,321920.0,0.0,,0.0,0.0,0.0,35768.89
brandperf-2026-06-08-мск-изи-драи-в-прямые-визиты,2026-06-08,2026-06,МСК,Изи Драйв,изи-драйв.рф,Прямые визиты,12,2,0,0.0,0.0,,0.0,0.0,0,0
brandperf-2026-06-08-мск-изи-драи-в-рек-кешбэк,2026-06-08,2026-06,МСК,Изи Драйв,izidrive.msk.ru,Рек/кешбэк,1,1,1,35990.0,0.0,,0.0,0.0,0.0,35990.0
brandperf-2026-06-08-мск-изи-драи-в-роботы,2026-06-08,2026-06,МСК,Изи Драйв,изи-драйв.рф,Роботы,5,2,0,0.0,0.0,,0.0,0.0,0,0
brandperf-2026-06-08-мск-изи-драи-в-яндекс-директ,2026-06-08,2026-06,МСК,Изи Драйв,izidrive.msk.ru,Яндекс Директ,1,0,0,0.0,0.0,,0.0,0,0,0
brandperf-2026-06-08-мск-изи-драи-в-яндекс-карты,2026-06-08,2026-06,МСК,Изи Драйв,изи-драйв.рф,Яндекс Карты,25,11,2,95980.0,0.0,,0.0,0.0,0.0,47990.0
brandperf-2026-06-08-мск-континенталь-другие,2026-06-08,2026-06,МСК,Континенталь,avtoshkola-kontinental.ru,Другие,1,1,1,36990.0,0.0,,0.0,0.0,0.0,36990.0
brandperf-2026-06-08-мск-пора-за-руль-2гис,2026-06-08,2026-06,МСК,Пора за руль,autoshkola-porazarul.ru · пора-за-руль,2ГИС,2,0,0,0.0,0.0,,0.0,0,0,0
brandperf-2026-06-08-мск-пора-за-руль-прямые-визиты,2026-06-08,2026-06,МСК,Пора за руль,autoshkola-porazarul.ru,Прямые визиты,2,0,1,37990.0,0.0,,0.0,0,0.0,37990.0
brandperf-2026-06-08-мск-пора-за-руль-рек-кешбэк,2026-06-08,2026-06,МСК,Пора за руль,autoshkola-porazarul.ru,Рек/кешбэк,1,1,0,0.0,0.0,,0.0,0.0,0,0
brandperf-2026-06-08-мск-пора-за-руль-яндекс-карты,2026-06-08,2026-06,МСК,Пора за руль,autoshkola-porazarul.ru,Яндекс Карты,6,2,2,81980.0,0.0,,0.0,0.0,0.0,40990.0
brandperf-2026-06-08-мск-родос-другие,2026-06-08,2026-06,МСК,Родос,autoshkola-rodos.ru,Другие,3,3,0,0.0,0.0,,0.0,0.0,0,0
brandperf-2026-06-08-мск-рулевои-другие,2026-06-08,2026-06,МСК,Рулевой,avtoshkola-rul.ru · rulevoy-msk.ru,Другие,8,4,4,172470.0,0.0,,0.0,0.0,0.0,43117.5
brandperf-2026-06-08-мск-рулевои-яндекс-карты,2026-06-08,2026-06,МСК,Рулевой,rulevoy-msk.ru,Яндекс Карты,1,0,0,0.0,0.0,,0.0,0,0,0
brandperf-2026-06-08-мск-топгир-2гис,2026-06-08,2026-06,МСК,ТопГир,avtoshkola-tg.ru · hermes-mos.ru · izidrive.msk.ru,2ГИС,20,12,6,265450.0,0.0,,0.0,0.0,0.0,44241.67
brandperf-2026-06-08-мск-топгир-seo,2026-06-08,2026-06,МСК,ТопГир,avtoshkola-tg.ru,SEO,1,1,1,36990.0,0.0,,0.0,0.0,0.0,36990.0
brandperf-2026-06-08-мск-топгир-гугл-карты,2026-06-08,2026-06,МСК,ТопГир,avtoshkola-tg.ru · топгир,Гугл Карты,15,12,4,161960.0,0.0,,0.0,0.0,0.0,40490.0
brandperf-2026-06-08-мск-топгир-другие,2026-06-08,2026-06,МСК,ТопГир,avtoshkola-tg.ru,Другие,21,14,11,519910.0,0.0,,0.0,0.0,0.0,47264.55
brandperf-2026-06-08-мск-топгир-прямые-визиты,2026-06-08,2026-06,МСК,ТопГир,avtoshkola-tg.ru,Прямые визиты,2,0,0,0.0,0.0,,0.0,0,0,0
brandperf-2026-06-08-мск-топгир-рек-кешбэк,2026-06-08,2026-06,МСК,ТопГир,avtoshkola-tg.ru,Рек/кешбэк,3,0,0,0.0,0.0,,0.0,0,0,0
brandperf-2026-06-08-мск-топгир-яндекс-карты,2026-06-08,2026-06,МСК,ТопГир,autoshkola-avtopravo.ru · autoshkola-avtotest.ru · avtoshkola-tg.ru,Яндекс Карты,30,12,5,187950.0,0.0,,0.0,0.0,0.0,37590.0
brandperf-2026-06-08-мск-ученик-другие,2026-06-08,2026-06,МСК,Ученик,avtoshkola-uchenik.ru,Другие,3,1,1,37990.0,0.0,,0.0,0.0,0.0,37990.0
brandperf-2026-06-08-мск-флагман-гугл-карты,2026-06-08,2026-06,МСК,Флагман,avtoshkola-flagmanmsk.ru,Гугл Карты,1,1,0,0.0,0.0,,0.0,0.0,0,0
brandperf-2026-06-08-мск-флагман-другие,2026-06-08,2026-06,МСК,Флагман,avtoshkola-flagmanmsk.ru,Другие,1,0,0,0.0,0.0,,0.0,0,0,0
brandperf-2026-06-08-спб-autozachet-другие,2026-06-08,2026-06,СПБ,Autozachet,avtoshkola-autozachet.ru,Другие,1,0,0,0.0,0.0,,0.0,0,0,0
brandperf-2026-06-08-спб-aventa-другие,2026-06-08,2026-06,СПБ,Aventa,autoshkola-aventa.ru,Другие,1,0,0,0.0,0.0,,0.0,0,0,0
brandperf-2026-06-08-спб-dream-auto-другие,2026-06-08,2026-06,СПБ,Dream Auto,dreamautoschool.ru,Другие,8,5,3,182500.0,0.0,,0.0,0.0,0.0,60833.33
brandperf-2026-06-08-спб-dream-auto-яндекс-карты,2026-06-08,2026-06,СПБ,Dream Auto,dream-auto · dreamautoschool.ru · izidrive.ru,Яндекс Карты,7,3,0,0.0,0.0,,0.0,0.0,0,0
brandperf-2026-06-08-спб-motor-другие,2026-06-08,2026-06,СПБ,Motor,avtoshkola-motor.ru,Другие,1,0,0,0.0,0.0,,0.0,0,0,0
brandperf-2026-06-08-спб-otvinta-другие,2026-06-08,2026-06,СПБ,Otvinta,avtoshkola-otvinta.ru,Другие,1,1,0,0.0,0.0,,0.0,0.0,0,0
brandperf-2026-06-08-спб-pervayaperedacha-другие,2026-06-08,2026-06,СПБ,Pervayaperedacha,avtoshkola-pervayaperedacha.ru,Другие,1,0,0,0.0,0.0,,0.0,0,0,0
brandperf-2026-06-08-спб-schoolvozhdeniye-другие,2026-06-08,2026-06,СПБ,Schoolvozhdeniye,schoolvozhdeniye.ru,Другие,2,2,0,0.0,0.0,,0.0,0.0,0,0
brandperf-2026-06-08-спб-sedan-другие,2026-06-08,2026-06,СПБ,Sedan,avtoshkola-sedan.ru,Другие,1,1,0,0.0,0.0,,0.0,0.0,0,0
brandperf-2026-06-08-спб-а-поло-другие,2026-06-08,2026-06,СПБ,А-Поло,avtoshkola-apolo.ru,Другие,5,3,1,29500.0,0.0,,0.0,0.0,0.0,29500.0
brandperf-2026-06-08-спб-автобот-другие,2026-06-08,2026-06,СПБ,АвтоБот,avtoshkola-avtobot.ru,Другие,1,1,0,0.0,0.0,,0.0,0.0,0,0
brandperf-2026-06-08-спб-автодраи-в-2гис,2026-06-08,2026-06,СПБ,АвтоДрайв,autodrive-school.ru · autodrive.msk.ru · автодраи-в,2ГИС,22,7,0,0.0,0.0,,0.0,0.0,0,0
brandperf-2026-06-08-спб-автодраи-в-гугл-карты,2026-06-08,2026-06,СПБ,АвтоДрайв,autodrive-school.ru · автодраи-в,Гугл Карты,3,1,0,0.0,0.0,,0.0,0.0,0,0
brandperf-2026-06-08-спб-автодраи-в-другие,2026-06-08,2026-06,СПБ,АвтоДрайв,autodrive-school.ru,Другие,21,13,6,351500.0,0.0,,0.0,0.0,0.0,58583.33
brandperf-2026-06-08-спб-автодраи-в-прямые-визиты,2026-06-08,2026-06,СПБ,АвтоДрайв,autodrive-school.ru,Прямые визиты,2,2,1,29500.0,0.0,,0.0,0.0,0.0,29500.0
brandperf-2026-06-08-спб-автодраи-в-яндекс-карты,2026-06-08,2026-06,СПБ,АвтоДрайв,autodrive-school.ru · автодраи-в,Яндекс Карты,11,3,1,49500.0,0.0,,0.0,0.0,0.0,49500.0
brandperf-2026-06-08-спб-автоклуб-другие,2026-06-08,2026-06,СПБ,АвтоКлуб,avtoshkola-avtoclub.ru,Другие,8,5,1,70990.0,0.0,,0.0,0.0,0.0,70990.0
brandperf-2026-06-08-спб-автолеон-другие,2026-06-08,2026-06,СПБ,АвтоЛеон,avtoshkola-autoleon.ru,Другие,3,1,1,92990.0,0.0,,0.0,0.0,0.0,92990.0
brandperf-2026-06-08-спб-автомотокласс-гугл-карты,2026-06-08,2026-06,СПБ,АвтоМотоКласс,avtomotospb.ru · автомотокласс,Гугл Карты,2,1,0,0.0,0.0,,0.0,0.0,0,0
brandperf-2026-06-08-спб-автомотокласс-другие,2026-06-08,2026-06,СПБ,АвтоМотоКласс,avtomotospb.ru,Другие,5,3,2,117000.0,0.0,,0.0,0.0,0.0,58500.0
brandperf-2026-06-08-спб-автонавик-другие,2026-06-08,2026-06,СПБ,АвтоНавик,avtoshkola-autonavik.ru,Другие,5,3,0,0.0,0.0,,0.0,0.0,0,0
brandperf-2026-06-08-спб-автопрофи-другие,2026-06-08,2026-06,СПБ,АвтоПрофи,avtoshkola-avtoprofi.ru,Другие,2,2,0,0.0,0.0,,0.0,0.0,0,0
brandperf-2026-06-08-спб-автосити-2гис,2026-06-08,2026-06,СПБ,АвтоСити,avtoshkola-as.ru,2ГИС,2,1,0,0.0,0.0,,0.0,0.0,0,0
brandperf-2026-06-08-спб-автосити-гугл-карты,2026-06-08,2026-06,СПБ,АвтоСити,avtoshkola-as.ru,Гугл Карты,3,0,0,0.0,0.0,,0.0,0,0,0
brandperf-2026-06-08-спб-автосити-другие,2026-06-08,2026-06,СПБ,АвтоСити,avtoshkola-as.ru,Другие,41,15,3,226990.0,0.0,,0.0,0.0,0.0,75663.33
brandperf-2026-06-08-спб-автосити-яндекс-карты,2026-06-08,2026-06,СПБ,АвтоСити,autolandschool.ru · avtoshkola-as.ru · avtoshkola-auto-neva.ru,Яндекс Карты,20,6,0,0.0,0.0,,0.0,0.0,0,0
brandperf-2026-06-08-спб-автотрек-другие,2026-06-08,2026-06,СПБ,АвтоТрек,avtoshkola-autotrack.ru,Другие,6,1,0,0.0,0.0,,0.0,0.0,0,0
brandperf-2026-06-08-спб-автолэнд-другие,2026-06-08,2026-06,СПБ,Автолэнд,autolandschool.ru,Другие,15,6,0,0.0,0.0,,0.0,0.0,0,0
brandperf-2026-06-08-спб-автолэнд-яндекс-карты,2026-06-08,2026-06,СПБ,Автолэнд,autolandschool.ru,Яндекс Карты,1,0,0,0.0,0.0,,0.0,0,0,0
brandperf-2026-06-08-спб-академика-другие,2026-06-08,2026-06,СПБ,Академика,академика-спб.рф,Другие,23,2,0,0.0,0.0,,0.0,0.0,0,0
brandperf-2026-06-08-спб-гермес-гугл-карты,2026-06-08,2026-06,СПБ,Гермес,hermesrf-spb.ru,Гугл Карты,1,0,0,0.0,0.0,,0.0,0,0,0
brandperf-2026-06-08-спб-гермес-другие,2026-06-08,2026-06,СПБ,Гермес,hermesrf-spb.ru,Другие,7,2,2,95000.0,0.0,,0.0,0.0,0.0,47500.0
brandperf-2026-06-08-спб-гермес-прямые-визиты,2026-06-08,2026-06,СПБ,Гермес,hermesrf-spb.ru,Прямые визиты,1,0,0,0.0,0.0,,0.0,0,0,0
brandperf-2026-06-08-спб-гермес-яндекс-карты,2026-06-08,2026-06,СПБ,Гермес,autolandschool.ru · hermesrf-spb.ru · гермес,Яндекс Карты,11,1,0,0.0,0.0,,0.0,0.0,0,0
brandperf-2026-06-08-спб-движение-другие,2026-06-08,2026-06,СПБ,Движение,autoshkola-dvijenie.ru,Другие,4,1,0,0.0,0.0,,0.0,0.0,0,0
brandperf-2026-06-08-спб-заправами-другие,2026-06-08,2026-06,СПБ,ЗаПравами,avtoshkola-zapravami.ru,Другие,2,0,0,0.0,0.0,,0.0,0,0,0
brandperf-2026-06-08-спб-изи-драи-в-2гис,2026-06-08,2026-06,СПБ,Изи Драйв,izidrive.ru · изи-драи-в,2ГИС,5,3,1,65500.0,0.0,,0.0,0.0,0.0,65500.0
brandperf-2026-06-08-спб-изи-драи-в-zoon,2026-06-08,2026-06,СПБ,Изи Драйв,изи-драи-в,Zoon,1,0,0,0.0,0.0,,0.0,0,0,0
brandperf-2026-06-08-спб-изи-драи-в-гугл-карты,2026-06-08,2026-06,СПБ,Изи Драйв,izidrive.ru · лучшая-автошкола-спб.рф,Гугл Карты,2,1,1,65500.0,0.0,,0.0,0.0,0.0,65500.0
brandperf-2026-06-08-спб-изи-драи-в-другие,2026-06-08,2026-06,СПБ,Изи Драйв,izidrive.ru,Другие,27,20,5,291490.0,0.0,,0.0,0.0,0.0,58298.0
brandperf-2026-06-08-спб-изи-драи-в-яндекс-карты,2026-06-08,2026-06,СПБ,Изи Драйв,izidrive.ru · академика-спб.рф · изи-драи-в,Яндекс Карты,8,4,0,0.0,0.0,,0.0,0.0,0,0
brandperf-2026-06-08-спб-колибри-другие,2026-06-08,2026-06,СПБ,Колибри,autoshkola-kolibri.ru,Другие,2,1,0,0.0,0.0,,0.0,0.0,0,0
brandperf-2026-06-08-спб-лучшая-автошкола-спб-2гис,2026-06-08,2026-06,СПБ,Лучшая Автошкола Спб,лучшая-автошкола-спб.рф,2ГИС,2,0,0,0.0,0.0,,0.0,0,0,0
brandperf-2026-06-08-спб-лучшая-автошкола-спб-seo,2026-06-08,2026-06,СПБ,Лучшая Автошкола Спб,лучшая-автошкола-спб.рф,SEO,3,1,0,0.0,0.0,,0.0,0.0,0,0
brandperf-2026-06-08-спб-лучшая-автошкола-спб-другие,2026-06-08,2026-06,СПБ,Лучшая Автошкола Спб,лучшая-автошкола-спб.рф,Другие,5,2,0,0.0,0.0,,0.0,0.0,0,0
brandperf-2026-06-08-спб-лучшая-автошкола-спб-прямые-визиты,2026-06-08,2026-06,СПБ,Лучшая Автошкола Спб,лучшая-автошкола-спб.рф,Прямые визиты,1,0,0,0.0,0.0,,0.0,0,0,0
brandperf-2026-06-08-спб-лучшая-автошкола-спб-роботы,2026-06-08,2026-06,СПБ,Лучшая Автошкола Спб,лучшая-автошкола-спб.рф,Роботы,3,2,0,0.0,0.0,,0.0,0.0,0,0
brandperf-2026-06-08-спб-лучшая-автошкола-спб-яндекс-карты,2026-06-08,2026-06,СПБ,Лучшая Автошкола Спб,лучшая-автошкола-спб.рф,Яндекс Карты,4,2,0,0.0,0.0,,0.0,0.0,0,0
brandperf-2026-06-08-спб-маневр-другие,2026-06-08,2026-06,СПБ,Маневр,autoshkola-manevr.ru,Другие,2,2,1,92990.0,0.0,,0.0,0.0,0.0,92990.0
brandperf-2026-06-08-спб-мираж-другие,2026-06-08,2026-06,СПБ,Мираж,avtoshkola-mirazh.ru,Другие,2,1,1,70990.0,0.0,,0.0,0.0,0.0,70990.0
brandperf-2026-06-08-спб-пора-за-руль-другие,2026-06-08,2026-06,СПБ,Пора за руль,pora-za-rul.ru,Другие,11,8,2,107980.0,0.0,,0.0,0.0,0.0,53990.0
brandperf-2026-06-08-спб-пора-за-руль-яндекс-карты,2026-06-08,2026-06,СПБ,Пора за руль,autoshkola-porazarul.ru · izidrive.msk.ru · pora-za-rul.ru,Яндекс Карты,12,4,0,0.0,0.0,,0.0,0.0,0,0
brandperf-2026-06-08-спб-ралли-другие,2026-06-08,2026-06,СПБ,Ралли,rallischool.ru,Другие,8,4,0,0.0,0.0,,0.0,0.0,0,0
brandperf-2026-06-08-спб-рулевои-другие,2026-06-08,2026-06,СПБ,Рулевой,avtoshkola-ruler.ru · avtoshkola-rulevoi.ru,Другие,16,11,3,225000.0,0.0,,0.0,0.0,0.0,75000.0
brandperf-2026-06-08-спб-рулевои-яндекс-карты,2026-06-08,2026-06,СПБ,Рулевой,avtoshkola-rulevoi.ru,Яндекс Карты,2,0,0,0.0,0.0,,0.0,0,0,0
brandperf-2026-06-08-спб-топгир-2гис,2026-06-08,2026-06,СПБ,ТопГир,лучшая-автошкола-спб.рф,2ГИС,1,1,0,0.0,0.0,,0.0,0.0,0,0
brandperf-2026-06-08-спб-форвард-гугл-карты,2026-06-08,2026-06,СПБ,Форвард,форвард,Гугл Карты,1,0,0,0.0,0.0,,0.0,0,0,0
brandperf-2026-06-08-спб-форвард-другие,2026-06-08,2026-06,СПБ,Форвард,avtoshkola-forvard.ru,Другие,1,0,0,0.0,0.0,,0.0,0,0,0
brandperf-2026-06-08-спб-центральная-другие,2026-06-08,2026-06,СПБ,Центральная,autoshkola-centralnaya.ru,Другие,1,0,0,0.0,0.0,,0.0,0,0,0
brandperf-2026-06-08-спб-штиль-гугл-карты,2026-06-08,2026-06,СПБ,Штиль,штиль,Гугл Карты,1,0,0,0.0,0.0,,0.0,0,0,0
brandperf-2026-06-08-спб-штиль-другие,2026-06-08,2026-06,СПБ,Штиль,avtoshkola-shtil.ru,Другие,4,2,1,87500.0,0.0,,0.0,0.0,0.0,87500.0
brandperf-2026-06-08-спб-ягуар-другие,2026-06-08,2026-06,СПБ,Ягуар,avtoshkola-yaguarspb.ru,Другие,2,1,1,92990.0,0.0,,0.0,0.0,0.0,92990.0
brandperf-2026-06-15-мск-autonefrit-другие,2026-06-15,2026-06,МСК,Autonefrit,autonefrit.ru,Другие,5,2,0,0.0,0.0,,0.0,0.0,0,0
brandperf-2026-06-15-мск-axel-другие,2026-06-15,2026-06,МСК,Axel,avtoshkola-axel.ru,Другие,3,2,0,0.0,0.0,,0.0,0.0,0,0
brandperf-2026-06-15-мск-examen-другие,2026-06-15,2026-06,МСК,Examen,autoshkola-examen.ru,Другие,1,1,0,0.0,0.0,,0.0,0.0,0,0
brandperf-2026-06-15-мск-imperiaauto-другие,2026-06-15,2026-06,МСК,Imperiaauto,autoshkola-imperiaauto.ru,Другие,1,1,0,0.0,0.0,,0.0,0.0,0,0
brandperf-2026-06-15-мск-mclaren-другие,2026-06-15,2026-06,МСК,McLaren,autoshkola-mclaren.ru,Другие,1,0,0,0.0,0.0,,0.0,0,0,0
brandperf-2026-06-15-мск-po-pravilam-другие,2026-06-15,2026-06,МСК,Po Pravilam,autoshkola-po-pravilam.ru,Другие,1,0,0,0.0,0.0,,0.0,0,0,0
brandperf-2026-06-15-мск-praimauto-другие,2026-06-15,2026-06,МСК,Praimauto,autoshkola-praimauto.ru,Другие,1,0,0,0.0,0.0,,0.0,0,0,0
brandperf-2026-06-15-мск-schoolselect-seo,2026-06-15,2026-06,МСК,SchoolSelect,schoolselect.ru,SEO,1,0,0,0.0,0.0,,0.0,0,0,0
brandperf-2026-06-15-мск-schoolselect-другие,2026-06-15,2026-06,МСК,SchoolSelect,schoolselect.ru,Другие,11,3,3,123970.0,0.0,,0.0,0.0,0.0,41323.33
brandperf-2026-06-15-мск-schoolselect-прямые-визиты,2026-06-15,2026-06,МСК,SchoolSelect,schoolselect.ru,Прямые визиты,5,5,3,100970.0,0.0,,0.0,0.0,0.0,33656.67
brandperf-2026-06-15-мск-triumf-другие,2026-06-15,2026-06,МСК,Triumf,autoshkola-triumf.ru,Другие,1,0,0,0.0,0.0,,0.0,0,0,0
brandperf-2026-06-15-мск-автогуру-другие,2026-06-15,2026-06,МСК,АвтоГуру,autoshkola-guru.ru,Другие,11,7,1,58990.0,0.0,,0.0,0.0,0.0,58990.0
brandperf-2026-06-15-мск-автодраи-в-2гис,2026-06-15,2026-06,МСК,АвтоДрайв,autodrive.msk.ru · avtoshkola-skyauto.ru · avtoshkola-tg.ru,2ГИС,12,3,0,0.0,0.0,,0.0,0.0,0,0
brandperf-2026-06-15-мск-автодраи-в-гугл-карты,2026-06-15,2026-06,МСК,АвтоДрайв,автодраи-в,Гугл Карты,2,0,0,0.0,0.0,,0.0,0,0,0
brandperf-2026-06-15-мск-автодраи-в-другие,2026-06-15,2026-06,МСК,АвтоДрайв,autodrive.msk.ru,Другие,28,16,9,401920.0,0.0,,0.0,0.0,0.0,44657.78
brandperf-2026-06-15-мск-автодраи-в-яндекс-карты,2026-06-15,2026-06,МСК,АвтоДрайв,autodrive-school.ru · autodrive.msk.ru · autoshkola-avtotest.ru,Яндекс Карты,37,14,0,0.0,0.0,,0.0,0.0,0,0
brandperf-2026-06-15-мск-автомск-другие,2026-06-15,2026-06,МСК,АвтоМСК,avtoshkola-avtomsk.ru,Другие,5,3,0,0.0,0.0,,0.0,0.0,0,0
brandperf-2026-06-15-мск-автомобиль-другие,2026-06-15,2026-06,МСК,АвтоМобиль,avtoshkola-automobil.ru,Другие,1,1,0,0.0,0.0,,0.0,0.0,0,0
brandperf-2026-06-15-мск-автонева-другие,2026-06-15,2026-06,МСК,АвтоНева,avtoshkola-auto-neva.ru,Другие,7,5,1,36990.0,0.0,,0.0,0.0,0.0,36990.0
brandperf-2026-06-15-мск-автоправо-другие,2026-06-15,2026-06,МСК,АвтоПраво,autoshkola-avtopravo.ru,Другие,35,22,9,430059.0,0.0,,0.0,0.0,0.0,47784.33
brandperf-2026-06-15-мск-автосити-яндекс-карты,2026-06-15,2026-06,МСК,АвтоСити,изи-драйв.рф,Яндекс Карты,1,0,0,0.0,0.0,,0.0,0,0,0
brandperf-2026-06-15-мск-автотест-другие,2026-06-15,2026-06,МСК,АвтоТест,autoshkola-avtotest.ru,Другие,12,8,4,195470.0,0.0,,0.0,0.0,0.0,48867.5
brandperf-2026-06-15-мск-автотест-яндекс-карты,2026-06-15,2026-06,МСК,АвтоТест,autoshkola-avtotest.ru · автотест,Яндекс Карты,4,2,1,37000.0,0.0,,0.0,0.0,0.0,37000.0
brandperf-2026-06-15-мск-алонсо-другие,2026-06-15,2026-06,МСК,Алонсо,avtoshkola-alonso.ru,Другие,5,2,0,0.0,0.0,,0.0,0.0,0,0
brandperf-2026-06-15-мск-алонсо-яндекс-карты,2026-06-15,2026-06,МСК,Алонсо,avtoshkola-alonso.ru,Яндекс Карты,1,0,0,0.0,0.0,,0.0,0,0,0
brandperf-2026-06-15-мск-армада-другие,2026-06-15,2026-06,МСК,Армада,avtoshkola-armada.ru,Другие,4,2,0,0.0,0.0,,0.0,0.0,0,0
brandperf-2026-06-15-мск-атлант-другие,2026-06-15,2026-06,МСК,Атлант,avtoshkola-atlant.ru,Другие,6,5,3,148490.0,0.0,,0.0,0.0,0.0,49496.67
brandperf-2026-06-15-мск-велес-другие,2026-06-15,2026-06,МСК,Велес,avtoshkola-veles.ru,Другие,10,2,2,75990.0,0.0,,0.0,0.0,0.0,37995.0
brandperf-2026-06-15-мск-виадук-другие,2026-06-15,2026-06,МСК,Виадук,avtoshkola-viaduk.ru,Другие,5,2,0,0.0,0.0,,0.0,0.0,0,0
brandperf-2026-06-15-мск-виктория-2гис,2026-06-15,2026-06,МСК,Виктория,autoshkola-victoria.ru,2ГИС,1,0,0,0.0,0.0,,0.0,0,0,0
brandperf-2026-06-15-мск-гермес-2гис,2026-06-15,2026-06,МСК,Гермес,hermes-mos.ru · гермес,2ГИС,9,4,3,122970.0,0.0,,0.0,0.0,0.0,40990.0
brandperf-2026-06-15-мск-гермес-другие,2026-06-15,2026-06,МСК,Гермес,hermes-mos.ru,Другие,20,14,6,271470.0,0.0,,0.0,0.0,0.0,45245.0
brandperf-2026-06-15-мск-гермес-яндекс-карты,2026-06-15,2026-06,МСК,Гермес,autoshkola-avtopravo.ru · hermes-mos.ru · гермес,Яндекс Карты,44,19,4,160970.0,0.0,,0.0,0.0,0.0,40242.5
brandperf-2026-06-15-мск-изи-драи-в-2гис,2026-06-15,2026-06,МСК,Изи Драйв,autoshkola-avtopravo.ru · avtoshkola-kontinental.ru · izidrive.msk.ru,2ГИС,8,5,2,117490.0,0.0,,0.0,0.0,0.0,58745.0
brandperf-2026-06-15-мск-изи-драи-в-seo,2026-06-15,2026-06,МСК,Изи Драйв,изи-драйв.рф,SEO,2,0,0,0.0,0.0,,0.0,0,0,0
brandperf-2026-06-15-мск-изи-драи-в-гугл-карты,2026-06-15,2026-06,МСК,Изи Драйв,изи-драйв.рф,Гугл Карты,2,0,0,0.0,0.0,,0.0,0,0,0
brandperf-2026-06-15-мск-изи-драи-в-другие,2026-06-15,2026-06,МСК,Изи Драйв,izidrive.msk.ru · изи-драйв.рф,Другие,38,19,4,149960.0,0.0,,0.0,0.0,0.0,37490.0
brandperf-2026-06-15-мск-изи-драи-в-прямые-визиты,2026-06-15,2026-06,МСК,Изи Драйв,изи-драйв.рф,Прямые визиты,3,0,0,0.0,0.0,,0.0,0,0,0
brandperf-2026-06-15-мск-изи-драи-в-роботы,2026-06-15,2026-06,МСК,Изи Драйв,изи-драйв.рф,Роботы,3,2,1,36990.0,0.0,,0.0,0.0,0.0,36990.0
brandperf-2026-06-15-мск-изи-драи-в-яндекс-карты,2026-06-15,2026-06,МСК,Изи Драйв,izidrive.msk.ru · изи-драйв.рф,Яндекс Карты,17,5,1,37990.0,0.0,,0.0,0.0,0.0,37990.0
brandperf-2026-06-15-мск-континенталь-другие,2026-06-15,2026-06,МСК,Континенталь,avtoshkola-kontinental.ru,Другие,2,1,0,0.0,0.0,,0.0,0.0,0,0
brandperf-2026-06-15-мск-ланистер-другие,2026-06-15,2026-06,МСК,Ланистер,autoschkola-lanister.ru,Другие,7,3,1,59990.0,0.0,,0.0,0.0,0.0,59990.0
brandperf-2026-06-15-мск-пора-за-руль-гугл-карты,2026-06-15,2026-06,МСК,Пора за руль,autoshkola-porazarul.ru,Гугл Карты,1,0,0,0.0,0.0,,0.0,0,0,0
brandperf-2026-06-15-мск-пора-за-руль-другие,2026-06-15,2026-06,МСК,Пора за руль,autoshkola-poputi.ru · autoshkola-porazarul.ru,Другие,18,7,2,63990.0,0.0,,0.0,0.0,0.0,31995.0
brandperf-2026-06-15-мск-пора-за-руль-прямые-визиты,2026-06-15,2026-06,МСК,Пора за руль,autoshkola-porazarul.ru,Прямые визиты,2,1,1,58990.0,0.0,,0.0,0.0,0.0,58990.0
brandperf-2026-06-15-мск-пора-за-руль-яндекс-карты,2026-06-15,2026-06,МСК,Пора за руль,autoshkola-porazarul.ru · пора-за-руль,Яндекс Карты,7,2,2,85980.0,0.0,,0.0,0.0,0.0,42990.0
brandperf-2026-06-15-мск-родос-другие,2026-06-15,2026-06,МСК,Родос,autoshkola-rodos.ru,Другие,7,4,0,0.0,0.0,,0.0,0.0,0,0
brandperf-2026-06-15-мск-рулевои-seo,2026-06-15,2026-06,МСК,Рулевой,rulevoy-msk.ru,SEO,1,1,0,0.0,0.0,,0.0,0.0,0,0
brandperf-2026-06-15-мск-рулевои-другие,2026-06-15,2026-06,МСК,Рулевой,avtoshkola-rul.ru · rulevoy-msk.ru,Другие,9,6,3,110970.0,0.0,,0.0,0.0,0.0,36990.0
brandperf-2026-06-15-мск-рулевои-яндекс-карты,2026-06-15,2026-06,МСК,Рулевой,rulevoy-msk.ru,Яндекс Карты,1,0,0,0.0,0.0,,0.0,0,0,0
brandperf-2026-06-15-мск-студент-яндекс-карты,2026-06-15,2026-06,МСК,Студент,avtoshkola-student.ru,Яндекс Карты,1,0,0,0.0,0.0,,0.0,0,0,0
brandperf-2026-06-15-мск-топгир-2гис,2026-06-15,2026-06,МСК,ТопГир,avtoshkola-tg.ru · izidrive.msk.ru · изи-драйв.рф,2ГИС,18,6,2,94980.0,0.0,,0.0,0.0,0.0,47490.0
brandperf-2026-06-15-мск-топгир-seo,2026-06-15,2026-06,МСК,ТопГир,avtoshkola-tg.ru,SEO,2,1,0,0.0,0.0,,0.0,0.0,0,0
brandperf-2026-06-15-мск-топгир-гугл-карты,2026-06-15,2026-06,МСК,ТопГир,avtoshkola-tg.ru,Гугл Карты,6,4,1,73500.0,0.0,,0.0,0.0,0.0,73500.0
brandperf-2026-06-15-мск-топгир-другие,2026-06-15,2026-06,МСК,ТопГир,avtoshkola-tg.ru,Другие,18,13,8,336460.0,0.0,,0.0,0.0,0.0,42057.5
brandperf-2026-06-15-мск-топгир-прямые-визиты,2026-06-15,2026-06,МСК,ТопГир,avtoshkola-tg.ru,Прямые визиты,7,3,1,36990.0,0.0,,0.0,0.0,0.0,36990.0
brandperf-2026-06-15-мск-топгир-рек-кешбэк,2026-06-15,2026-06,МСК,ТопГир,avtoshkola-tg.ru,Рек/кешбэк,3,2,0,0.0,0.0,,0.0,0.0,0,0
brandperf-2026-06-15-мск-топгир-яндекс-карты,2026-06-15,2026-06,МСК,ТопГир,autoshkola-avtopravo.ru · avtoshkola-bamblbi.ru · avtoshkola-tg.ru,Яндекс Карты,22,11,5,229950.0,0.0,,0.0,0.0,0.0,45990.0
brandperf-2026-06-15-мск-ученик-другие,2026-06-15,2026-06,МСК,Ученик,avtoshkola-uchenik.ru,Другие,5,3,1,27000.0,0.0,,0.0,0.0,0.0,27000.0
brandperf-2026-06-15-мск-флагман-другие,2026-06-15,2026-06,МСК,Флагман,avtoshkola-flagmanmsk.ru,Другие,2,1,0,0.0,0.0,,0.0,0.0,0,0
brandperf-2026-06-15-спб-autoarion-другие,2026-06-15,2026-06,СПБ,Autoarion,autoshkola-autoarion.ru,Другие,3,1,0,0.0,0.0,,0.0,0.0,0,0
brandperf-2026-06-15-спб-automotors-другие,2026-06-15,2026-06,СПБ,Automotors,avtoshkola-automotors.ru,Другие,1,0,0,0.0,0.0,,0.0,0,0,0
brandperf-2026-06-15-спб-dream-auto-другие,2026-06-15,2026-06,СПБ,Dream Auto,dreamautoschool.ru,Другие,9,4,0,0.0,0.0,,0.0,0.0,0,0
brandperf-2026-06-15-спб-dream-auto-яндекс-карты,2026-06-15,2026-06,СПБ,Dream Auto,autoshkola-victoria.ru,Яндекс Карты,1,1,0,0.0,0.0,,0.0,0.0,0,0
brandperf-2026-06-15-спб-greenlight-другие,2026-06-15,2026-06,СПБ,Greenlight,avtoshkola-greenlight.ru,Другие,1,0,0,0.0,0.0,,0.0,0,0,0
brandperf-2026-06-15-спб-praitauto-другие,2026-06-15,2026-06,СПБ,Praitauto,avtoshkola-praitauto.ru,Другие,1,0,0,0.0,0.0,,0.0,0,0,0
brandperf-2026-06-15-спб-prestigeavto-другие,2026-06-15,2026-06,СПБ,Prestigeavto,avtoshkola-prestigeavto.ru,Другие,2,1,0,0.0,0.0,,0.0,0.0,0,0
brandperf-2026-06-15-спб-schoolvozhdeniye-другие,2026-06-15,2026-06,СПБ,Schoolvozhdeniye,schoolvozhdeniye.ru,Другие,4,1,0,0.0,0.0,,0.0,0.0,0,0
brandperf-2026-06-15-спб-sedan-другие,2026-06-15,2026-06,СПБ,Sedan,avtoshkola-sedan.ru,Другие,1,0,0,0.0,0.0,,0.0,0,0,0
brandperf-2026-06-15-спб-а-поло-гугл-карты,2026-06-15,2026-06,СПБ,А-Поло,avtoshkola-apolo.ru,Гугл Карты,1,0,0,0.0,0.0,,0.0,0,0,0
brandperf-2026-06-15-спб-а-поло-другие,2026-06-15,2026-06,СПБ,А-Поло,avtoshkola-apolo.ru,Другие,5,4,1,90500.0,0.0,,0.0,0.0,0.0,90500.0
brandperf-2026-06-15-спб-абсолют-гугл-карты,2026-06-15,2026-06,СПБ,Абсолют,avtoshkola-absolut.ru,Гугл Карты,1,0,0,0.0,0.0,,0.0,0,0,0
brandperf-2026-06-15-спб-абсолют-другие,2026-06-15,2026-06,СПБ,Абсолют,avtoshkola-absolut.ru,Другие,1,1,1,62000.0,0.0,,0.0,0.0,0.0,62000.0
brandperf-2026-06-15-спб-автобот-гугл-карты,2026-06-15,2026-06,СПБ,АвтоБот,avtoshkola-avtobot.ru · автобот,Гугл Карты,4,2,0,0.0,0.0,,0.0,0.0,0,0
brandperf-2026-06-15-спб-автогранд-другие,2026-06-15,2026-06,СПБ,АвтоГранд,avtoshkola-autogrand.ru,Другие,3,2,1,65500.0,0.0,,0.0,0.0,0.0,65500.0
brandperf-2026-06-15-спб-автодраи-в-2гис,2026-06-15,2026-06,СПБ,АвтоДрайв,autodrive-school.ru · avtoshkola-apolo.ru · автодраи-в,2ГИС,22,6,2,142000.0,0.0,,0.0,0.0,0.0,71000.0
brandperf-2026-06-15-спб-автодраи-в-гугл-карты,2026-06-15,2026-06,СПБ,АвтоДрайв,autodrive-school.ru · piterdriving.ru,Гугл Карты,6,2,0,0.0,0.0,,0.0,0.0,0,0
brandperf-2026-06-15-спб-автодраи-в-другие,2026-06-15,2026-06,СПБ,АвтоДрайв,autodrive-school.ru · автодраи-в,Другие,21,13,6,438480.0,0.0,,0.0,0.0,0.0,73080.0
brandperf-2026-06-15-спб-автодраи-в-прямые-визиты,2026-06-15,2026-06,СПБ,АвтоДрайв,autodrive-school.ru,Прямые визиты,4,2,0,0.0,0.0,,0.0,0.0,0,0
brandperf-2026-06-15-спб-автодраи-в-яндекс-карты,2026-06-15,2026-06,СПБ,АвтоДрайв,autodrive-school.ru · autodrive.msk.ru · автодраи-в,Яндекс Карты,6,1,0,0.0,0.0,,0.0,0.0,0,0
brandperf-2026-06-15-спб-автоклуб-другие,2026-06-15,2026-06,СПБ,АвтоКлуб,avtoshkola-avtoclub.ru,Другие,7,4,1,82000.0,0.0,,0.0,0.0,0.0,82000.0
brandperf-2026-06-15-спб-автомотокласс-гугл-карты,2026-06-15,2026-06,СПБ,АвтоМотоКласс,avtomotospb.ru · автомотокласс,Гугл Карты,3,2,0,0.0,0.0,,0.0,0.0,0,0
brandperf-2026-06-15-спб-автомотокласс-другие,2026-06-15,2026-06,СПБ,АвтоМотоКласс,avtomotospb.ru,Другие,2,1,1,29500.0,0.0,,0.0,0.0,0.0,29500.0
brandperf-2026-06-15-спб-автонавик-другие,2026-06-15,2026-06,СПБ,АвтоНавик,avtoshkola-autonavik.ru,Другие,6,2,1,60000.0,0.0,,0.0,0.0,0.0,60000.0
brandperf-2026-06-15-спб-автопрофи-другие,2026-06-15,2026-06,СПБ,АвтоПрофи,avtoshkola-avtoprofi.ru,Другие,7,4,1,29500.0,0.0,,0.0,0.0,0.0,29500.0
brandperf-2026-06-15-спб-автопрофи-яндекс-карты,2026-06-15,2026-06,СПБ,АвтоПрофи,avtoshkola-avtoprofi.ru,Яндекс Карты,1,0,0,0.0,0.0,,0.0,0,0,0
brandperf-2026-06-15-спб-автосити-2гис,2026-06-15,2026-06,СПБ,АвтоСити,avtoshkola-as.ru,2ГИС,4,1,0,0.0,0.0,,0.0,0.0,0,0
brandperf-2026-06-15-спб-автосити-гугл-карты,2026-06-15,2026-06,СПБ,АвтоСити,avtoshkola-as.ru · автосити,Гугл Карты,8,3,1,65500.0,0.0,,0.0,0.0,0.0,65500.0
brandperf-2026-06-15-спб-автосити-другие,2026-06-15,2026-06,СПБ,АвтоСити,avtoshkola-as.ru,Другие,31,21,5,362500.0,0.0,,0.0,0.0,0.0,72500.0
brandperf-2026-06-15-спб-автосити-яндекс-карты,2026-06-15,2026-06,СПБ,АвтоСити,avtoshkola-as.ru · avtoshkola-autotrack.ru · автосити,Яндекс Карты,21,11,0,0.0,0.0,,0.0,0.0,0,0
brandperf-2026-06-15-спб-автотрек-другие,2026-06-15,2026-06,СПБ,АвтоТрек,avtoshkola-autotrack.ru,Другие,4,2,0,0.0,0.0,,0.0,0.0,0,0
brandperf-2026-06-15-спб-автолэнд-другие,2026-06-15,2026-06,СПБ,Автолэнд,autolandschool.ru,Другие,17,10,4,341500.0,0.0,,0.0,0.0,0.0,85375.0
brandperf-2026-06-15-спб-автошкола-100-другие,2026-06-15,2026-06,СПБ,Автошкола 100,автошкола100.рф,Другие,7,1,0,0.0,0.0,,0.0,0.0,0,0
brandperf-2026-06-15-спб-академика-другие,2026-06-15,2026-06,СПБ,Академика,академика-спб.рф,Другие,45,3,0,0.0,0.0,,0.0,0.0,0,0
brandperf-2026-06-15-спб-виктория-другие,2026-06-15,2026-06,СПБ,Виктория,autoshkola-victoria.ru,Другие,4,1,0,0.0,0.0,,0.0,0.0,0,0
brandperf-2026-06-15-спб-гермес-гугл-карты,2026-06-15,2026-06,СПБ,Гермес,hermesrf-spb.ru,Гугл Карты,1,1,0,0.0,0.0,,0.0,0.0,0,0
brandperf-2026-06-15-спб-гермес-другие,2026-06-15,2026-06,СПБ,Гермес,hermesrf-spb.ru,Другие,2,1,1,60000.0,0.0,,0.0,0.0,0.0,60000.0
brandperf-2026-06-15-спб-гермес-яндекс-карты,2026-06-15,2026-06,СПБ,Гермес,avtoshkola-as.ru · avtoshkola-rulevoi.ru · hermesrf-spb.ru,Яндекс Карты,8,2,0,0.0,0.0,,0.0,0.0,0,0
brandperf-2026-06-15-спб-заправами-другие,2026-06-15,2026-06,СПБ,ЗаПравами,avtoshkola-zapravami.ru,Другие,2,0,0,0.0,0.0,,0.0,0,0,0
brandperf-2026-06-15-спб-изи-драи-в-2гис,2026-06-15,2026-06,СПБ,Изи Драйв,izidrive.msk.ru · izidrive.ru · изи-драи-в,2ГИС,8,3,1,62000.0,0.0,,0.0,0.0,0.0,62000.0
brandperf-2026-06-15-спб-изи-драи-в-гугл-карты,2026-06-15,2026-06,СПБ,Изи Драйв,izidrive.ru · изи-драи-в,Гугл Карты,6,3,0,0.0,0.0,,0.0,0.0,0,0
brandperf-2026-06-15-спб-изи-драи-в-другие,2026-06-15,2026-06,СПБ,Изи Драйв,izidrive.ru,Другие,25,13,5,335490.0,0.0,,0.0,0.0,0.0,67098.0
brandperf-2026-06-15-спб-изи-драи-в-прямые-визиты,2026-06-15,2026-06,СПБ,Изи Драйв,izidrive.ru,Прямые визиты,2,1,0,0.0,0.0,,0.0,0.0,0,0
brandperf-2026-06-15-спб-изи-драи-в-яндекс-карты,2026-06-15,2026-06,СПБ,Изи Драйв,izidrive.ru · изи-драи-в · лучшая-автошкола-спб.рф,Яндекс Карты,6,1,0,0.0,0.0,,0.0,0.0,0,0
brandperf-2026-06-15-спб-колибри-другие,2026-06-15,2026-06,СПБ,Колибри,autoshkola-kolibri.ru,Другие,2,1,1,87500.0,0.0,,0.0,0.0,0.0,87500.0
brandperf-2026-06-15-спб-лучшая-автошкола-спб-2гис,2026-06-15,2026-06,СПБ,Лучшая Автошкола Спб,лучшая-автошкола-спб.рф,2ГИС,1,1,0,0.0,0.0,,0.0,0.0,0,0
brandperf-2026-06-15-спб-лучшая-автошкола-спб-seo,2026-06-15,2026-06,СПБ,Лучшая Автошкола Спб,лучшая-автошкола-спб.рф,SEO,2,0,0,0.0,0.0,,0.0,0,0,0
brandperf-2026-06-15-спб-лучшая-автошкола-спб-гугл-карты,2026-06-15,2026-06,СПБ,Лучшая Автошкола Спб,лучшая-автошкола-спб.рф,Гугл Карты,2,2,0,0.0,0.0,,0.0,0.0,0,0
brandperf-2026-06-15-спб-лучшая-автошкола-спб-другие,2026-06-15,2026-06,СПБ,Лучшая Автошкола Спб,лучшая-автошкола-спб.рф,Другие,1,0,0,0.0,0.0,,0.0,0,0,0
brandperf-2026-06-15-спб-лучшая-автошкола-спб-прямые-визиты,2026-06-15,2026-06,СПБ,Лучшая Автошкола Спб,лучшая-автошкола-спб.рф,Прямые визиты,1,1,0,0.0,0.0,,0.0,0.0,0,0
brandperf-2026-06-15-спб-лучшая-автошкола-спб-роботы,2026-06-15,2026-06,СПБ,Лучшая Автошкола Спб,лучшая-автошкола-спб.рф,Роботы,3,1,0,0.0,0.0,,0.0,0.0,0,0
brandperf-2026-06-15-спб-лучшая-автошкола-спб-яндекс-директ,2026-06-15,2026-06,СПБ,Лучшая Автошкола Спб,лучшая-автошкола-спб.рф,Яндекс Директ,3,0,0,0.0,0.0,,0.0,0,0,0
brandperf-2026-06-15-спб-лучшая-автошкола-спб-яндекс-карты,2026-06-15,2026-06,СПБ,Лучшая Автошкола Спб,лучшая-автошкола-спб.рф,Яндекс Карты,4,0,0,0.0,0.0,,0.0,0,0,0
brandperf-2026-06-15-спб-маневр-другие,2026-06-15,2026-06,СПБ,Маневр,autoshkola-manevr.ru,Другие,11,4,1,65500.0,0.0,,0.0,0.0,0.0,65500.0
brandperf-2026-06-15-спб-мираж-другие,2026-06-15,2026-06,СПБ,Мираж,avtoshkola-mirazh.ru,Другие,1,1,0,0.0,0.0,,0.0,0.0,0,0
brandperf-2026-06-15-спб-пора-за-руль-2гис,2026-06-15,2026-06,СПБ,Пора за руль,pora-za-rul.ru,2ГИС,1,0,0,0.0,0.0,,0.0,0,0,0
brandperf-2026-06-15-спб-пора-за-руль-другие,2026-06-15,2026-06,СПБ,Пора за руль,pora-za-rul.ru,Другие,19,12,4,273990.0,0.0,,0.0,0.0,0.0,68497.5
brandperf-2026-06-15-спб-пора-за-руль-рек-кешбэк,2026-06-15,2026-06,СПБ,Пора за руль,pora-za-rul.ru,Рек/кешбэк,1,1,1,62000.0,0.0,,0.0,0.0,0.0,62000.0
brandperf-2026-06-15-спб-пора-за-руль-яндекс-карты,2026-06-15,2026-06,СПБ,Пора за руль,autoshkola-avtotest.ru · autoshkola-porazarul.ru · pora-za-rul.ru,Яндекс Карты,8,2,0,0.0,0.0,,0.0,0.0,0,0
brandperf-2026-06-15-спб-ралли-другие,2026-06-15,2026-06,СПБ,Ралли,rallischool.ru,Другие,9,4,0,0.0,0.0,,0.0,0.0,0,0
brandperf-2026-06-15-спб-рулевои-другие,2026-06-15,2026-06,СПБ,Рулевой,avtoshkola-rulevoi.ru,Другие,7,6,1,92990.0,0.0,,0.0,0.0,0.0,92990.0
brandperf-2026-06-15-спб-рулевои-яндекс-карты,2026-06-15,2026-06,СПБ,Рулевой,avtoshkola-rulevoi.ru,Яндекс Карты,2,0,0,0.0,0.0,,0.0,0,0,0
brandperf-2026-06-15-спб-студент-другие,2026-06-15,2026-06,СПБ,Студент,avtoshkola-student.ru,Другие,7,0,0,0.0,0.0,,0.0,0,0,0
brandperf-2026-06-15-спб-топгир-2гис,2026-06-15,2026-06,СПБ,ТопГир,лучшая-автошкола-спб.рф,2ГИС,1,0,0,0.0,0.0,,0.0,0,0,0
brandperf-2026-06-15-спб-успех-другие,2026-06-15,2026-06,СПБ,Успех,yspexspb.ru,Другие,4,0,0,0.0,0.0,,0.0,0,0,0
brandperf-2026-06-15-спб-форвард-другие,2026-06-15,2026-06,СПБ,Форвард,avtoshkola-forvard.ru,Другие,2,1,1,65500.0,0.0,,0.0,0.0,0.0,65500.0
brandperf-2026-06-15-спб-центральная-другие,2026-06-15,2026-06,СПБ,Центральная,autoshkola-centralnaya.ru,Другие,8,1,0,0.0,0.0,,0.0,0.0,0,0
brandperf-2026-06-15-спб-штиль-другие,2026-06-15,2026-06,СПБ,Штиль,avtoshkola-shtil.ru,Другие,3,2,0,0.0,0.0,,0.0,0.0,0,0
brandperf-2026-06-15-спб-ягуар-другие,2026-06-15,2026-06,СПБ,Ягуар,avtoshkola-yaguarspb.ru,Другие,3,0,0,0.0,0.0,,0.0,0,0,0
brandperf-2026-06-22-мск-autonefrit-другие,2026-06-22,2026-06,МСК,Autonefrit,autonefrit.ru,Другие,6,6,2,62990.0,0.0,,0.0,0.0,0.0,31495.0
brandperf-2026-06-22-мск-bamblbi-другие,2026-06-22,2026-06,МСК,Bamblbi,avtoshkola-bamblbi.ru,Другие,1,1,0,0.0,0.0,,0.0,0.0,0,0
brandperf-2026-06-22-мск-mclaren-другие,2026-06-22,2026-06,МСК,McLaren,autoshkola-mclaren.ru,Другие,6,5,0,0.0,0.0,,0.0,0.0,0,0
brandperf-2026-06-22-мск-po-pravilam-другие,2026-06-22,2026-06,МСК,Po Pravilam,autoshkola-po-pravilam.ru,Другие,1,1,0,0.0,0.0,,0.0,0.0,0,0
brandperf-2026-06-22-мск-schoolselect-другие,2026-06-22,2026-06,МСК,SchoolSelect,schoolselect.ru,Другие,11,1,0,0.0,0.0,,0.0,0.0,0,0
brandperf-2026-06-22-мск-schoolselect-прямые-визиты,2026-06-22,2026-06,МСК,SchoolSelect,schoolselect.ru,Прямые визиты,4,1,2,75980.0,0.0,,0.0,0.0,0.0,37990.0
brandperf-2026-06-22-мск-smart-другие,2026-06-22,2026-06,МСК,Smart,avtoshkola-smart.ru,Другие,1,1,0,0.0,0.0,,0.0,0.0,0,0
brandperf-2026-06-22-мск-xn-80aqiaqgb2e-xn-p1ai-другие,2026-06-22,2026-06,МСК,Xn 80aqiaqgb2e Xn P1ai,xn--80aqiaqgb2e.xn--p1ai,Другие,1,1,1,37990.0,0.0,,0.0,0.0,0.0,37990.0
brandperf-2026-06-22-мск-zarulemmsk-другие,2026-06-22,2026-06,МСК,Zarulemmsk,avtoshkola-zarulemmsk.ru,Другие,1,1,0,0.0,0.0,,0.0,0.0,0,0
brandperf-2026-06-22-мск-автогуру-гугл-карты,2026-06-22,2026-06,МСК,АвтоГуру,autoshkola-guru.ru,Гугл Карты,1,0,0,0.0,0.0,,0.0,0,0,0
brandperf-2026-06-22-мск-автогуру-другие,2026-06-22,2026-06,МСК,АвтоГуру,autoshkola-guru.ru,Другие,7,3,0,0.0,0.0,,0.0,0.0,0,0
brandperf-2026-06-22-мск-автодраи-в-2гис,2026-06-22,2026-06,МСК,АвтоДрайв,autodrive.msk.ru · avtoshkola-zarulemmsk.ru · автодраи-в,2ГИС,17,5,1,49500.0,0.0,,0.0,0.0,0.0,49500.0
brandperf-2026-06-22-мск-автодраи-в-seo,2026-06-22,2026-06,МСК,АвтоДрайв,autodrive.msk.ru,SEO,1,1,0,0.0,0.0,,0.0,0.0,0,0
brandperf-2026-06-22-мск-автодраи-в-гугл-карты,2026-06-22,2026-06,МСК,АвтоДрайв,autodrive.msk.ru,Гугл Карты,4,2,0,0.0,0.0,,0.0,0.0,0,0
brandperf-2026-06-22-мск-автодраи-в-другие,2026-06-22,2026-06,МСК,АвтоДрайв,autodrive.msk.ru,Другие,20,15,6,235460.0,0.0,,0.0,0.0,0.0,39243.33
brandperf-2026-06-22-мск-автодраи-в-прямые-визиты,2026-06-22,2026-06,МСК,АвтоДрайв,autodrive.msk.ru,Прямые визиты,3,2,0,0.0,0.0,,0.0,0.0,0,0
brandperf-2026-06-22-мск-автодраи-в-яндекс-карты,2026-06-22,2026-06,МСК,АвтоДрайв,autodrive.msk.ru · автодраи-в · автошкола-автодрайв.москва,Яндекс Карты,26,14,4,226470.0,0.0,,0.0,0.0,0.0,56617.5
brandperf-2026-06-22-мск-автомск-другие,2026-06-22,2026-06,МСК,АвтоМСК,avtoshkola-avtomsk.ru,Другие,4,3,2,74980.0,0.0,,0.0,0.0,0.0,37490.0
brandperf-2026-06-22-мск-автомобиль-другие,2026-06-22,2026-06,МСК,АвтоМобиль,avtoshkola-automobil.ru,Другие,3,1,0,0.0,0.0,,0.0,0.0,0,0
brandperf-2026-06-22-мск-автомотокласс-другие,2026-06-22,2026-06,МСК,АвтоМотоКласс,avtoshkola-automotoklass.ru,Другие,1,1,0,0.0,0.0,,0.0,0.0,0,0
brandperf-2026-06-22-мск-автонева-другие,2026-06-22,2026-06,МСК,АвтоНева,avtoshkola-auto-neva.ru,Другие,5,3,1,58990.0,0.0,,0.0,0.0,0.0,58990.0
brandperf-2026-06-22-мск-автоправо-2гис,2026-06-22,2026-06,МСК,АвтоПраво,autoshkola-avtopravo.ru · izidrive.msk.ru,2ГИС,3,2,1,64500.0,0.0,,0.0,0.0,0.0,64500.0
brandperf-2026-06-22-мск-автоправо-гугл-карты,2026-06-22,2026-06,МСК,АвтоПраво,autoshkola-avtopravo.ru,Гугл Карты,1,0,0,0.0,0.0,,0.0,0,0,0
brandperf-2026-06-22-мск-автоправо-другие,2026-06-22,2026-06,МСК,АвтоПраво,autoshkola-avtopravo.ru,Другие,34,19,7,305950.0,0.0,,0.0,0.0,0.0,43707.14
brandperf-2026-06-22-мск-автоправо-яндекс-карты,2026-06-22,2026-06,МСК,АвтоПраво,autoshkola-avtopravo.ru · автоправо,Яндекс Карты,2,1,0,0.0,0.0,,0.0,0.0,0,0
brandperf-2026-06-22-мск-автосити-гугл-карты,2026-06-22,2026-06,МСК,АвтоСити,изи-драйв.рф,Гугл Карты,3,0,0,0.0,0.0,,0.0,0,0,0
brandperf-2026-06-22-мск-автосити-яндекс-карты,2026-06-22,2026-06,МСК,АвтоСити,изи-драйв.рф,Яндекс Карты,9,2,0,0.0,0.0,,0.0,0.0,0,0
brandperf-2026-06-22-мск-автотест-2гис,2026-06-22,2026-06,МСК,АвтоТест,autoshkola-avtotest.ru,2ГИС,2,0,0,0.0,0.0,,0.0,0,0,0
brandperf-2026-06-22-мск-автотест-другие,2026-06-22,2026-06,МСК,АвтоТест,autoshkola-avtotest.ru,Другие,10,7,1,58990.0,0.0,,0.0,0.0,0.0,58990.0
brandperf-2026-06-22-мск-автотест-яндекс-карты,2026-06-22,2026-06,МСК,АвтоТест,autoshkola-avtotest.ru · автотест,Яндекс Карты,6,4,2,102490.0,0.0,,0.0,0.0,0.0,51245.0
brandperf-2026-06-22-мск-алонсо-другие,2026-06-22,2026-06,МСК,Алонсо,avtoshkola-alonso.ru,Другие,5,3,0,0.0,0.0,,0.0,0.0,0,0
brandperf-2026-06-22-мск-алонсо-яндекс-карты,2026-06-22,2026-06,МСК,Алонсо,алонсо,Яндекс Карты,2,1,0,0.0,0.0,,0.0,0.0,0,0
brandperf-2026-06-22-мск-армада-другие,2026-06-22,2026-06,МСК,Армада,avtoshkola-armada.ru,Другие,1,0,0,0.0,0.0,,0.0,0,0,0
brandperf-2026-06-22-мск-атлант-2гис,2026-06-22,2026-06,МСК,Атлант,avtoshkola-atlant.ru,2ГИС,1,1,0,0.0,0.0,,0.0,0.0,0,0
brandperf-2026-06-22-мск-атлант-другие,2026-06-22,2026-06,МСК,Атлант,avtoshkola-atlant.ru,Другие,8,4,0,0.0,0.0,,0.0,0.0,0,0
brandperf-2026-06-22-мск-велес-другие,2026-06-22,2026-06,МСК,Велес,avtoshkola-veles.ru,Другие,12,9,1,59500.0,0.0,,0.0,0.0,0.0,59500.0
brandperf-2026-06-22-мск-велес-рек-кешбэк,2026-06-22,2026-06,МСК,Велес,avtoshkola-veles.ru,Рек/кешбэк,1,1,1,35990.0,0.0,,0.0,0.0,0.0,35990.0
brandperf-2026-06-22-мск-виадук-другие,2026-06-22,2026-06,МСК,Виадук,avtoshkola-viaduk.ru,Другие,11,0,0,0.0,0.0,,0.0,0,0,0
brandperf-2026-06-22-мск-гермес-2гис,2026-06-22,2026-06,МСК,Гермес,avtoshkola-tg.ru · hermes-mos.ru · гермес,2ГИС,7,3,2,119490.0,0.0,,0.0,0.0,0.0,59745.0
brandperf-2026-06-22-мск-гермес-гугл-карты,2026-06-22,2026-06,МСК,Гермес,hermes-mos.ru,Гугл Карты,1,0,0,0.0,0.0,,0.0,0,0,0
brandperf-2026-06-22-мск-гермес-другие,2026-06-22,2026-06,МСК,Гермес,hermes-mos.ru,Другие,37,25,9,434470.0,0.0,,0.0,0.0,0.0,48274.44
brandperf-2026-06-22-мск-гермес-прямые-визиты,2026-06-22,2026-06,МСК,Гермес,hermes-mos.ru,Прямые визиты,1,1,0,0.0,0.0,,0.0,0.0,0,0
brandperf-2026-06-22-мск-гермес-яндекс-карты,2026-06-22,2026-06,МСК,Гермес,hermes-mos.ru · гермес · изи-драйв.рф,Яндекс Карты,38,22,2,85990.0,0.0,,0.0,0.0,0.0,42995.0
brandperf-2026-06-22-мск-глобал-другие,2026-06-22,2026-06,МСК,Глобал,avtoshkola-global.ru,Другие,2,1,0,0.0,0.0,,0.0,0.0,0,0
brandperf-2026-06-22-мск-изи-драи-в-2гис,2026-06-22,2026-06,МСК,Изи Драйв,avtoshkola-rul.ru · izidrive.msk.ru · изи-драи-в,2ГИС,6,3,1,36990.0,0.0,,0.0,0.0,0.0,36990.0
brandperf-2026-06-22-мск-изи-драи-в-seo,2026-06-22,2026-06,МСК,Изи Драйв,изи-драйв.рф,SEO,6,2,0,0.0,0.0,,0.0,0.0,0,0
brandperf-2026-06-22-мск-изи-драи-в-гугл-карты,2026-06-22,2026-06,МСК,Изи Драйв,изи-драйв.рф,Гугл Карты,19,5,0,0.0,0.0,,0.0,0.0,0,0
brandperf-2026-06-22-мск-изи-драи-в-другие,2026-06-22,2026-06,МСК,Изи Драйв,izidrive.msk.ru · изи-драйв.рф,Другие,42,25,12,476390.0,0.0,,0.0,0.0,0.0,39699.17
brandperf-2026-06-22-мск-изи-драи-в-прямые-визиты,2026-06-22,2026-06,МСК,Изи Драйв,изи-драйв.рф,Прямые визиты,19,7,1,36990.0,0.0,,0.0,0.0,0.0,36990.0
brandperf-2026-06-22-мск-изи-драи-в-роботы,2026-06-22,2026-06,МСК,Изи Драйв,изи-драйв.рф,Роботы,9,3,0,0.0,0.0,,0.0,0.0,0,0
brandperf-2026-06-22-мск-изи-драи-в-яндекс-карты,2026-06-22,2026-06,МСК,Изи Драйв,изи-драйв.рф,Яндекс Карты,22,8,1,37990.0,0.0,,0.0,0.0,0.0,37990.0
brandperf-2026-06-22-мск-континенталь-другие,2026-06-22,2026-06,МСК,Континенталь,avtoshkola-kontinental.ru,Другие,3,1,0,0.0,0.0,,0.0,0.0,0,0
brandperf-2026-06-22-мск-ланистер-другие,2026-06-22,2026-06,МСК,Ланистер,autoschkola-lanister.ru,Другие,5,1,0,0.0,0.0,,0.0,0.0,0,0
brandperf-2026-06-22-мск-пора-за-руль-2гис,2026-06-22,2026-06,МСК,Пора за руль,autoshkola-porazarul.ru,2ГИС,1,0,0,0.0,0.0,,0.0,0,0,0
brandperf-2026-06-22-мск-пора-за-руль-seo,2026-06-22,2026-06,МСК,Пора за руль,autoshkola-porazarul.ru,SEO,2,0,0,0.0,0.0,,0.0,0,0,0
brandperf-2026-06-22-мск-пора-за-руль-другие,2026-06-22,2026-06,МСК,Пора за руль,autoshkola-poputi.ru,Другие,4,2,1,42500.0,0.0,,0.0,0.0,0.0,42500.0
brandperf-2026-06-22-мск-пора-за-руль-прямые-визиты,2026-06-22,2026-06,МСК,Пора за руль,autoshkola-poputi.ru · autoshkola-porazarul.ru,Прямые визиты,3,2,0,0.0,0.0,,0.0,0.0,0,0
brandperf-2026-06-22-мск-пора-за-руль-яндекс-карты,2026-06-22,2026-06,МСК,Пора за руль,autoshkola-porazarul.ru,Яндекс Карты,2,1,1,37990.0,0.0,,0.0,0.0,0.0,37990.0
brandperf-2026-06-22-мск-ралли-другие,2026-06-22,2026-06,МСК,Ралли,rallishop.ru,Другие,6,4,3,125480.0,0.0,,0.0,0.0,0.0,41826.67
brandperf-2026-06-22-мск-родос-другие,2026-06-22,2026-06,МСК,Родос,autoshkola-rodos.ru,Другие,3,2,2,63980.0,0.0,,0.0,0.0,0.0,31990.0
brandperf-2026-06-22-мск-рулевои-другие,2026-06-22,2026-06,МСК,Рулевой,avtoshkola-rul.ru · rulevoy-msk.ru,Другие,7,3,1,71500.0,0.0,,0.0,0.0,0.0,71500.0
brandperf-2026-06-22-мск-рулевои-яндекс-карты,2026-06-22,2026-06,МСК,Рулевой,rulevoy-msk.ru,Яндекс Карты,1,1,0,0.0,0.0,,0.0,0.0,0,0
brandperf-2026-06-22-мск-топгир-2гис,2026-06-22,2026-06,МСК,ТопГир,autonefrit.ru · avtoshkola-tg.ru,2ГИС,14,5,0,0.0,0.0,,0.0,0.0,0,0
brandperf-2026-06-22-мск-топгир-гугл-карты,2026-06-22,2026-06,МСК,ТопГир,avtoshkola-tg.ru,Гугл Карты,20,12,4,226990.0,0.0,,0.0,0.0,0.0,56747.5
brandperf-2026-06-22-мск-топгир-другие,2026-06-22,2026-06,МСК,ТопГир,avtoshkola-tg.ru,Другие,26,19,10,462920.0,0.0,,0.0,0.0,0.0,46292.0
brandperf-2026-06-22-мск-топгир-прямые-визиты,2026-06-22,2026-06,МСК,ТопГир,avtoshkola-tg.ru,Прямые визиты,7,4,1,59990.0,0.0,,0.0,0.0,0.0,59990.0
brandperf-2026-06-22-мск-топгир-рек-кешбэк,2026-06-22,2026-06,МСК,ТопГир,avtoshkola-tg.ru,Рек/кешбэк,2,1,1,63500.0,0.0,,0.0,0.0,0.0,63500.0
brandperf-2026-06-22-мск-топгир-яндекс-карты,2026-06-22,2026-06,МСК,ТопГир,autoshkola-porazarul.ru · avtoshkola-tg.ru · топгир,Яндекс Карты,21,12,1,27000.0,0.0,,0.0,0.0,0.0,27000.0
brandperf-2026-06-22-мск-ученик-другие,2026-06-22,2026-06,МСК,Ученик,avtoshkola-uchenik.ru,Другие,1,1,0,0.0,0.0,,0.0,0.0,0,0
brandperf-2026-06-22-мск-флагман-другие,2026-06-22,2026-06,МСК,Флагман,avtoshkola-flagmanmsk.ru,Другие,4,2,1,37990.0,0.0,,0.0,0.0,0.0,37990.0
brandperf-2026-06-22-мск-флагман-рек-кешбэк,2026-06-22,2026-06,МСК,Флагман,avtoshkola-flagmanmsk.ru,Рек/кешбэк,1,1,1,37990.0,0.0,,0.0,0.0,0.0,37990.0
brandperf-2026-06-22-спб-autoarion-другие,2026-06-22,2026-06,СПБ,Autoarion,autoshkola-autoarion.ru,Другие,1,0,0,0.0,0.0,,0.0,0,0,0
brandperf-2026-06-22-спб-autokurs-другие,2026-06-22,2026-06,СПБ,Autokurs,autoshkola-autokurs.ru,Другие,1,1,1,82000.0,0.0,,0.0,0.0,0.0,82000.0
brandperf-2026-06-22-спб-dream-auto-другие,2026-06-22,2026-06,СПБ,Dream Auto,dreamautoschool.ru,Другие,8,1,1,82000.0,0.0,,0.0,0.0,0.0,82000.0
brandperf-2026-06-22-спб-dream-auto-яндекс-карты,2026-06-22,2026-06,СПБ,Dream Auto,dreamautoschool.ru · pora-za-rul.ru,Яндекс Карты,6,3,1,60000.0,0.0,,0.0,0.0,0.0,60000.0
brandperf-2026-06-22-спб-faraon-другие,2026-06-22,2026-06,СПБ,Faraon,autoshkola-faraon.ru,Другие,1,0,0,0.0,0.0,,0.0,0,0,0
brandperf-2026-06-22-спб-greenlight-другие,2026-06-22,2026-06,СПБ,Greenlight,avtoshkola-greenlight.ru,Другие,3,0,0,0.0,0.0,,0.0,0,0,0
brandperf-2026-06-22-спб-krossauto-другие,2026-06-22,2026-06,СПБ,Krossauto,avtoshkola-krossauto.ru,Другие,1,0,0,0.0,0.0,,0.0,0,0,0
brandperf-2026-06-22-спб-motor-другие,2026-06-22,2026-06,СПБ,Motor,avtoshkola-motor.ru,Другие,1,1,0,0.0,0.0,,0.0,0.0,0,0
brandperf-2026-06-22-спб-pervayaperedacha-другие,2026-06-22,2026-06,СПБ,Pervayaperedacha,avtoshkola-pervayaperedacha.ru,Другие,1,0,0,0.0,0.0,,0.0,0,0,0
brandperf-2026-06-22-спб-schoolvozhdeniye-другие,2026-06-22,2026-06,СПБ,Schoolvozhdeniye,schoolvozhdeniye.ru,Другие,2,1,0,0.0,0.0,,0.0,0.0,0,0
brandperf-2026-06-22-спб-sedan-другие,2026-06-22,2026-06,СПБ,Sedan,avtoshkola-sedan.ru,Другие,1,0,0,0.0,0.0,,0.0,0,0,0
brandperf-2026-06-22-спб-signal-другие,2026-06-22,2026-06,СПБ,Signal,avtoshkola-signal.ru,Другие,1,0,0,0.0,0.0,,0.0,0,0,0
brandperf-2026-06-22-спб-а-поло-гугл-карты,2026-06-22,2026-06,СПБ,А-Поло,avtoshkola-apolo.ru,Гугл Карты,1,1,0,0.0,0.0,,0.0,0.0,0,0
brandperf-2026-06-22-спб-абсолют-гугл-карты,2026-06-22,2026-06,СПБ,Абсолют,абсолют,Гугл Карты,1,1,0,0.0,0.0,,0.0,0.0,0,0
brandperf-2026-06-22-спб-абсолют-другие,2026-06-22,2026-06,СПБ,Абсолют,avtoshkola-absolut.ru,Другие,1,1,1,62000.0,0.0,,0.0,0.0,0.0,62000.0
brandperf-2026-06-22-спб-автогранд-другие,2026-06-22,2026-06,СПБ,АвтоГранд,avtoshkola-autogrand.ru,Другие,4,3,1,86000.0,0.0,,0.0,0.0,0.0,86000.0
brandperf-2026-06-22-спб-автодраи-в-2гис,2026-06-22,2026-06,СПБ,АвтоДрайв,autodrive-school.ru · автодраи-в · лучшая-автошкола-спб.рф,2ГИС,21,9,2,120000.0,0.0,,0.0,0.0,0.0,60000.0
brandperf-2026-06-22-спб-автодраи-в-гугл-карты,2026-06-22,2026-06,СПБ,АвтоДрайв,autodrive-school.ru · автодраи-в,Гугл Карты,2,0,0,0.0,0.0,,0.0,0,0,0
brandperf-2026-06-22-спб-автодраи-в-другие,2026-06-22,2026-06,СПБ,АвтоДрайв,autodrive-school.ru · автодрайв.спб.рф,Другие,30,20,7,465490.0,0.0,,0.0,0.0,0.0,66498.57
brandperf-2026-06-22-спб-автодраи-в-прямые-визиты,2026-06-22,2026-06,СПБ,АвтоДрайв,autodrive-school.ru,Прямые визиты,5,5,2,122000.0,0.0,,0.0,0.0,0.0,61000.0
brandperf-2026-06-22-спб-автодраи-в-рек-кешбэк,2026-06-22,2026-06,СПБ,АвтоДрайв,autodrive-school.ru,Рек/кешбэк,1,0,0,0.0,0.0,,0.0,0,0,0
brandperf-2026-06-22-спб-автодраи-в-роботы,2026-06-22,2026-06,СПБ,АвтоДрайв,автодрайв.спб.рф,Роботы,1,1,0,0.0,0.0,,0.0,0.0,0,0
brandperf-2026-06-22-спб-автодраи-в-яндекс-карты,2026-06-22,2026-06,СПБ,АвтоДрайв,autodrive-school.ru · автодрайв.спб.рф,Яндекс Карты,10,10,0,0.0,0.0,,0.0,0.0,0,0
brandperf-2026-06-22-спб-автоклуб-другие,2026-06-22,2026-06,СПБ,АвтоКлуб,avtoshkola-avtoclub.ru,Другие,4,2,0,0.0,0.0,,0.0,0.0,0,0
brandperf-2026-06-22-спб-автолеон-другие,2026-06-22,2026-06,СПБ,АвтоЛеон,avtoshkola-autoleon.ru,Другие,1,0,0,0.0,0.0,,0.0,0,0,0
brandperf-2026-06-22-спб-автомотокласс-гугл-карты,2026-06-22,2026-06,СПБ,АвтоМотоКласс,avtomotospb.ru,Гугл Карты,1,0,1,92990.0,0.0,,0.0,0,0.0,92990.0
brandperf-2026-06-22-спб-автомотокласс-другие,2026-06-22,2026-06,СПБ,АвтоМотоКласс,avtomotospb.ru,Другие,3,2,0,0.0,0.0,,0.0,0.0,0,0
brandperf-2026-06-22-спб-автонавик-другие,2026-06-22,2026-06,СПБ,АвтоНавик,avtoshkola-autonavik.ru,Другие,6,1,0,0.0,0.0,,0.0,0.0,0,0
brandperf-2026-06-22-спб-автопрофи-гугл-карты,2026-06-22,2026-06,СПБ,АвтоПрофи,avtoshkola-avtoprofi.ru,Гугл Карты,1,0,0,0.0,0.0,,0.0,0,0,0
brandperf-2026-06-22-спб-автопрофи-другие,2026-06-22,2026-06,СПБ,АвтоПрофи,avtoshkola-avtoprofi.ru,Другие,6,4,1,65500.0,0.0,,0.0,0.0,0.0,65500.0
brandperf-2026-06-22-спб-автосити-2гис,2026-06-22,2026-06,СПБ,АвтоСити,avtoshkola-as.ru,2ГИС,4,3,1,86500.0,0.0,,0.0,0.0,0.0,86500.0
brandperf-2026-06-22-спб-автосити-гугл-карты,2026-06-22,2026-06,СПБ,АвтоСити,avtoshkola-as.ru,Гугл Карты,2,1,0,0.0,0.0,,0.0,0.0,0,0
brandperf-2026-06-22-спб-автосити-другие,2026-06-22,2026-06,СПБ,АвтоСити,avtoshkola-as.ru,Другие,27,17,4,242500.0,0.0,,0.0,0.0,0.0,60625.0
brandperf-2026-06-22-спб-автосити-яндекс-карты,2026-06-22,2026-06,СПБ,АвтоСити,avtoshkola-as.ru · лучшая-автошкола-спб.рф,Яндекс Карты,14,6,0,0.0,0.0,,0.0,0.0,0,0
brandperf-2026-06-22-спб-автотрек-другие,2026-06-22,2026-06,СПБ,АвтоТрек,avtoshkola-autotrack.ru,Другие,4,2,0,0.0,0.0,,0.0,0.0,0,0
brandperf-2026-06-22-спб-автотрек-яндекс-карты,2026-06-22,2026-06,СПБ,АвтоТрек,avtoshkola-autotrack.ru,Яндекс Карты,1,1,0,0.0,0.0,,0.0,0.0,0,0
brandperf-2026-06-22-спб-автолэнд-другие,2026-06-22,2026-06,СПБ,Автолэнд,autolandschool.ru,Другие,27,18,2,127500.0,0.0,,0.0,0.0,0.0,63750.0
brandperf-2026-06-22-спб-автолэнд-яндекс-карты,2026-06-22,2026-06,СПБ,Автолэнд,autolandschool.ru,Яндекс Карты,1,0,0,0.0,0.0,,0.0,0,0,0
brandperf-2026-06-22-спб-автошкола-100-другие,2026-06-22,2026-06,СПБ,Автошкола 100,автошкола100.рф,Другие,5,2,0,0.0,0.0,,0.0,0.0,0,0
brandperf-2026-06-22-спб-академика-другие,2026-06-22,2026-06,СПБ,Академика,академика-спб.рф,Другие,10,1,0,0.0,0.0,,0.0,0.0,0,0
brandperf-2026-06-22-спб-визиты-саи-другие,2026-06-22,2026-06,СПБ,Визиты Саи,визиты-саи,Другие,1,0,0,0.0,0.0,,0.0,0,0,0
brandperf-2026-06-22-спб-виктория-другие,2026-06-22,2026-06,СПБ,Виктория,autoshkola-victoria.ru,Другие,4,1,0,0.0,0.0,,0.0,0.0,0,0
brandperf-2026-06-22-спб-гермес-2гис,2026-06-22,2026-06,СПБ,Гермес,лучшая-автошкола-спб.рф,2ГИС,1,1,0,0.0,0.0,,0.0,0.0,0,0
brandperf-2026-06-22-спб-гермес-другие,2026-06-22,2026-06,СПБ,Гермес,hermesrf-spb.ru,Другие,7,1,0,0.0,0.0,,0.0,0.0,0,0
brandperf-2026-06-22-спб-гермес-яндекс-карты,2026-06-22,2026-06,СПБ,Гермес,autodrive-school.ru · hermesrf-spb.ru,Яндекс Карты,5,1,0,0.0,0.0,,0.0,0.0,0,0
brandperf-2026-06-22-спб-движение-другие,2026-06-22,2026-06,СПБ,Движение,autoshkola-dvijenie.ru,Другие,2,1,0,0.0,0.0,,0.0,0.0,0,0
brandperf-2026-06-22-спб-заправами-другие,2026-06-22,2026-06,СПБ,ЗаПравами,avtoshkola-zapravami.ru,Другие,6,2,0,0.0,0.0,,0.0,0.0,0,0
brandperf-2026-06-22-спб-изи-драи-в-2гис,2026-06-22,2026-06,СПБ,Изи Драйв,autodrive-school.ru · izidrive.ru · изи-драи-в,2ГИС,11,3,0,0.0,0.0,,0.0,0.0,0,0
brandperf-2026-06-22-спб-изи-драи-в-zoon,2026-06-22,2026-06,СПБ,Изи Драйв,izidrive.ru,Zoon,1,0,0,0.0,0.0,,0.0,0,0,0
brandperf-2026-06-22-спб-изи-драи-в-гугл-карты,2026-06-22,2026-06,СПБ,Изи Драйв,izidrive.ru,Гугл Карты,1,1,0,0.0,0.0,,0.0,0.0,0,0
brandperf-2026-06-22-спб-изи-драи-в-другие,2026-06-22,2026-06,СПБ,Изи Драйв,izidrive.ru,Другие,35,21,8,516490.0,0.0,,0.0,0.0,0.0,64561.25
brandperf-2026-06-22-спб-изи-драи-в-прямые-визиты,2026-06-22,2026-06,СПБ,Изи Драйв,izidrive.ru,Прямые визиты,1,0,0,0.0,0.0,,0.0,0,0,0
brandperf-2026-06-22-спб-изи-драи-в-яндекс-карты,2026-06-22,2026-06,СПБ,Изи Драйв,izidrive.ru · автодрайв.спб.рф · изи-драи-в,Яндекс Карты,16,9,2,89500.0,0.0,,0.0,0.0,0.0,44750.0
brandperf-2026-06-22-спб-колибри-другие,2026-06-22,2026-06,СПБ,Колибри,autoshkola-kolibri.ru,Другие,1,1,0,0.0,0.0,,0.0,0.0,0,0
brandperf-2026-06-22-спб-лучшая-автошкола-спб-2гис,2026-06-22,2026-06,СПБ,Лучшая Автошкола Спб,лучшая-автошкола-спб.рф,2ГИС,2,1,0,0.0,0.0,,0.0,0.0,0,0
brandperf-2026-06-22-спб-лучшая-автошкола-спб-seo,2026-06-22,2026-06,СПБ,Лучшая Автошкола Спб,лучшая-автошкола-спб.рф,SEO,3,1,1,62000.0,0.0,,0.0,0.0,0.0,62000.0
brandperf-2026-06-22-спб-лучшая-автошкола-спб-гугл-карты,2026-06-22,2026-06,СПБ,Лучшая Автошкола Спб,лучшая-автошкола-спб.рф,Гугл Карты,1,1,0,0.0,0.0,,0.0,0.0,0,0
brandperf-2026-06-22-спб-лучшая-автошкола-спб-другие,2026-06-22,2026-06,СПБ,Лучшая Автошкола Спб,лучшая-автошкола-спб.рф,Другие,3,1,0,0.0,0.0,,0.0,0.0,0,0
brandperf-2026-06-22-спб-лучшая-автошкола-спб-прямые-визиты,2026-06-22,2026-06,СПБ,Лучшая Автошкола Спб,лучшая-автошкола-спб.рф,Прямые визиты,5,2,0,0.0,0.0,,0.0,0.0,0,0
brandperf-2026-06-22-спб-лучшая-автошкола-спб-роботы,2026-06-22,2026-06,СПБ,Лучшая Автошкола Спб,лучшая-автошкола-спб.рф,Роботы,2,0,0,0.0,0.0,,0.0,0,0,0
brandperf-2026-06-22-спб-лучшая-автошкола-спб-яндекс-директ,2026-06-22,2026-06,СПБ,Лучшая Автошкола Спб,лучшая-автошкола-спб.рф,Яндекс Директ,1,0,0,0.0,0.0,,0.0,0,0,0
brandperf-2026-06-22-спб-лучшая-автошкола-спб-яндекс-карты,2026-06-22,2026-06,СПБ,Лучшая Автошкола Спб,лучшая-автошкола-спб.рф,Яндекс Карты,3,1,0,0.0,0.0,,0.0,0.0,0,0
brandperf-2026-06-22-спб-маневр-другие,2026-06-22,2026-06,СПБ,Маневр,autoshkola-manevr.ru,Другие,8,5,2,95000.0,0.0,,0.0,0.0,0.0,47500.0
brandperf-2026-06-22-спб-мираж-другие,2026-06-22,2026-06,СПБ,Мираж,avtoshkola-mirazh.ru,Другие,6,2,0,0.0,0.0,,0.0,0.0,0,0
brandperf-2026-06-22-спб-пора-за-руль-другие,2026-06-22,2026-06,СПБ,Пора за руль,pora-za-rul.ru,Другие,16,11,2,143500.0,0.0,,0.0,0.0,0.0,71750.0
brandperf-2026-06-22-спб-пора-за-руль-яндекс-карты,2026-06-22,2026-06,СПБ,Пора за руль,autoshkola-porazarul.ru · pora-za-rul.ru,Яндекс Карты,13,5,0,0.0,0.0,,0.0,0.0,0,0
brandperf-2026-06-22-спб-рулевои-2гис,2026-06-22,2026-06,СПБ,Рулевой,рулевои,2ГИС,2,0,0,0.0,0.0,,0.0,0,0,0
brandperf-2026-06-22-спб-рулевои-гугл-карты,2026-06-22,2026-06,СПБ,Рулевой,avtoshkola-rulevoi.ru · рулевои,Гугл Карты,2,1,0,0.0,0.0,,0.0,0.0,0,0
brandperf-2026-06-22-спб-рулевои-другие,2026-06-22,2026-06,СПБ,Рулевой,avtoshkola-ruler.ru · avtoshkola-rulevoi.ru,Другие,19,9,3,149500.0,0.0,,0.0,0.0,0.0,49833.33
brandperf-2026-06-22-спб-рулевои-яндекс-карты,2026-06-22,2026-06,СПБ,Рулевой,avtoshkola-rulevoi.ru,Яндекс Карты,1,0,0,0.0,0.0,,0.0,0,0,0
brandperf-2026-06-22-спб-студент-другие,2026-06-22,2026-06,СПБ,Студент,avtoshkola-student.ru,Другие,6,0,0,0.0,0.0,,0.0,0,0,0
brandperf-2026-06-22-спб-успех-другие,2026-06-22,2026-06,СПБ,Успех,yspexspb.ru,Другие,1,0,0,0.0,0.0,,0.0,0,0,0
brandperf-2026-06-22-спб-форвард-гугл-карты,2026-06-22,2026-06,СПБ,Форвард,avtoshkola-forvard.ru,Гугл Карты,1,0,0,0.0,0.0,,0.0,0,0,0
brandperf-2026-06-22-спб-форвард-другие,2026-06-22,2026-06,СПБ,Форвард,avtoshkola-forvard.ru,Другие,1,0,0,0.0,0.0,,0.0,0,0,0
brandperf-2026-06-22-спб-центральная-другие,2026-06-22,2026-06,СПБ,Центральная,autoshkola-centralnaya.ru,Другие,4,0,0,0.0,0.0,,0.0,0,0,0
brandperf-2026-06-22-спб-штиль-другие,2026-06-22,2026-06,СПБ,Штиль,avtoshkola-shtil.ru,Другие,7,3,1,65500.0,0.0,,0.0,0.0,0.0,65500.0
brandperf-2026-06-22-спб-ягуар-другие,2026-06-22,2026-06,СПБ,Ягуар,avtoshkola-yaguarspb.ru,Другие,6,2,1,65500.0,0.0,,0.0,0.0,0.0,65500.0
brandperf-2026-06-22-спб-ягуар-рек-кешбэк,2026-06-22,2026-06,СПБ,Ягуар,avtoshkola-yaguarspb.ru/index.html,Рек/кешбэк,1,1,1,65500.0,0.0,,0.0,0.0,0.0,65500.0
brandperf-2026-06-29-мск-autonefrit-другие,2026-06-29,2026-06,МСК,Autonefrit,autonefrit.ru,Другие,1,0,0,0.0,0.0,,0.0,0,0,0
brandperf-2026-06-29-мск-axel-другие,2026-06-29,2026-06,МСК,Axel,avtoshkola-axel.ru,Другие,1,0,0,0.0,0.0,,0.0,0,0,0
brandperf-2026-06-29-мск-mclaren-другие,2026-06-29,2026-06,МСК,McLaren,autoshkola-mclaren.ru,Другие,4,3,1,49500.0,0.0,,0.0,0.0,0.0,49500.0
brandperf-2026-06-29-мск-schoolselect-прямые-визиты,2026-06-29,2026-06,МСК,SchoolSelect,schoolselect.ru,Прямые визиты,2,1,0,0.0,0.0,,0.0,0.0,0,0
brandperf-2026-06-29-мск-skyauto-другие,2026-06-29,2026-06,МСК,SkyAuto,avtoshkola-skyauto.ru,Другие,1,1,0,0.0,0.0,,0.0,0.0,0,0
brandperf-2026-06-29-мск-smart-другие,2026-06-29,2026-06,МСК,Smart,avtoshkola-smart.ru,Другие,1,1,0,0.0,0.0,,0.0,0.0,0,0
brandperf-2026-06-29-мск-versal-другие,2026-06-29,2026-06,МСК,Versal,autoshkola-versal.ru,Другие,3,1,1,0.0,0.0,,0.0,0.0,0.0,0.0
brandperf-2026-06-29-мск-автогуру-гугл-карты,2026-06-29,2026-06,МСК,АвтоГуру,autoshkola-guru.ru,Гугл Карты,1,0,0,0.0,0.0,,0.0,0,0,0
brandperf-2026-06-29-мск-автогуру-другие,2026-06-29,2026-06,МСК,АвтоГуру,autoshkola-guru.ru,Другие,2,1,1,27000.0,0.0,,0.0,0.0,0.0,27000.0
brandperf-2026-06-29-мск-автодраи-в-2гис,2026-06-29,2026-06,МСК,АвтоДрайв,autodrive.msk.ru,2ГИС,1,0,0,0.0,0.0,,0.0,0,0,0
brandperf-2026-06-29-мск-автодраи-в-гугл-карты,2026-06-29,2026-06,МСК,АвтоДрайв,autodrive.msk.ru,Гугл Карты,1,1,1,59990.0,0.0,,0.0,0.0,0.0,59990.0
brandperf-2026-06-29-мск-автодраи-в-другие,2026-06-29,2026-06,МСК,АвтоДрайв,autodrive-school.ru · autodrive.msk.ru,Другие,16,9,7,277440.0,0.0,,0.0,0.0,0.0,39634.29
brandperf-2026-06-29-мск-автодраи-в-прямые-визиты,2026-06-29,2026-06,МСК,АвтоДрайв,autodrive.msk.ru,Прямые визиты,2,1,1,37990.0,0.0,,0.0,0.0,0.0,37990.0
brandperf-2026-06-29-мск-автодраи-в-яндекс-карты,2026-06-29,2026-06,МСК,АвтоДрайв,autodrive.msk.ru · автодраи-в,Яндекс Карты,11,4,0,0.0,0.0,,0.0,0.0,0,0
brandperf-2026-06-29-мск-автомск-другие,2026-06-29,2026-06,МСК,АвтоМСК,avtoshkola-avtomsk.ru,Другие,1,0,0,0.0,0.0,,0.0,0,0,0
brandperf-2026-06-29-мск-автомобиль-другие,2026-06-29,2026-06,МСК,АвтоМобиль,avtoshkola-automobil.ru,Другие,4,2,1,37990.0,0.0,,0.0,0.0,0.0,37990.0
brandperf-2026-06-29-мск-автоправо-2гис,2026-06-29,2026-06,МСК,АвтоПраво,avtoshkola-alonso.ru · avtoshkola-auto-neva.ru,2ГИС,2,2,0,0.0,0.0,,0.0,0.0,0,0
brandperf-2026-06-29-мск-автоправо-другие,2026-06-29,2026-06,МСК,АвтоПраво,autoshkola-avtopravo.ru,Другие,7,4,2,53980.0,0.0,,0.0,0.0,0.0,26990.0
brandperf-2026-06-29-мск-автотест-другие,2026-06-29,2026-06,МСК,АвтоТест,autoshkola-avtotest.ru,Другие,7,3,2,96980.0,0.0,,0.0,0.0,0.0,48490.0
brandperf-2026-06-29-мск-автотест-яндекс-карты,2026-06-29,2026-06,МСК,АвтоТест,autoshkola-avtotest.ru · автотест,Яндекс Карты,3,3,1,26990.0,0.0,,0.0,0.0,0.0,26990.0
brandperf-2026-06-29-мск-алонсо-другие,2026-06-29,2026-06,МСК,Алонсо,avtoshkola-alonso.ru,Другие,1,0,0,0.0,0.0,,0.0,0,0,0
brandperf-2026-06-29-мск-армада-другие,2026-06-29,2026-06,МСК,Армада,avtoshkola-armada.ru,Другие,2,0,0,0.0,0.0,,0.0,0,0,0
brandperf-2026-06-29-мск-атлант-другие,2026-06-29,2026-06,МСК,Атлант,avtoshkola-atlant.ru,Другие,2,1,0,0.0,0.0,,0.0,0.0,0,0
brandperf-2026-06-29-мск-велес-другие,2026-06-29,2026-06,МСК,Велес,avtoshkola-veles.ru,Другие,4,3,2,74980.0,0.0,,0.0,0.0,0.0,37490.0
brandperf-2026-06-29-мск-виадук-другие,2026-06-29,2026-06,МСК,Виадук,avtoshkola-viaduk.ru,Другие,2,1,0,0.0,0.0,,0.0,0.0,0,0
brandperf-2026-06-29-мск-виктория-яндекс-карты,2026-06-29,2026-06,МСК,Виктория,autoshkola-victoria.ru,Яндекс Карты,1,0,0,0.0,0.0,,0.0,0,0,0
brandperf-2026-06-29-мск-гермес-2гис,2026-06-29,2026-06,МСК,Гермес,hermes-mos.ru,2ГИС,3,2,0,0.0,0.0,,0.0,0.0,0,0
brandperf-2026-06-29-мск-гермес-другие,2026-06-29,2026-06,МСК,Гермес,hermes-mos.ru,Другие,11,8,5,190460.0,0.0,,0.0,0.0,0.0,38092.0
brandperf-2026-06-29-мск-гермес-яндекс-карты,2026-06-29,2026-06,МСК,Гермес,hermes-mos.ru · гермес,Яндекс Карты,15,7,2,95980.0,0.0,,0.0,0.0,0.0,47990.0
brandperf-2026-06-29-мск-изи-драи-в-2гис,2026-06-29,2026-06,МСК,Изи Драйв,изи-драи-в,2ГИС,2,0,0,0.0,0.0,,0.0,0,0,0
brandperf-2026-06-29-мск-изи-драи-в-другие,2026-06-29,2026-06,МСК,Изи Драйв,izidrive.msk.ru,Другие,20,10,4,211870.0,0.0,,0.0,0.0,0.0,52967.5
brandperf-2026-06-29-мск-изи-драи-в-яндекс-директ,2026-06-29,2026-06,МСК,Изи Драйв,izidrive.msk.ru,Яндекс Директ,1,0,0,0.0,0.0,,0.0,0,0,0
brandperf-2026-06-29-мск-изи-драи-в-яндекс-карты,2026-06-29,2026-06,МСК,Изи Драйв,izidrive.msk.ru,Яндекс Карты,2,1,0,0.0,0.0,,0.0,0.0,0,0
brandperf-2026-06-29-мск-континенталь-другие,2026-06-29,2026-06,МСК,Континенталь,avtoshkola-kontinental.ru,Другие,2,2,0,0.0,0.0,,0.0,0.0,0,0
brandperf-2026-06-29-мск-пора-за-руль-2гис,2026-06-29,2026-06,МСК,Пора за руль,пора-за-руль,2ГИС,1,0,0,0.0,0.0,,0.0,0,0,0
brandperf-2026-06-29-мск-пора-за-руль-другие,2026-06-29,2026-06,МСК,Пора за руль,autoshkola-poputi.ru,Другие,2,0,0,0.0,0.0,,0.0,0,0,0
brandperf-2026-06-29-мск-пора-за-руль-яндекс-карты,2026-06-29,2026-06,МСК,Пора за руль,autoshkola-porazarul.ru · avtoshkola-tg.ru · пора-за-руль,Яндекс Карты,3,1,1,37000.0,0.0,,0.0,0.0,0.0,37000.0
brandperf-2026-06-29-мск-ралли-другие,2026-06-29,2026-06,МСК,Ралли,rallishop.ru · раллишоп.рф,Другие,2,0,1,36990.0,0.0,,0.0,0,0.0,36990.0
brandperf-2026-06-29-мск-родос-другие,2026-06-29,2026-06,МСК,Родос,autoshkola-rodos.ru,Другие,1,1,1,26990.0,0.0,,0.0,0.0,0.0,26990.0
brandperf-2026-06-29-мск-рулевои-другие,2026-06-29,2026-06,МСК,Рулевой,avtoshkola-rul.ru · rulevoy-msk.ru,Другие,5,3,2,73980.0,0.0,,0.0,0.0,0.0,36990.0
brandperf-2026-06-29-мск-рулевои-рек-кешбэк,2026-06-29,2026-06,МСК,Рулевой,avtoshkola-rul.ru,Рек/кешбэк,1,1,1,36990.0,0.0,,0.0,0.0,0.0,36990.0
brandperf-2026-06-29-мск-рулевои-яндекс-карты,2026-06-29,2026-06,МСК,Рулевой,rulevoy-msk.ru,Яндекс Карты,1,1,0,0.0,0.0,,0.0,0.0,0,0
brandperf-2026-06-29-мск-топгир-2гис,2026-06-29,2026-06,МСК,ТопГир,avtoshkola-tg.ru · топгир,2ГИС,7,3,3,100970.0,0.0,,0.0,0.0,0.0,33656.67
brandperf-2026-06-29-мск-топгир-seo,2026-06-29,2026-06,МСК,ТопГир,avtoshkola-tg.ru,SEO,1,1,0,0.0,0.0,,0.0,0.0,0,0
brandperf-2026-06-29-мск-топгир-гугл-карты,2026-06-29,2026-06,МСК,ТопГир,avtoshkola-tg.ru,Гугл Карты,4,1,0,0.0,0.0,,0.0,0.0,0,0
brandperf-2026-06-29-мск-топгир-другие,2026-06-29,2026-06,МСК,ТопГир,avtoshkola-tg.ru,Другие,5,3,2,103490.0,0.0,,0.0,0.0,0.0,51745.0
brandperf-2026-06-29-мск-топгир-прямые-визиты,2026-06-29,2026-06,МСК,ТопГир,avtoshkola-tg.ru,Прямые визиты,3,2,0,0.0,0.0,,0.0,0.0,0,0
brandperf-2026-06-29-мск-топгир-яндекс-карты,2026-06-29,2026-06,МСК,ТопГир,avtoshkola-tg.ru,Яндекс Карты,8,6,3,177990.0,0.0,,0.0,0.0,0.0,59330.0
brandperf-2026-06-29-спб-autoarion-другие,2026-06-29,2026-06,СПБ,Autoarion,autoshkola-autoarion.ru,Другие,1,0,0,0.0,0.0,,0.0,0,0,0
brandperf-2026-06-29-спб-autoavis-другие,2026-06-29,2026-06,СПБ,Autoavis,autoshkola-autoavis.ru,Другие,3,0,0,0.0,0.0,,0.0,0,0,0
brandperf-2026-06-29-спб-automotors-другие,2026-06-29,2026-06,СПБ,Automotors,avtoshkola-automotors.ru,Другие,1,1,1,60000.0,0.0,,0.0,0.0,0.0,60000.0
brandperf-2026-06-29-спб-dream-auto-другие,2026-06-29,2026-06,СПБ,Dream Auto,dreamautoschool.ru,Другие,3,2,0,0.0,0.0,,0.0,0.0,0,0
brandperf-2026-06-29-спб-dream-auto-яндекс-карты,2026-06-29,2026-06,СПБ,Dream Auto,dreamautoschool.ru,Яндекс Карты,3,3,0,0.0,0.0,,0.0,0.0,0,0
brandperf-2026-06-29-спб-schoolvozhdeniye-другие,2026-06-29,2026-06,СПБ,Schoolvozhdeniye,schoolvozhdeniye.ru,Другие,1,1,1,84000.0,0.0,,0.0,0.0,0.0,84000.0
brandperf-2026-06-29-спб-sedan-другие,2026-06-29,2026-06,СПБ,Sedan,avtoshkola-sedan.ru,Другие,1,1,0,0.0,0.0,,0.0,0.0,0,0
brandperf-2026-06-29-спб-а-поло-другие,2026-06-29,2026-06,СПБ,А-Поло,avtoshkola-apolo.ru,Другие,2,1,1,87500.0,0.0,,0.0,0.0,0.0,87500.0
brandperf-2026-06-29-спб-абсолют-другие,2026-06-29,2026-06,СПБ,Абсолют,avtoshkola-absolut.ru,Другие,1,1,0,0.0,0.0,,0.0,0.0,0,0
brandperf-2026-06-29-спб-автодраи-в-2гис,2026-06-29,2026-06,СПБ,АвтоДрайв,autodrive-school.ru · автодраи-в,2ГИС,10,4,0,0.0,0.0,,0.0,0.0,0,0
brandperf-2026-06-29-спб-автодраи-в-гугл-карты,2026-06-29,2026-06,СПБ,АвтоДрайв,автодраи-в · лучшая-автошкола-спб.рф,Гугл Карты,2,0,0,0.0,0.0,,0.0,0,0,0
brandperf-2026-06-29-спб-автодраи-в-другие,2026-06-29,2026-06,СПБ,АвтоДрайв,autodrive-school.ru · автодрайв.спб.рф,Другие,5,3,2,173500.0,0.0,,0.0,0.0,0.0,86750.0
brandperf-2026-06-29-спб-автодраи-в-рек-кешбэк,2026-06-29,2026-06,СПБ,АвтоДрайв,autodrive-school.ru,Рек/кешбэк,1,1,0,0.0,0.0,,0.0,0.0,0,0
brandperf-2026-06-29-спб-автодраи-в-яндекс-карты,2026-06-29,2026-06,СПБ,АвтоДрайв,autodrive-school.ru · autodrive.msk.ru · autolandschool.ru,Яндекс Карты,12,5,1,62000.0,0.0,,0.0,0.0,0.0,62000.0
brandperf-2026-06-29-спб-автоклуб-другие,2026-06-29,2026-06,СПБ,АвтоКлуб,avtoshkola-avtoclub.ru,Другие,2,1,0,0.0,0.0,,0.0,0.0,0,0
brandperf-2026-06-29-спб-автолеон-другие,2026-06-29,2026-06,СПБ,АвтоЛеон,avtoshkola-autoleon.ru,Другие,2,0,0,0.0,0.0,,0.0,0,0,0
brandperf-2026-06-29-спб-автонавик-другие,2026-06-29,2026-06,СПБ,АвтоНавик,avtoshkola-autonavik.ru,Другие,2,1,0,0.0,0.0,,0.0,0.0,0,0
brandperf-2026-06-29-спб-автосити-2гис,2026-06-29,2026-06,СПБ,АвтоСити,avtoshkola-as.ru,2ГИС,1,0,0,0.0,0.0,,0.0,0,0,0
brandperf-2026-06-29-спб-автосити-гугл-карты,2026-06-29,2026-06,СПБ,АвтоСити,avtoshkola-as.ru,Гугл Карты,1,0,0,0.0,0.0,,0.0,0,0,0
brandperf-2026-06-29-спб-автосити-яндекс-карты,2026-06-29,2026-06,СПБ,АвтоСити,avtoshkola-as.ru,Яндекс Карты,2,0,0,0.0,0.0,,0.0,0,0,0
brandperf-2026-06-29-спб-автотрек-другие,2026-06-29,2026-06,СПБ,АвтоТрек,avtoshkola-autotrack.ru,Другие,3,1,1,65500.0,0.0,,0.0,0.0,0.0,65500.0
brandperf-2026-06-29-спб-автолэнд-другие,2026-06-29,2026-06,СПБ,Автолэнд,autolandschool.ru,Другие,6,5,2,142000.0,0.0,,0.0,0.0,0.0,71000.0
brandperf-2026-06-29-спб-автолэнд-яндекс-карты,2026-06-29,2026-06,СПБ,Автолэнд,autolandschool.ru,Яндекс Карты,1,0,0,0.0,0.0,,0.0,0,0,0
brandperf-2026-06-29-спб-автошкола-100-другие,2026-06-29,2026-06,СПБ,Автошкола 100,автошкола100.рф,Другие,1,0,0,0.0,0.0,,0.0,0,0,0
brandperf-2026-06-29-спб-академика-другие,2026-06-29,2026-06,СПБ,Академика,академика-спб.рф,Другие,7,2,0,0.0,0.0,,0.0,0.0,0,0
brandperf-2026-06-29-спб-виктория-другие,2026-06-29,2026-06,СПБ,Виктория,autoshkola-victoria.ru,Другие,1,0,0,0.0,0.0,,0.0,0,0,0
brandperf-2026-06-29-спб-гермес-яндекс-карты,2026-06-29,2026-06,СПБ,Гермес,hermesrf-spb.ru,Яндекс Карты,7,2,0,0.0,0.0,,0.0,0.0,0,0
brandperf-2026-06-29-спб-заправами-другие,2026-06-29,2026-06,СПБ,ЗаПравами,avtoshkola-zapravami.ru,Другие,2,1,1,84000.0,0.0,,0.0,0.0,0.0,84000.0
brandperf-2026-06-29-спб-изи-драи-в-2гис,2026-06-29,2026-06,СПБ,Изи Драйв,izidrive.ru · изи-драи-в,2ГИС,4,1,0,0.0,0.0,,0.0,0.0,0,0
brandperf-2026-06-29-спб-изи-драи-в-другие,2026-06-29,2026-06,СПБ,Изи Драйв,izidrive.ru,Другие,9,6,3,175500.0,0.0,,0.0,0.0,0.0,58500.0
brandperf-2026-06-29-спб-изи-драи-в-яндекс-карты,2026-06-29,2026-06,СПБ,Изи Драйв,izidrive.ru,Яндекс Карты,7,2,0,0.0,0.0,,0.0,0.0,0,0
brandperf-2026-06-29-спб-лучшая-автошкола-спб-2гис,2026-06-29,2026-06,СПБ,Лучшая Автошкола Спб,лучшая-автошкола-спб.рф,2ГИС,1,1,0,0.0,0.0,,0.0,0.0,0,0
brandperf-2026-06-29-спб-лучшая-автошкола-спб-гугл-карты,2026-06-29,2026-06,СПБ,Лучшая Автошкола Спб,лучшая-автошкола-спб.рф,Гугл Карты,1,1,0,0.0,0.0,,0.0,0.0,0,0
brandperf-2026-06-29-спб-лучшая-автошкола-спб-прямые-визиты,2026-06-29,2026-06,СПБ,Лучшая Автошкола Спб,лучшая-автошкола-спб.рф,Прямые визиты,1,0,0,0.0,0.0,,0.0,0,0,0
brandperf-2026-06-29-спб-лучшая-автошкола-спб-яндекс-карты,2026-06-29,2026-06,СПБ,Лучшая Автошкола Спб,лучшая-автошкола-спб.рф,Яндекс Карты,1,0,0,0.0,0.0,,0.0,0,0,0
brandperf-2026-06-29-спб-мираж-другие,2026-06-29,2026-06,СПБ,Мираж,avtoshkola-mirazh.ru,Другие,1,1,1,60000.0,0.0,,0.0,0.0,0.0,60000.0
brandperf-2026-06-29-спб-пора-за-руль-другие,2026-06-29,2026-06,СПБ,Пора за руль,pora-za-rul.ru,Другие,7,2,0,0.0,0.0,,0.0,0.0,0,0
brandperf-2026-06-29-спб-пора-за-руль-яндекс-карты,2026-06-29,2026-06,СПБ,Пора за руль,pora-za-rul.ru,Яндекс Карты,3,1,1,59990.0,0.0,,0.0,0.0,0.0,59990.0
brandperf-2026-06-29-спб-ралли-другие,2026-06-29,2026-06,СПБ,Ралли,rallischool.ru,Другие,3,1,0,0.0,0.0,,0.0,0.0,0,0
brandperf-2026-06-29-спб-рулевои-гугл-карты,2026-06-29,2026-06,СПБ,Рулевой,avtoshkola-rulevoi.ru,Гугл Карты,1,1,0,0.0,0.0,,0.0,0.0,0,0
brandperf-2026-06-29-спб-рулевои-другие,2026-06-29,2026-06,СПБ,Рулевой,avtoshkola-rulevoi.ru,Другие,8,4,0,0.0,0.0,,0.0,0.0,0,0
brandperf-2026-06-29-спб-студент-другие,2026-06-29,2026-06,СПБ,Студент,avtoshkola-student.ru,Другие,2,0,0,0.0,0.0,,0.0,0,0,0
brandperf-2026-06-29-спб-центральная-другие,2026-06-29,2026-06,СПБ,Центральная,autoshkola-centralnaya.ru,Другие,3,0,0,0.0,0.0,,0.0,0,0,0
brandperf-2026-06-29-спб-штиль-другие,2026-06-29,2026-06,СПБ,Штиль,avtoshkola-shtil.ru,Другие,2,1,0,0.0,0.0,,0.0,0.0,0,0
brandperf-2026-06-29-спб-ягуар-другие,2026-06-29,2026-06,СПБ,Ягуар,avtoshkola-yaguarspb.ru,Другие,2,2,1,60000.0,0.0,,0.0,0.0,0.0,60000.0
brandperf-2026-07-01-мск-autonefrit-другие,2026-07-01,2026-07,МСК,Autonefrit,autonefrit.ru,Другие,2,0,1,36990.0,0.0,,0.0,0,0.0,36990.0
brandperf-2026-07-01-мск-axel-другие,2026-07-01,2026-07,МСК,Axel,avtoshkola-axel.ru,Другие,1,0,0,0.0,0.0,,0.0,0,0,0
brandperf-2026-07-01-мск-examen-другие,2026-07-01,2026-07,МСК,Examen,autoshkola-examen.ru,Другие,1,0,0,0.0,0.0,,0.0,0,0,0
brandperf-2026-07-01-мск-hidrive-другие,2026-07-01,2026-07,МСК,Hidrive,avtoshkola-hidrive.ru,Другие,1,1,1,37000.0,0.0,,0.0,0.0,0.0,37000.0
brandperf-2026-07-01-мск-mclaren-другие,2026-07-01,2026-07,МСК,McLaren,autoshkola-mclaren.ru,Другие,2,1,1,59990.0,0.0,,0.0,0.0,0.0,59990.0
brandperf-2026-07-01-мск-schoolselect-другие,2026-07-01,2026-07,МСК,SchoolSelect,schoolselect.ru,Другие,7,3,2,63980.0,0.0,,0.0,0.0,0.0,31990.0
brandperf-2026-07-01-мск-schoolselect-прямые-визиты,2026-07-01,2026-07,МСК,SchoolSelect,schoolselect.ru,Прямые визиты,1,0,0,0.0,0.0,,0.0,0,0,0
brandperf-2026-07-01-мск-schoolselect-яндекс-карты,2026-07-01,2026-07,МСК,SchoolSelect,schoolselect.ru,Яндекс Карты,1,1,0,0.0,0.0,,0.0,0.0,0,0
brandperf-2026-07-01-мск-skyauto-другие,2026-07-01,2026-07,МСК,SkyAuto,avtoshkola-skyauto.ru,Другие,3,1,1,26990.0,0.0,,0.0,0.0,0.0,26990.0
brandperf-2026-07-01-мск-автогуру-другие,2026-07-01,2026-07,МСК,АвтоГуру,autoshkola-guru.ru,Другие,4,2,0,0.0,0.0,,0.0,0.0,0,0
brandperf-2026-07-01-мск-автодраи-в-2гис,2026-07-01,2026-07,МСК,АвтоДрайв,автодраи-в · изи-драйв.рф,2ГИС,4,1,1,60000.0,0.0,,0.0,0.0,0.0,60000.0
brandperf-2026-07-01-мск-автодраи-в-seo,2026-07-01,2026-07,МСК,АвтоДрайв,autodrive.msk.ru,SEO,1,0,0,0.0,0.0,,0.0,0,0,0
brandperf-2026-07-01-мск-автодраи-в-гугл-карты,2026-07-01,2026-07,МСК,АвтоДрайв,autodrive.msk.ru,Гугл Карты,3,2,0,0.0,0.0,,0.0,0.0,0,0
brandperf-2026-07-01-мск-автодраи-в-другие,2026-07-01,2026-07,МСК,АвтоДрайв,autodrive.msk.ru,Другие,16,8,4,176480.0,0.0,,0.0,0.0,0.0,44120.0
brandperf-2026-07-01-мск-автодраи-в-прямые-визиты,2026-07-01,2026-07,МСК,АвтоДрайв,autodrive.msk.ru,Прямые визиты,3,2,2,121000.0,0.0,,0.0,0.0,0.0,60500.0
brandperf-2026-07-01-мск-автодраи-в-яндекс-карты,2026-07-01,2026-07,МСК,АвтоДрайв,autodrive.msk.ru · автодраи-в · изи-драйв.рф,Яндекс Карты,27,12,3,133980.0,0.0,,0.0,0.0,0.0,44660.0
brandperf-2026-07-01-мск-автомск-другие,2026-07-01,2026-07,МСК,АвтоМСК,avtoshkola-avtomsk.ru,Другие,5,2,1,81500.0,0.0,,0.0,0.0,0.0,81500.0
brandperf-2026-07-01-мск-автомобиль-другие,2026-07-01,2026-07,МСК,АвтоМобиль,avtoshkola-automobil.ru,Другие,2,1,0,0.0,0.0,,0.0,0.0,0,0
brandperf-2026-07-01-мск-автонева-другие,2026-07-01,2026-07,МСК,АвтоНева,avtoshkola-auto-neva.ru,Другие,3,2,1,37990.0,0.0,,0.0,0.0,0.0,37990.0
brandperf-2026-07-01-мск-автоправо-другие,2026-07-01,2026-07,МСК,АвтоПраво,autoshkola-avtopravo.ru,Другие,15,9,6,302460.0,0.0,,0.0,0.0,0.0,50410.0
brandperf-2026-07-01-мск-автосити-гугл-карты,2026-07-01,2026-07,МСК,АвтоСити,изи-драйв.рф,Гугл Карты,1,0,0,0.0,0.0,,0.0,0,0,0
brandperf-2026-07-01-мск-автосити-яндекс-карты,2026-07-01,2026-07,МСК,АвтоСити,изи-драйв.рф,Яндекс Карты,5,1,0,0.0,0.0,,0.0,0.0,0,0
brandperf-2026-07-01-мск-автотест-другие,2026-07-01,2026-07,МСК,АвтоТест,autoshkola-avtotest.ru,Другие,5,2,0,0.0,0.0,,0.0,0.0,0,0
brandperf-2026-07-01-мск-автотест-яндекс-карты,2026-07-01,2026-07,МСК,АвтоТест,autoshkola-avtotest.ru · rulevoy-msk.ru,Яндекс Карты,3,1,0,0.0,0.0,,0.0,0.0,0,0
brandperf-2026-07-01-мск-алонсо-яндекс-карты,2026-07-01,2026-07,МСК,Алонсо,avtoshkola-alonso.ru,Яндекс Карты,1,0,0,0.0,0.0,,0.0,0,0,0
brandperf-2026-07-01-мск-армада-другие,2026-07-01,2026-07,МСК,Армада,avtoshkola-armada.ru,Другие,4,2,0,0.0,0.0,,0.0,0.0,0,0
brandperf-2026-07-01-мск-атлант-другие,2026-07-01,2026-07,МСК,Атлант,avtoshkola-atlant.ru,Другие,4,3,0,0.0,0.0,,0.0,0.0,0,0
brandperf-2026-07-01-мск-велес-другие,2026-07-01,2026-07,МСК,Велес,avtoshkola-veles.ru,Другие,6,4,0,0.0,0.0,,0.0,0.0,0,0
brandperf-2026-07-01-мск-виадук-другие,2026-07-01,2026-07,МСК,Виадук,avtoshkola-viaduk.ru,Другие,3,0,0,0.0,0.0,,0.0,0,0,0
brandperf-2026-07-01-мск-гермес-2гис,2026-07-01,2026-07,МСК,Гермес,hermes-mos.ru · гермес,2ГИС,2,0,0,0.0,0.0,,0.0,0,0,0
brandperf-2026-07-01-мск-гермес-другие,2026-07-01,2026-07,МСК,Гермес,hermes-mos.ru,Другие,20,16,4,171470.0,0.0,,0.0,0.0,0.0,42867.5
brandperf-2026-07-01-мск-гермес-яндекс-карты,2026-07-01,2026-07,МСК,Гермес,hermes-mos.ru · hermesrf-spb.ru · гермес,Яндекс Карты,34,16,4,192990.0,0.0,,0.0,0.0,0.0,48247.5
brandperf-2026-07-01-мск-изи-драи-в-2гис,2026-07-01,2026-07,МСК,Изи Драйв,izidrive.msk.ru · изи-драйв.рф,2ГИС,4,1,0,0.0,0.0,,0.0,0.0,0,0
brandperf-2026-07-01-мск-изи-драи-в-seo,2026-07-01,2026-07,МСК,Изи Драйв,изи-драйв.рф,SEO,3,0,0,0.0,0.0,,0.0,0,0,0
brandperf-2026-07-01-мск-изи-драи-в-гугл-карты,2026-07-01,2026-07,МСК,Изи Драйв,изи-драйв.рф,Гугл Карты,6,1,0,0.0,0.0,,0.0,0.0,0,0
brandperf-2026-07-01-мск-изи-драи-в-другие,2026-07-01,2026-07,МСК,Изи Драйв,izidrive.msk.ru · изи-драйв.рф,Другие,26,16,9,367910.0,0.0,,0.0,0.0,0.0,40878.89
brandperf-2026-07-01-мск-изи-драи-в-прямые-визиты,2026-07-01,2026-07,МСК,Изи Драйв,изи-драйв.рф,Прямые визиты,4,2,0,0.0,0.0,,0.0,0.0,0,0
brandperf-2026-07-01-мск-изи-драи-в-роботы,2026-07-01,2026-07,МСК,Изи Драйв,изи-драйв.рф,Роботы,19,6,1,58990.0,0.0,,0.0,0.0,0.0,58990.0
brandperf-2026-07-01-мск-изи-драи-в-яндекс-карты,2026-07-01,2026-07,МСК,Изи Драйв,изи-драи-в · изи-драйв.рф,Яндекс Карты,9,3,0,0.0,0.0,,0.0,0.0,0,0
brandperf-2026-07-01-мск-континенталь-другие,2026-07-01,2026-07,МСК,Континенталь,avtoshkola-kontinental.ru,Другие,2,1,2,73980.0,0.0,,0.0,0.0,0.0,36990.0
brandperf-2026-07-01-мск-ланистер-другие,2026-07-01,2026-07,МСК,Ланистер,autoschkola-lanister.ru,Другие,2,1,1,26990.0,0.0,,0.0,0.0,0.0,26990.0
brandperf-2026-07-01-мск-пора-за-руль-другие,2026-07-01,2026-07,МСК,Пора за руль,autoshkola-poputi.ru,Другие,7,4,1,36990.0,0.0,,0.0,0.0,0.0,36990.0
brandperf-2026-07-01-мск-пора-за-руль-прямые-визиты,2026-07-01,2026-07,МСК,Пора за руль,autoshkola-porazarul.ru,Прямые визиты,1,1,1,36990.0,0.0,,0.0,0.0,0.0,36990.0
brandperf-2026-07-01-мск-пора-за-руль-яндекс-карты,2026-07-01,2026-07,МСК,Пора за руль,autoshkola-porazarul.ru,Яндекс Карты,2,2,1,54990.0,0.0,,0.0,0.0,0.0,54990.0
brandperf-2026-07-01-мск-ралли-другие,2026-07-01,2026-07,МСК,Ралли,раллишоп.рф · раллишоп.рф/price,Другие,2,2,1,26990.0,0.0,,0.0,0.0,0.0,26990.0
brandperf-2026-07-01-мск-родос-другие,2026-07-01,2026-07,МСК,Родос,autoshkola-rodos.ru,Другие,3,2,1,36990.0,0.0,,0.0,0.0,0.0,36990.0
brandperf-2026-07-01-мск-рулевои-seo,2026-07-01,2026-07,МСК,Рулевой,rulevoy-msk.ru,SEO,1,1,1,36990.0,0.0,,0.0,0.0,0.0,36990.0
brandperf-2026-07-01-мск-рулевои-другие,2026-07-01,2026-07,МСК,Рулевой,avtoshkola-rul.ru · rulevoy-msk.ru,Другие,5,2,1,59500.0,0.0,,0.0,0.0,0.0,59500.0
brandperf-2026-07-01-мск-рулевои-яндекс-карты,2026-07-01,2026-07,МСК,Рулевой,rulevoy-msk.ru,Яндекс Карты,1,1,0,0.0,0.0,,0.0,0.0,0,0
brandperf-2026-07-01-мск-студент-яндекс-карты,2026-07-01,2026-07,МСК,Студент,avtoshkola-student.ru,Яндекс Карты,1,0,0,0.0,0.0,,0.0,0,0,0
brandperf-2026-07-01-мск-топгир-2гис,2026-07-01,2026-07,МСК,ТопГир,avtoshkola-tg.ru · изи-драйв.рф · топгир,2ГИС,7,1,0,0.0,0.0,,0.0,0.0,0,0
brandperf-2026-07-01-мск-топгир-гугл-карты,2026-07-01,2026-07,МСК,ТопГир,avtoshkola-tg.ru · топгир,Гугл Карты,14,6,2,85980.0,0.0,,0.0,0.0,0.0,42990.0
brandperf-2026-07-01-мск-топгир-другие,2026-07-01,2026-07,МСК,ТопГир,avtoshkola-tg.ru,Другие,15,7,3,123970.0,0.0,,0.0,0.0,0.0,41323.33
brandperf-2026-07-01-мск-топгир-прямые-визиты,2026-07-01,2026-07,МСК,ТопГир,avtoshkola-tg.ru,Прямые визиты,8,3,1,59990.0,0.0,,0.0,0.0,0.0,59990.0
brandperf-2026-07-01-мск-топгир-рек-кешбэк,2026-07-01,2026-07,МСК,ТопГир,avtoshkola-tg.ru,Рек/кешбэк,1,1,0,0.0,0.0,,0.0,0.0,0,0
brandperf-2026-07-01-мск-топгир-яндекс-карты,2026-07-01,2026-07,МСК,ТопГир,avtoshkola-tg.ru,Яндекс Карты,10,2,2,110490.0,0.0,,0.0,0.0,0.0,55245.0
brandperf-2026-07-01-мск-флагман-другие,2026-07-01,2026-07,МСК,Флагман,avtoshkola-flagmanmsk.ru,Другие,5,3,0,0.0,0.0,,0.0,0.0,0,0
brandperf-2026-07-01-спб-automotors-другие,2026-07-01,2026-07,СПБ,Automotors,avtoshkola-automotors.ru,Другие,1,1,0,0.0,0.0,,0.0,0.0,0,0
brandperf-2026-07-01-спб-dream-auto-seo,2026-07-01,2026-07,СПБ,Dream Auto,dreamautoschool.ru,SEO,1,1,0,0.0,0.0,,0.0,0.0,0,0
brandperf-2026-07-01-спб-dream-auto-другие,2026-07-01,2026-07,СПБ,Dream Auto,dreamautoschool.ru,Другие,8,3,1,65500.0,0.0,,0.0,0.0,0.0,65500.0
brandperf-2026-07-01-спб-dream-auto-яндекс-карты,2026-07-01,2026-07,СПБ,Dream Auto,avtoshkola-autonavik.ru · dreamautoschool.ru,Яндекс Карты,2,1,0,0.0,0.0,,0.0,0.0,0,0
brandperf-2026-07-01-спб-greenlight-другие,2026-07-01,2026-07,СПБ,Greenlight,avtoshkola-greenlight.ru,Другие,1,0,0,0.0,0.0,,0.0,0,0,0
brandperf-2026-07-01-спб-prestigeavto-другие,2026-07-01,2026-07,СПБ,Prestigeavto,avtoshkola-prestigeavto.ru,Другие,1,0,0,0.0,0.0,,0.0,0,0,0
brandperf-2026-07-01-спб-signal-другие,2026-07-01,2026-07,СПБ,Signal,avtoshkola-signal.ru,Другие,1,1,1,62000.0,0.0,,0.0,0.0,0.0,62000.0
brandperf-2026-07-01-спб-а-поло-другие,2026-07-01,2026-07,СПБ,А-Поло,avtoshkola-apolo.ru,Другие,5,0,0,0.0,0.0,,0.0,0,0,0
brandperf-2026-07-01-спб-автогранд-другие,2026-07-01,2026-07,СПБ,АвтоГранд,avtoshkola-autogrand.ru,Другие,3,0,0,0.0,0.0,,0.0,0,0,0
brandperf-2026-07-01-спб-автодраи-в-2гис,2026-07-01,2026-07,СПБ,АвтоДрайв,autodrive-school.ru · автодраи-в,2ГИС,14,6,1,60000.0,0.0,,0.0,0.0,0.0,60000.0
brandperf-2026-07-01-спб-автодраи-в-гугл-карты,2026-07-01,2026-07,СПБ,АвтоДрайв,autodrive-school.ru,Гугл Карты,1,1,0,0.0,0.0,,0.0,0.0,0,0
brandperf-2026-07-01-спб-автодраи-в-другие,2026-07-01,2026-07,СПБ,АвтоДрайв,autodrive-school.ru,Другие,12,7,3,206000.0,0.0,,0.0,0.0,0.0,68666.67
brandperf-2026-07-01-спб-автодраи-в-прямые-визиты,2026-07-01,2026-07,СПБ,АвтоДрайв,autodrive-school.ru,Прямые визиты,2,2,2,97990.0,0.0,,0.0,0.0,0.0,48995.0
brandperf-2026-07-01-спб-автодраи-в-рек-кешбэк,2026-07-01,2026-07,СПБ,АвтоДрайв,autodrive-school.ru,Рек/кешбэк,1,0,0,0.0,0.0,,0.0,0,0,0
brandperf-2026-07-01-спб-автодраи-в-яндекс-директ,2026-07-01,2026-07,СПБ,АвтоДрайв,autodrive-school.ru,Яндекс Директ,1,0,0,0.0,0.0,,0.0,0,0,0
brandperf-2026-07-01-спб-автодраи-в-яндекс-карты,2026-07-01,2026-07,СПБ,АвтоДрайв,autodrive-school.ru · autodrive.msk.ru · avtoshkola-rulevoi.ru,Яндекс Карты,16,6,1,82000.0,0.0,,0.0,0.0,0.0,82000.0
brandperf-2026-07-01-спб-автоклуб-другие,2026-07-01,2026-07,СПБ,АвтоКлуб,avtoshkola-avtoclub.ru,Другие,1,0,0,0.0,0.0,,0.0,0,0,0
brandperf-2026-07-01-спб-автолеон-другие,2026-07-01,2026-07,СПБ,АвтоЛеон,avtoshkola-autoleon.ru,Другие,3,0,0,0.0,0.0,,0.0,0,0,0
brandperf-2026-07-01-спб-автомотокласс-другие,2026-07-01,2026-07,СПБ,АвтоМотоКласс,avtomotospb.ru,Другие,3,1,1,29500.0,0.0,,0.0,0.0,0.0,29500.0
brandperf-2026-07-01-спб-автопрофи-другие,2026-07-01,2026-07,СПБ,АвтоПрофи,avtoshkola-avtoprofi.ru,Другие,2,1,0,0.0,0.0,,0.0,0.0,0,0
brandperf-2026-07-01-спб-автосити-2гис,2026-07-01,2026-07,СПБ,АвтоСити,avtoshkola-as.ru,2ГИС,1,1,0,0.0,0.0,,0.0,0.0,0,0
brandperf-2026-07-01-спб-автосити-гугл-карты,2026-07-01,2026-07,СПБ,АвтоСити,autolandschool.ru · avtoshkola-as.ru · avtoshkola-rulevoi.ru,Гугл Карты,3,1,0,0.0,0.0,,0.0,0.0,0,0
brandperf-2026-07-01-спб-автосити-другие,2026-07-01,2026-07,СПБ,АвтоСити,avtoshkola-as.ru,Другие,13,1,1,29500.0,0.0,,0.0,0.0,0.0,29500.0
brandperf-2026-07-01-спб-автосити-яндекс-карты,2026-07-01,2026-07,СПБ,АвтоСити,avtoshkola-as.ru · лучшая-автошкола-спб.рф,Яндекс Карты,12,6,0,0.0,0.0,,0.0,0.0,0,0
brandperf-2026-07-01-спб-автотрек-другие,2026-07-01,2026-07,СПБ,АвтоТрек,avtoshkola-autotrack.ru,Другие,5,5,1,82000.0,0.0,,0.0,0.0,0.0,82000.0
brandperf-2026-07-01-спб-автошкола-100-другие,2026-07-01,2026-07,СПБ,Автошкола 100,автошкола100.рф,Другие,5,0,0,0.0,0.0,,0.0,0,0,0
brandperf-2026-07-01-спб-автошкола-100-яндекс-карты,2026-07-01,2026-07,СПБ,Автошкола 100,автошкола-100,Яндекс Карты,1,0,0,0.0,0.0,,0.0,0,0,0
brandperf-2026-07-01-спб-академика-другие,2026-07-01,2026-07,СПБ,Академика,академика-спб.рф,Другие,3,0,0,0.0,0.0,,0.0,0,0,0
brandperf-2026-07-01-спб-виктория-другие,2026-07-01,2026-07,СПБ,Виктория,autoshkola-victoria.ru,Другие,1,1,0,0.0,0.0,,0.0,0.0,0,0
brandperf-2026-07-01-спб-гермес-другие,2026-07-01,2026-07,СПБ,Гермес,hermesrf-spb.ru,Другие,5,3,0,0.0,0.0,,0.0,0.0,0,0
brandperf-2026-07-01-спб-гермес-яндекс-карты,2026-07-01,2026-07,СПБ,Гермес,hermesrf-spb.ru · лучшая-автошкола-спб.рф,Яндекс Карты,12,3,0,0.0,0.0,,0.0,0.0,0,0
brandperf-2026-07-01-спб-изи-драи-в-2гис,2026-07-01,2026-07,СПБ,Изи Драйв,izidrive.msk.ru · izidrive.ru · автошкола100.рф,2ГИС,10,3,0,0.0,0.0,,0.0,0.0,0,0
brandperf-2026-07-01-спб-изи-драи-в-гугл-карты,2026-07-01,2026-07,СПБ,Изи Драйв,izidrive.ru,Гугл Карты,2,1,0,0.0,0.0,,0.0,0.0,0,0
brandperf-2026-07-01-спб-изи-драи-в-другие,2026-07-01,2026-07,СПБ,Изи Драйв,izidrive.ru,Другие,13,10,6,418990.0,0.0,,0.0,0.0,0.0,69831.67
brandperf-2026-07-01-спб-изи-драи-в-яндекс-карты,2026-07-01,2026-07,СПБ,Изи Драйв,izidrive.ru · автодрайв.спб.рф · академика-спб.рф,Яндекс Карты,28,9,2,122000.0,0.0,,0.0,0.0,0.0,61000.0
brandperf-2026-07-01-спб-колибри-другие,2026-07-01,2026-07,СПБ,Колибри,autoshkola-kolibri.ru,Другие,4,1,0,0.0,0.0,,0.0,0.0,0,0
brandperf-2026-07-01-спб-лучшая-автошкола-спб-гугл-карты,2026-07-01,2026-07,СПБ,Лучшая Автошкола Спб,лучшая-автошкола-спб.рф,Гугл Карты,2,0,0,0.0,0.0,,0.0,0,0,0
brandperf-2026-07-01-спб-лучшая-автошкола-спб-прямые-визиты,2026-07-01,2026-07,СПБ,Лучшая Автошкола Спб,лучшая-автошкола-спб.рф,Прямые визиты,4,1,0,0.0,0.0,,0.0,0.0,0,0
brandperf-2026-07-01-спб-лучшая-автошкола-спб-роботы,2026-07-01,2026-07,СПБ,Лучшая Автошкола Спб,лучшая-автошкола-спб.рф,Роботы,5,2,0,0.0,0.0,,0.0,0.0,0,0
brandperf-2026-07-01-спб-лучшая-автошкола-спб-яндекс-директ,2026-07-01,2026-07,СПБ,Лучшая Автошкола Спб,лучшая-автошкола-спб.рф,Яндекс Директ,1,1,0,0.0,0.0,,0.0,0.0,0,0
brandperf-2026-07-01-спб-лучшая-автошкола-спб-яндекс-карты,2026-07-01,2026-07,СПБ,Лучшая Автошкола Спб,лучшая-автошкола-спб.рф,Яндекс Карты,1,0,0,0.0,0.0,,0.0,0,0,0
brandperf-2026-07-01-спб-маневр-другие,2026-07-01,2026-07,СПБ,Маневр,autoshkola-manevr.ru,Другие,7,2,0,0.0,0.0,,0.0,0.0,0,0
brandperf-2026-07-01-спб-мираж-другие,2026-07-01,2026-07,СПБ,Мираж,avtoshkola-mirazh.ru,Другие,2,1,0,0.0,0.0,,0.0,0.0,0,0
brandperf-2026-07-01-спб-пора-за-руль-другие,2026-07-01,2026-07,СПБ,Пора за руль,pora-za-rul.ru,Другие,5,3,1,82000.0,0.0,,0.0,0.0,0.0,82000.0
brandperf-2026-07-01-спб-пора-за-руль-яндекс-карты,2026-07-01,2026-07,СПБ,Пора за руль,autoshkola-avtotest.ru · autoshkola-porazarul.ru · pora-za-rul.ru,Яндекс Карты,12,4,1,61500.0,0.0,,0.0,0.0,0.0,61500.0
brandperf-2026-07-01-спб-ралли-другие,2026-07-01,2026-07,СПБ,Ралли,ралли,Другие,1,1,0,0.0,0.0,,0.0,0.0,0,0
brandperf-2026-07-01-спб-рулевои-другие,2026-07-01,2026-07,СПБ,Рулевой,avtoshkola-ruler.ru · avtoshkola-rulevoi.ru,Другие,6,1,1,60000.0,0.0,,0.0,0.0,0.0,60000.0
brandperf-2026-07-01-спб-студент-другие,2026-07-01,2026-07,СПБ,Студент,avtoshkola-student.ru,Другие,4,1,0,0.0,0.0,,0.0,0.0,0,0
brandperf-2026-07-01-спб-успех-другие,2026-07-01,2026-07,СПБ,Успех,yspexspb.ru,Другие,5,0,0,0.0,0.0,,0.0,0,0,0
brandperf-2026-07-01-спб-центральная-другие,2026-07-01,2026-07,СПБ,Центральная,autoshkola-centralnaya.ru,Другие,1,0,0,0.0,0.0,,0.0,0,0,0
brandperf-2026-07-01-спб-штиль-другие,2026-07-01,2026-07,СПБ,Штиль,avtoshkola-shtil.ru,Другие,1,0,0,0.0,0.0,,0.0,0,0,0
brandperf-2026-07-01-спб-ягуар-другие,2026-07-01,2026-07,СПБ,Ягуар,avtoshkola-yaguarspb.ru,Другие,7,2,0,0.0,0.0,,0.0,0.0,0,0
brandperf-2026-07-06-мск-autonefrit-другие,2026-07-06,2026-07,МСК,Autonefrit,autonefrit.ru,Другие,3,2,1,36990.0,0.0,,0.0,0.0,0.0,36990.0
brandperf-2026-07-06-мск-hidrive-другие,2026-07-06,2026-07,МСК,Hidrive,avtoshkola-hidrive.ru,Другие,3,0,0,0.0,0.0,,0.0,0,0,0
brandperf-2026-07-06-мск-master-другие,2026-07-06,2026-07,МСК,Master,autoshkola-master.ru,Другие,1,1,0,0.0,0.0,,0.0,0.0,0,0
brandperf-2026-07-06-мск-mclaren-другие,2026-07-06,2026-07,МСК,McLaren,autoshkola-mclaren.ru,Другие,3,2,1,36990.0,0.0,,0.0,0.0,0.0,36990.0
brandperf-2026-07-06-мск-praimauto-другие,2026-07-06,2026-07,МСК,Praimauto,autoshkola-praimauto.ru,Другие,1,0,0,0.0,0.0,,0.0,0,0,0
brandperf-2026-07-06-мск-schoolselect-seo,2026-07-06,2026-07,МСК,SchoolSelect,schoolselect.ru,SEO,2,1,0,0.0,0.0,,0.0,0.0,0,0
brandperf-2026-07-06-мск-schoolselect-гугл-карты,2026-07-06,2026-07,МСК,SchoolSelect,schoolselect.ru,Гугл Карты,1,1,0,0.0,0.0,,0.0,0.0,0,0
brandperf-2026-07-06-мск-schoolselect-другие,2026-07-06,2026-07,МСК,SchoolSelect,schoolselect.ru,Другие,19,11,2,62990.0,0.0,,0.0,0.0,0.0,31495.0
brandperf-2026-07-06-мск-schoolselect-прямые-визиты,2026-07-06,2026-07,МСК,SchoolSelect,schoolselect.ru,Прямые визиты,1,1,0,0.0,0.0,,0.0,0.0,0,0
brandperf-2026-07-06-мск-smart-другие,2026-07-06,2026-07,МСК,Smart,avtoshkola-smart.ru,Другие,1,1,0,0.0,0.0,,0.0,0.0,0,0
brandperf-2026-07-06-мск-triumf-другие,2026-07-06,2026-07,МСК,Triumf,autoshkola-triumf.ru,Другие,2,0,0,0.0,0.0,,0.0,0,0,0
brandperf-2026-07-06-мск-virtuoz-другие,2026-07-06,2026-07,МСК,Virtuoz,avtoshkola-virtuoz.ru,Другие,1,0,0,0.0,0.0,,0.0,0,0,0
brandperf-2026-07-06-мск-автогуру-другие,2026-07-06,2026-07,МСК,АвтоГуру,autoshkola-guru.ru,Другие,6,2,0,0.0,0.0,,0.0,0.0,0,0
brandperf-2026-07-06-мск-автодраи-в-2гис,2026-07-06,2026-07,МСК,АвтоДрайв,autodrive.msk.ru · autoshkola-examen.ru · autoshkola-guru.ru,2ГИС,21,9,2,86980.0,0.0,,0.0,0.0,0.0,43490.0
brandperf-2026-07-06-мск-автодраи-в-seo,2026-07-06,2026-07,МСК,АвтоДрайв,autodrive.msk.ru,SEO,1,0,0,0.0,0.0,,0.0,0,0,0
brandperf-2026-07-06-мск-автодраи-в-гугл-карты,2026-07-06,2026-07,МСК,АвтоДрайв,autodrive.msk.ru,Гугл Карты,2,1,0,0.0,0.0,,0.0,0.0,0,0
brandperf-2026-07-06-мск-автодраи-в-другие,2026-07-06,2026-07,МСК,АвтоДрайв,autodrive.msk.ru,Другие,18,11,5,193960.0,0.0,,0.0,0.0,0.0,38792.0
brandperf-2026-07-06-мск-автодраи-в-прямые-визиты,2026-07-06,2026-07,МСК,АвтоДрайв,autodrive.msk.ru,Прямые визиты,2,2,0,0.0,0.0,,0.0,0.0,0,0
brandperf-2026-07-06-мск-автодраи-в-яндекс-карты,2026-07-06,2026-07,МСК,АвтоДрайв,0 · autodrive-school.ru · autodrive.msk.ru,Яндекс Карты,34,14,1,59990.0,0.0,,0.0,0.0,0.0,59990.0
brandperf-2026-07-06-мск-автомск-другие,2026-07-06,2026-07,МСК,АвтоМСК,avtoshkola-avtomsk.ru,Другие,8,5,2,109490.0,0.0,,0.0,0.0,0.0,54745.0
brandperf-2026-07-06-мск-автомобиль-другие,2026-07-06,2026-07,МСК,АвтоМобиль,avtoshkola-automobil.ru,Другие,3,0,0,0.0,0.0,,0.0,0,0,0
brandperf-2026-07-06-мск-автомотокласс-другие,2026-07-06,2026-07,МСК,АвтоМотоКласс,avtoshkola-automotoklass.ru,Другие,2,1,0,0.0,0.0,,0.0,0.0,0,0
brandperf-2026-07-06-мск-автонева-другие,2026-07-06,2026-07,МСК,АвтоНева,avtoshkola-auto-neva.ru,Другие,10,5,3,139480.0,0.0,,0.0,0.0,0.0,46493.33
brandperf-2026-07-06-мск-автоправо-2гис,2026-07-06,2026-07,МСК,АвтоПраво,autoshkola-avtopravo.ru,2ГИС,4,1,1,60000.0,0.0,,0.0,0.0,0.0,60000.0
brandperf-2026-07-06-мск-автоправо-гугл-карты,2026-07-06,2026-07,МСК,АвтоПраво,autoshkola-avtopravo.ru,Гугл Карты,1,0,0,0.0,0.0,,0.0,0,0,0
brandperf-2026-07-06-мск-автоправо-другие,2026-07-06,2026-07,МСК,АвтоПраво,autoshkola-avtopravo.ru,Другие,22,14,3,124480.0,0.0,,0.0,0.0,0.0,41493.33
brandperf-2026-07-06-мск-автоправо-яндекс-карты,2026-07-06,2026-07,МСК,АвтоПраво,autoshkola-avtopravo.ru · avtoshkola-alonso.ru · avtoshkola-skyauto.ru,Яндекс Карты,5,2,0,0.0,0.0,,0.0,0.0,0,0
brandperf-2026-07-06-мск-автосити-яндекс-карты,2026-07-06,2026-07,МСК,АвтоСити,изи-драйв.рф,Яндекс Карты,5,1,0,0.0,0.0,,0.0,0.0,0,0
brandperf-2026-07-06-мск-автотест-другие,2026-07-06,2026-07,МСК,АвтоТест,autoshkola-avtotest.ru,Другие,7,7,2,76490.0,0.0,,0.0,0.0,0.0,38245.0
brandperf-2026-07-06-мск-автотест-яндекс-карты,2026-07-06,2026-07,МСК,АвтоТест,autoshkola-avtotest.ru · автотест,Яндекс Карты,4,0,0,0.0,0.0,,0.0,0,0,0
brandperf-2026-07-06-мск-алонсо-другие,2026-07-06,2026-07,МСК,Алонсо,avtoshkola-alonso.ru,Другие,7,4,2,63990.0,0.0,,0.0,0.0,0.0,31995.0
brandperf-2026-07-06-мск-алонсо-прямые-визиты,2026-07-06,2026-07,МСК,Алонсо,avtoshkola-alonso.ru,Прямые визиты,1,1,0,0.0,0.0,,0.0,0.0,0,0
brandperf-2026-07-06-мск-алонсо-яндекс-карты,2026-07-06,2026-07,МСК,Алонсо,avtoshkola-alonso.ru,Яндекс Карты,4,1,0,0.0,0.0,,0.0,0.0,0,0
brandperf-2026-07-06-мск-армада-другие,2026-07-06,2026-07,МСК,Армада,avtoshkola-armada.ru,Другие,2,1,0,0.0,0.0,,0.0,0.0,0,0
brandperf-2026-07-06-мск-атлант-другие,2026-07-06,2026-07,МСК,Атлант,avtoshkola-atlant.ru,Другие,8,6,3,153970.0,0.0,,0.0,0.0,0.0,51323.33
brandperf-2026-07-06-мск-без-бренда-другие,2026-07-06,2026-07,МСК,Без Бренда,без бренда,Другие,2,1,0,0.0,0.0,,0.0,0.0,0,0
brandperf-2026-07-06-мск-велес-другие,2026-07-06,2026-07,МСК,Велес,avtoshkola-veles.ru,Другие,12,7,3,133970.0,0.0,,0.0,0.0,0.0,44656.67
brandperf-2026-07-06-мск-гермес-2гис,2026-07-06,2026-07,МСК,Гермес,hermes-mos.ru · гермес,2ГИС,8,4,0,0.0,0.0,,0.0,0.0,0,0
brandperf-2026-07-06-мск-гермес-другие,2026-07-06,2026-07,МСК,Гермес,hermes-mos.ru,Другие,27,18,9,425940.0,0.0,,0.0,0.0,0.0,47326.67
brandperf-2026-07-06-мск-гермес-прямые-визиты,2026-07-06,2026-07,МСК,Гермес,hermes-mos.ru,Прямые визиты,2,1,0,0.0,0.0,,0.0,0.0,0,0
brandperf-2026-07-06-мск-гермес-яндекс-директ,2026-07-06,2026-07,МСК,Гермес,hermes-mos.ru,Яндекс Директ,1,1,0,0.0,0.0,,0.0,0.0,0,0
brandperf-2026-07-06-мск-гермес-яндекс-карты,2026-07-06,2026-07,МСК,Гермес,hermes-mos.ru · hermesrf-spb.ru · гермес,Яндекс Карты,51,16,3,102990.0,0.0,,0.0,0.0,0.0,34330.0
brandperf-2026-07-06-мск-изи-драи-в-2гис,2026-07-06,2026-07,МСК,Изи Драйв,avtoshkola-kontinental.ru · izidrive.msk.ru · изи-драйв.рф,2ГИС,14,4,0,0.0,0.0,,0.0,0.0,0,0
brandperf-2026-07-06-мск-изи-драи-в-seo,2026-07-06,2026-07,МСК,Изи Драйв,изи-драйв.рф,SEO,13,3,1,58990.0,0.0,,0.0,0.0,0.0,58990.0
brandperf-2026-07-06-мск-изи-драи-в-гугл-карты,2026-07-06,2026-07,МСК,Изи Драйв,изи-драйв.рф,Гугл Карты,30,8,0,0.0,0.0,,0.0,0.0,0,0
brandperf-2026-07-06-мск-изи-драи-в-другие,2026-07-06,2026-07,МСК,Изи Драйв,avtoshkola-avtoclub.ru · izidrive.msk.ru · изи-драи-в,Другие,44,19,8,328440.0,0.0,,0.0,0.0,0.0,41055.0
brandperf-2026-07-06-мск-изи-драи-в-прямые-визиты,2026-07-06,2026-07,МСК,Изи Драйв,izidrive.msk.ru · изи-драйв.рф,Прямые визиты,24,6,0,0.0,0.0,,0.0,0.0,0,0
brandperf-2026-07-06-мск-изи-драи-в-роботы,2026-07-06,2026-07,МСК,Изи Драйв,изи-драйв.рф,Роботы,32,9,1,37000.0,0.0,,0.0,0.0,0.0,37000.0
brandperf-2026-07-06-мск-изи-драи-в-яндекс-директ,2026-07-06,2026-07,МСК,Изи Драйв,изи-драйв.рф,Яндекс Директ,1,0,0,0.0,0.0,,0.0,0,0,0
brandperf-2026-07-06-мск-изи-драи-в-яндекс-карты,2026-07-06,2026-07,МСК,Изи Драйв,izidrive.msk.ru · изи-драи-в · изи-драйв.рф,Яндекс Карты,50,11,4,138960.0,0.0,,0.0,0.0,0.0,34740.0
brandperf-2026-07-06-мск-континенталь-другие,2026-07-06,2026-07,МСК,Континенталь,avtoshkola-kontinental.ru,Другие,2,2,0,0.0,0.0,,0.0,0.0,0,0
brandperf-2026-07-06-мск-ланистер-другие,2026-07-06,2026-07,МСК,Ланистер,autoschkola-lanister.ru,Другие,1,1,0,0.0,0.0,,0.0,0.0,0,0
brandperf-2026-07-06-мск-пора-за-руль-другие,2026-07-06,2026-07,МСК,Пора за руль,autoshkola-poputi.ru,Другие,2,1,1,59990.0,0.0,,0.0,0.0,0.0,59990.0
brandperf-2026-07-06-мск-пора-за-руль-яндекс-карты,2026-07-06,2026-07,МСК,Пора за руль,autoshkola-porazarul.ru · пора-за-руль,Яндекс Карты,12,3,1,37990.0,0.0,,0.0,0.0,0.0,37990.0
brandperf-2026-07-06-мск-ралли-другие,2026-07-06,2026-07,МСК,Ралли,rallishop.ru · ралли,Другие,7,1,0,0.0,0.0,,0.0,0.0,0,0
brandperf-2026-07-06-мск-родос-другие,2026-07-06,2026-07,МСК,Родос,autoshkola-rodos.ru,Другие,5,3,1,38000.0,0.0,,0.0,0.0,0.0,38000.0
brandperf-2026-07-06-мск-рулевои-гугл-карты,2026-07-06,2026-07,МСК,Рулевой,rulevoy-msk.ru,Гугл Карты,1,1,1,62000.0,0.0,,0.0,0.0,0.0,62000.0
brandperf-2026-07-06-мск-рулевои-другие,2026-07-06,2026-07,МСК,Рулевой,rulevoy-msk.ru,Другие,2,1,0,0.0,0.0,,0.0,0.0,0,0
brandperf-2026-07-06-мск-топгир-2гис,2026-07-06,2026-07,МСК,ТопГир,avtoshkola-tg.ru · изи-драйв.рф · топгир,2ГИС,23,12,1,37990.0,0.0,,0.0,0.0,0.0,37990.0
brandperf-2026-07-06-мск-топгир-гугл-карты,2026-07-06,2026-07,МСК,ТопГир,avtoshkola-tg.ru,Гугл Карты,12,2,2,140490.0,0.0,,0.0,0.0,0.0,70245.0
brandperf-2026-07-06-мск-топгир-другие,2026-07-06,2026-07,МСК,ТопГир,avtoshkola-tg.ru,Другие,18,12,7,305940.0,0.0,,0.0,0.0,0.0,43705.71
brandperf-2026-07-06-мск-топгир-прямые-визиты,2026-07-06,2026-07,МСК,ТопГир,avtoshkola-tg.ru,Прямые визиты,10,5,3,139480.0,0.0,,0.0,0.0,0.0,46493.33
brandperf-2026-07-06-мск-топгир-рек-кешбэк,2026-07-06,2026-07,МСК,ТопГир,avtoshkola-tg.ru,Рек/кешбэк,2,2,1,42500.0,0.0,,0.0,0.0,0.0,42500.0
brandperf-2026-07-06-мск-топгир-яндекс-карты,2026-07-06,2026-07,МСК,ТопГир,avtoshkola-tg.ru · топгир,Яндекс Карты,29,16,4,194470.0,0.0,,0.0,0.0,0.0,48617.5
brandperf-2026-07-06-мск-ученик-другие,2026-07-06,2026-07,МСК,Ученик,avtoshkola-uchenik.ru,Другие,4,1,0,0.0,0.0,,0.0,0.0,0,0
brandperf-2026-07-06-мск-флагман-другие,2026-07-06,2026-07,МСК,Флагман,avtoshkola-flagmanmsk.ru,Другие,3,0,0,0.0,0.0,,0.0,0,0,0
brandperf-2026-07-06-спб-autokluch-другие,2026-07-06,2026-07,СПБ,Autokluch,avtoshkola-autokluch.ru,Другие,1,1,1,65000.0,0.0,,0.0,0.0,0.0,65000.0
brandperf-2026-07-06-спб-dream-auto-другие,2026-07-06,2026-07,СПБ,Dream Auto,dreamautoschool.ru,Другие,12,5,2,125500.0,0.0,,0.0,0.0,0.0,62750.0
brandperf-2026-07-06-спб-dream-auto-прямые-визиты,2026-07-06,2026-07,СПБ,Dream Auto,dreamautoschool.ru,Прямые визиты,2,1,0,0.0,0.0,,0.0,0.0,0,0
brandperf-2026-07-06-спб-dream-auto-яндекс-карты,2026-07-06,2026-07,СПБ,Dream Auto,dream-auto · dreamautoschool.ru,Яндекс Карты,7,2,0,0.0,0.0,,0.0,0.0,0,0
brandperf-2026-07-06-спб-maximum-другие,2026-07-06,2026-07,СПБ,Maximum,autoshkola-maximum.ru,Другие,2,1,0,0.0,0.0,,0.0,0.0,0,0
brandperf-2026-07-06-спб-sedan-другие,2026-07-06,2026-07,СПБ,Sedan,avtoshkola-sedan.ru,Другие,1,0,0,0.0,0.0,,0.0,0,0,0
brandperf-2026-07-06-спб-а-поло-другие,2026-07-06,2026-07,СПБ,А-Поло,avtoshkola-apolo.ru,Другие,4,2,0,0.0,0.0,,0.0,0.0,0,0
brandperf-2026-07-06-спб-автобот-другие,2026-07-06,2026-07,СПБ,АвтоБот,avtoshkola-avtobot.ru,Другие,1,1,0,0.0,0.0,,0.0,0.0,0,0
brandperf-2026-07-06-спб-автогранд-другие,2026-07-06,2026-07,СПБ,АвтоГранд,avtoshkola-autogrand.ru,Другие,1,0,0,0.0,0.0,,0.0,0,0,0
brandperf-2026-07-06-спб-автодраи-в-2гис,2026-07-06,2026-07,СПБ,АвтоДрайв,autodrive-school.ru · автодраи-в,2ГИС,21,11,1,87500.0,0.0,,0.0,0.0,0.0,87500.0
brandperf-2026-07-06-спб-автодраи-в-seo,2026-07-06,2026-07,СПБ,АвтоДрайв,autodrive-school.ru,SEO,1,0,0,0.0,0.0,,0.0,0,0,0
brandperf-2026-07-06-спб-автодраи-в-гугл-карты,2026-07-06,2026-07,СПБ,АвтоДрайв,autodrive-school.ru · автодраи-в,Гугл Карты,3,1,0,0.0,0.0,,0.0,0.0,0,0
brandperf-2026-07-06-спб-автодраи-в-другие,2026-07-06,2026-07,СПБ,АвтоДрайв,autodrive-school.ru,Другие,21,12,6,395990.0,0.0,,0.0,0.0,0.0,65998.33
brandperf-2026-07-06-спб-автодраи-в-прямые-визиты,2026-07-06,2026-07,СПБ,АвтоДрайв,autodrive-school.ru,Прямые визиты,6,3,0,0.0,0.0,,0.0,0.0,0,0
brandperf-2026-07-06-спб-автодраи-в-рек-кешбэк,2026-07-06,2026-07,СПБ,АвтоДрайв,autodrive-school.ru,Рек/кешбэк,1,1,0,0.0,0.0,,0.0,0.0,0,0
brandperf-2026-07-06-спб-автодраи-в-яндекс-карты,2026-07-06,2026-07,СПБ,АвтоДрайв,autodrive-school.ru · autolandschool.ru · autoshkola-kolibri.ru,Яндекс Карты,22,8,0,0.0,0.0,,0.0,0.0,0,0
brandperf-2026-07-06-спб-автоклуб-другие,2026-07-06,2026-07,СПБ,АвтоКлуб,avtoshkola-avtoclub.ru,Другие,2,1,0,0.0,0.0,,0.0,0.0,0,0
brandperf-2026-07-06-спб-автолеон-другие,2026-07-06,2026-07,СПБ,АвтоЛеон,avtoshkola-autoleon.ru,Другие,1,0,0,0.0,0.0,,0.0,0,0,0
brandperf-2026-07-06-спб-автомотокласс-гугл-карты,2026-07-06,2026-07,СПБ,АвтоМотоКласс,avtomotospb.ru,Гугл Карты,1,1,0,0.0,0.0,,0.0,0.0,0,0
brandperf-2026-07-06-спб-автомотокласс-другие,2026-07-06,2026-07,СПБ,АвтоМотоКласс,avtomotospb.ru,Другие,2,1,0,0.0,0.0,,0.0,0.0,0,0
brandperf-2026-07-06-спб-автонавик-другие,2026-07-06,2026-07,СПБ,АвтоНавик,avtoshkola-autonavik.ru,Другие,6,2,0,0.0,0.0,,0.0,0.0,0,0
brandperf-2026-07-06-спб-автопрофи-другие,2026-07-06,2026-07,СПБ,АвтоПрофи,avtoshkola-avtoprofi.ru,Другие,1,1,0,0.0,0.0,,0.0,0.0,0,0
brandperf-2026-07-06-спб-автосити-2гис,2026-07-06,2026-07,СПБ,АвтоСити,avtoshkola-as.ru · автосити,2ГИС,3,0,0,0.0,0.0,,0.0,0,0,0
brandperf-2026-07-06-спб-автосити-гугл-карты,2026-07-06,2026-07,СПБ,АвтоСити,avtoshkola-as.ru · автосити,Гугл Карты,7,3,0,0.0,0.0,,0.0,0.0,0,0
brandperf-2026-07-06-спб-автосити-другие,2026-07-06,2026-07,СПБ,АвтоСити,avtoshkola-as.ru,Другие,17,10,3,213000.0,0.0,,0.0,0.0,0.0,71000.0
brandperf-2026-07-06-спб-автосити-яндекс-директ,2026-07-06,2026-07,СПБ,АвтоСити,avtoshkola-as.ru,Яндекс Директ,1,0,0,0.0,0.0,,0.0,0,0,0
brandperf-2026-07-06-спб-автосити-яндекс-карты,2026-07-06,2026-07,СПБ,АвтоСити,avtoshkola-as.ru · hermesrf-spb.ru · pora-za-rul.ru,Яндекс Карты,10,3,0,0.0,0.0,,0.0,0.0,0,0
brandperf-2026-07-06-спб-автотрек-другие,2026-07-06,2026-07,СПБ,АвтоТрек,avtoshkola-autotrack.ru,Другие,1,1,0,0.0,0.0,,0.0,0.0,0,0
brandperf-2026-07-06-спб-автолэнд-гугл-карты,2026-07-06,2026-07,СПБ,Автолэнд,autolandschool.ru,Гугл Карты,1,0,0,0.0,0.0,,0.0,0,0,0
brandperf-2026-07-06-спб-автолэнд-другие,2026-07-06,2026-07,СПБ,Автолэнд,autolandschool.ru,Другие,20,15,3,226000.0,0.0,,0.0,0.0,0.0,75333.33
brandperf-2026-07-06-спб-академика-другие,2026-07-06,2026-07,СПБ,Академика,академика-спб.рф,Другие,13,2,1,62000.0,0.0,,0.0,0.0,0.0,62000.0
brandperf-2026-07-06-спб-академика-яндекс-карты,2026-07-06,2026-07,СПБ,Академика,академика-спб.рф,Яндекс Карты,1,1,0,0.0,0.0,,0.0,0.0,0,0
brandperf-2026-07-06-спб-виктория-другие,2026-07-06,2026-07,СПБ,Виктория,autoshkola-victoria.ru,Другие,2,0,0,0.0,0.0,,0.0,0,0,0
brandperf-2026-07-06-спб-гермес-другие,2026-07-06,2026-07,СПБ,Гермес,hermesrf-spb.ru,Другие,9,2,1,62000.0,0.0,,0.0,0.0,0.0,62000.0
brandperf-2026-07-06-спб-гермес-прямые-визиты,2026-07-06,2026-07,СПБ,Гермес,hermesrf-spb.ru,Прямые визиты,2,1,0,0.0,0.0,,0.0,0.0,0,0
brandperf-2026-07-06-спб-гермес-яндекс-карты,2026-07-06,2026-07,СПБ,Гермес,hermesrf-spb.ru,Яндекс Карты,12,12,0,0.0,0.0,,0.0,0.0,0,0
brandperf-2026-07-06-спб-движение-другие,2026-07-06,2026-07,СПБ,Движение,autoshkola-dvijenie.ru,Другие,3,0,0,0.0,0.0,,0.0,0,0,0
brandperf-2026-07-06-спб-заправами-другие,2026-07-06,2026-07,СПБ,ЗаПравами,avtoshkola-zapravami.ru,Другие,1,1,0,0.0,0.0,,0.0,0.0,0,0
brandperf-2026-07-06-спб-изи-драи-в-2гис,2026-07-06,2026-07,СПБ,Изи Драйв,izidrive.ru · изи-драи-в,2ГИС,10,3,0,0.0,0.0,,0.0,0.0,0,0
brandperf-2026-07-06-спб-изи-драи-в-гугл-карты,2026-07-06,2026-07,СПБ,Изи Драйв,avtoshkola-auto-neva.ru · avtoshkola-avtoprofi.ru · izidrive.ru,Гугл Карты,7,3,0,0.0,0.0,,0.0,0.0,0,0
brandperf-2026-07-06-спб-изи-драи-в-другие,2026-07-06,2026-07,СПБ,Изи Драйв,izidrive.ru,Другие,18,8,3,192990.0,0.0,,0.0,0.0,0.0,64330.0
brandperf-2026-07-06-спб-изи-драи-в-прямые-визиты,2026-07-06,2026-07,СПБ,Изи Драйв,izidrive.ru,Прямые визиты,1,0,0,0.0,0.0,,0.0,0,0,0
brandperf-2026-07-06-спб-изи-драи-в-яндекс-карты,2026-07-06,2026-07,СПБ,Изи Драйв,0 · izidrive.ru · изи-драи-в,Яндекс Карты,32,15,2,122000.0,0.0,,0.0,0.0,0.0,61000.0
brandperf-2026-07-06-спб-колибри-другие,2026-07-06,2026-07,СПБ,Колибри,autoshkola-kolibri.ru,Другие,3,3,1,70990.0,0.0,,0.0,0.0,0.0,70990.0
brandperf-2026-07-06-спб-колибри-яндекс-карты,2026-07-06,2026-07,СПБ,Колибри,autoshkola-kolibri.ru,Яндекс Карты,1,1,0,0.0,0.0,,0.0,0.0,0,0
brandperf-2026-07-06-спб-лучшая-автошкола-спб-2гис,2026-07-06,2026-07,СПБ,Лучшая Автошкола Спб,лучшая-автошкола-спб.рф,2ГИС,1,0,0,0.0,0.0,,0.0,0,0,0
brandperf-2026-07-06-спб-лучшая-автошкола-спб-гугл-карты,2026-07-06,2026-07,СПБ,Лучшая Автошкола Спб,лучшая-автошкола-спб.рф,Гугл Карты,2,2,0,0.0,0.0,,0.0,0.0,0,0
brandperf-2026-07-06-спб-лучшая-автошкола-спб-прямые-визиты,2026-07-06,2026-07,СПБ,Лучшая Автошкола Спб,лучшая-автошкола-спб.рф,Прямые визиты,5,1,0,0.0,0.0,,0.0,0.0,0,0
brandperf-2026-07-06-спб-лучшая-автошкола-спб-роботы,2026-07-06,2026-07,СПБ,Лучшая Автошкола Спб,лучшая-автошкола-спб.рф,Роботы,4,2,0,0.0,0.0,,0.0,0.0,0,0
brandperf-2026-07-06-спб-лучшая-автошкола-спб-яндекс-директ,2026-07-06,2026-07,СПБ,Лучшая Автошкола Спб,лучшая-автошкола-спб.рф,Яндекс Директ,1,1,0,0.0,0.0,,0.0,0.0,0,0
brandperf-2026-07-06-спб-лучшая-автошкола-спб-яндекс-карты,2026-07-06,2026-07,СПБ,Лучшая Автошкола Спб,лучшая-автошкола-спб.рф,Яндекс Карты,2,0,0,0.0,0.0,,0.0,0,0,0
brandperf-2026-07-06-спб-маневр-другие,2026-07-06,2026-07,СПБ,Маневр,autoshkola-manevr.ru,Другие,2,1,0,0.0,0.0,,0.0,0.0,0,0
brandperf-2026-07-06-спб-пора-за-руль-другие,2026-07-06,2026-07,СПБ,Пора за руль,pora-za-rul.ru,Другие,6,5,1,58990.0,0.0,,0.0,0.0,0.0,58990.0
brandperf-2026-07-06-спб-пора-за-руль-яндекс-карты,2026-07-06,2026-07,СПБ,Пора за руль,autoshkola-porazarul.ru · pora-za-rul.ru,Яндекс Карты,21,9,3,110970.0,0.0,,0.0,0.0,0.0,36990.0
brandperf-2026-07-06-спб-рулевои-другие,2026-07-06,2026-07,СПБ,Рулевой,avtoshkola-rulevoi.ru · рулевои,Другие,11,4,1,88000.0,0.0,,0.0,0.0,0.0,88000.0
brandperf-2026-07-06-спб-рулевои-прямые-визиты,2026-07-06,2026-07,СПБ,Рулевой,avtoshkola-rulevoi.ru,Прямые визиты,1,1,0,0.0,0.0,,0.0,0.0,0,0
brandperf-2026-07-06-спб-студент-другие,2026-07-06,2026-07,СПБ,Студент,avtoshkola-student.ru,Другие,3,0,0,0.0,0.0,,0.0,0,0,0
brandperf-2026-07-06-спб-центральная-другие,2026-07-06,2026-07,СПБ,Центральная,autoshkola-centralnaya.ru,Другие,4,2,0,0.0,0.0,,0.0,0.0,0,0
brandperf-2026-07-06-спб-штиль-другие,2026-07-06,2026-07,СПБ,Штиль,avtoshkola-shtil.ru,Другие,3,3,1,60000.0,0.0,,0.0,0.0,0.0,60000.0
brandperf-2026-07-06-спб-ягуар-другие,2026-07-06,2026-07,СПБ,Ягуар,avtoshkola-yaguarspb.ru,Другие,3,1,0,0.0,0.0,,0.0,0.0,0,0
brandperf-2026-07-13-мск-autonefrit-другие,2026-07-13,2026-07,МСК,Autonefrit,autonefrit.ru,Другие,2,0,0,0.0,0.0,,0.0,0,0,0
brandperf-2026-07-13-мск-autonefrit-прямые-визиты,2026-07-13,2026-07,МСК,Autonefrit,autonefrit.ru,Прямые визиты,1,0,0,0.0,0.0,,0.0,0,0,0
brandperf-2026-07-13-мск-bamblbi-другие,2026-07-13,2026-07,МСК,Bamblbi,avtoshkola-bamblbi.ru,Другие,2,0,0,0.0,0.0,,0.0,0,0,0
brandperf-2026-07-13-мск-gorizont-другие,2026-07-13,2026-07,МСК,Gorizont,autoshkola-gorizont.ru,Другие,1,0,0,0.0,0.0,,0.0,0,0,0
brandperf-2026-07-13-мск-mclaren-другие,2026-07-13,2026-07,МСК,McLaren,autoshkola-mclaren.ru,Другие,4,0,1,26900.0,0.0,,0.0,0,0.0,26900.0
brandperf-2026-07-13-мск-schoolselect-seo,2026-07-13,2026-07,МСК,SchoolSelect,schoolselect.ru,SEO,2,1,0,0.0,0.0,,0.0,0.0,0,0
brandperf-2026-07-13-мск-schoolselect-другие,2026-07-13,2026-07,МСК,SchoolSelect,schoolselect.ru,Другие,6,4,1,37990.0,0.0,,0.0,0.0,0.0,37990.0
brandperf-2026-07-13-мск-schoolselect-прямые-визиты,2026-07-13,2026-07,МСК,SchoolSelect,schoolselect.ru,Прямые визиты,3,2,1,37990.0,0.0,,0.0,0.0,0.0,37990.0
brandperf-2026-07-13-мск-shkolaamarant-другие,2026-07-13,2026-07,МСК,Shkolaamarant,shkolaamarant.ru,Другие,1,0,0,0.0,0.0,,0.0,0,0,0
brandperf-2026-07-13-мск-skyauto-другие,2026-07-13,2026-07,МСК,SkyAuto,avtoshkola-skyauto.ru,Другие,1,0,0,0.0,0.0,,0.0,0,0,0
brandperf-2026-07-13-мск-автогуру-другие,2026-07-13,2026-07,МСК,АвтоГуру,autoshkola-guru.ru,Другие,6,0,0,0.0,0.0,,0.0,0,0,0
brandperf-2026-07-13-мск-автодраи-в-2гис,2026-07-13,2026-07,МСК,АвтоДрайв,autodrive-school.ru · autodrive.msk.ru · avtoshkola-rul.ru,2ГИС,12,1,1,37990.0,0.0,,0.0,0.0,0.0,37990.0
brandperf-2026-07-13-мск-автодраи-в-seo,2026-07-13,2026-07,МСК,АвтоДрайв,autodrive.msk.ru,SEO,1,0,0,0.0,0.0,,0.0,0,0,0
brandperf-2026-07-13-мск-автодраи-в-гугл-карты,2026-07-13,2026-07,МСК,АвтоДрайв,autodrive.msk.ru · автодраи-в,Гугл Карты,3,1,1,29500.0,0.0,,0.0,0.0,0.0,29500.0
brandperf-2026-07-13-мск-автодраи-в-другие,2026-07-13,2026-07,МСК,АвтоДрайв,autodrive.msk.ru · автодраи-в,Другие,30,20,11,488910.0,0.0,,0.0,0.0,0.0,44446.36
brandperf-2026-07-13-мск-автодраи-в-прямые-визиты,2026-07-13,2026-07,МСК,АвтоДрайв,autodrive.msk.ru,Прямые визиты,5,3,1,37990.0,0.0,,0.0,0.0,0.0,37990.0
brandperf-2026-07-13-мск-автодраи-в-яндекс-карты,2026-07-13,2026-07,МСК,АвтоДрайв,autodrive.msk.ru · autoshkola-avtopravo.ru · izidrive.msk.ru,Яндекс Карты,54,18,7,293450.0,0.0,,0.0,0.0,0.0,41921.43
brandperf-2026-07-13-мск-автомск-другие,2026-07-13,2026-07,МСК,АвтоМСК,avtoshkola-avtomsk.ru,Другие,6,2,0,0.0,0.0,,0.0,0.0,0,0
brandperf-2026-07-13-мск-автомобиль-другие,2026-07-13,2026-07,МСК,АвтоМобиль,avtoshkola-automobil.ru,Другие,3,3,0,0.0,0.0,,0.0,0.0,0,0
brandperf-2026-07-13-мск-автонева-другие,2026-07-13,2026-07,МСК,АвтоНева,avtoshkola-auto-neva.ru,Другие,5,3,1,36990.0,0.0,,0.0,0.0,0.0,36990.0
brandperf-2026-07-13-мск-автоправо-2гис,2026-07-13,2026-07,МСК,АвтоПраво,avtoshkola-auto-neva.ru · автоправо,2ГИС,2,2,1,36990.0,0.0,,0.0,0.0,0.0,36990.0
brandperf-2026-07-13-мск-автоправо-гугл-карты,2026-07-13,2026-07,МСК,АвтоПраво,avtoshkola-tg.ru · автоправо,Гугл Карты,2,0,0,0.0,0.0,,0.0,0,0,0
brandperf-2026-07-13-мск-автоправо-другие,2026-07-13,2026-07,МСК,АвтоПраво,autoshkola-avtopravo.ru,Другие,14,5,3,123480.0,0.0,,0.0,0.0,0.0,41160.0
brandperf-2026-07-13-мск-автоправо-яндекс-карты,2026-07-13,2026-07,МСК,АвтоПраво,autoshkola-avtopravo.ru,Яндекс Карты,2,1,0,0.0,0.0,,0.0,0.0,0,0
brandperf-2026-07-13-мск-автосити-гугл-карты,2026-07-13,2026-07,МСК,АвтоСити,изи-драйв.рф,Гугл Карты,2,0,0,0.0,0.0,,0.0,0,0,0
brandperf-2026-07-13-мск-автосити-яндекс-карты,2026-07-13,2026-07,МСК,АвтоСити,изи-драйв.рф,Яндекс Карты,5,1,0,0.0,0.0,,0.0,0.0,0,0
brandperf-2026-07-13-мск-автотест-гугл-карты,2026-07-13,2026-07,МСК,АвтоТест,autoshkola-avtotest.ru,Гугл Карты,1,0,1,37990.0,0.0,,0.0,0,0.0,37990.0
brandperf-2026-07-13-мск-автотест-другие,2026-07-13,2026-07,МСК,АвтоТест,autoshkola-avtotest.ru,Другие,14,4,0,0.0,0.0,,0.0,0.0,0,0
brandperf-2026-07-13-мск-автотест-яндекс-карты,2026-07-13,2026-07,МСК,АвтоТест,autoshkola-avtotest.ru · автотест,Яндекс Карты,4,1,1,59990.0,0.0,,0.0,0.0,0.0,59990.0
brandperf-2026-07-13-мск-алонсо-другие,2026-07-13,2026-07,МСК,Алонсо,avtoshkola-alonso.ru,Другие,4,2,0,0.0,0.0,,0.0,0.0,0,0
brandperf-2026-07-13-мск-атлант-другие,2026-07-13,2026-07,МСК,Атлант,avtoshkola-atlant.ru,Другие,2,1,1,37990.0,0.0,,0.0,0.0,0.0,37990.0
brandperf-2026-07-13-мск-велес-другие,2026-07-13,2026-07,МСК,Велес,avtoshkola-veles.ru,Другие,11,3,2,84990.0,0.0,,0.0,0.0,0.0,42495.0
brandperf-2026-07-13-мск-велес-прямые-визиты,2026-07-13,2026-07,МСК,Велес,avtoshkola-veles.ru,Прямые визиты,1,0,0,0.0,0.0,,0.0,0,0,0
brandperf-2026-07-13-мск-виадук-другие,2026-07-13,2026-07,МСК,Виадук,avtoshkola-viaduk.ru,Другие,3,3,1,36990.0,0.0,,0.0,0.0,0.0,36990.0
brandperf-2026-07-13-мск-гермес-2гис,2026-07-13,2026-07,МСК,Гермес,0 · hermes-mos.ru · гермес,2ГИС,10,1,1,26990.0,0.0,,0.0,0.0,0.0,26990.0
brandperf-2026-07-13-мск-гермес-другие,2026-07-13,2026-07,МСК,Гермес,hermes-mos.ru,Другие,31,18,13,530900.0,0.0,,0.0,0.0,0.0,40838.46
brandperf-2026-07-13-мск-гермес-прямые-визиты,2026-07-13,2026-07,МСК,Гермес,hermes-mos.ru,Прямые визиты,1,0,0,0.0,0.0,,0.0,0,0,0
brandperf-2026-07-13-мск-гермес-яндекс-карты,2026-07-13,2026-07,МСК,Гермес,avtoshkola-apolo.ru · hermes-mos.ru · гермес,Яндекс Карты,45,17,5,176960.0,0.0,,0.0,0.0,0.0,35392.0
brandperf-2026-07-13-мск-изи-драи-в-2гис,2026-07-13,2026-07,МСК,Изи Драйв,изи-драи-в · изи-драйв.рф,2ГИС,6,1,0,0.0,0.0,,0.0,0.0,0,0
brandperf-2026-07-13-мск-изи-драи-в-seo,2026-07-13,2026-07,МСК,Изи Драйв,изи-драйв.рф,SEO,5,1,0,0.0,0.0,,0.0,0.0,0,0
brandperf-2026-07-13-мск-изи-драи-в-гугл-карты,2026-07-13,2026-07,МСК,Изи Драйв,изи-драйв.рф,Гугл Карты,14,4,0,0.0,0.0,,0.0,0.0,0,0
brandperf-2026-07-13-мск-изи-драи-в-другие,2026-07-13,2026-07,МСК,Изи Драйв,izidrive.msk.ru · изи-драйв.рф,Другие,44,15,8,462450.0,0.0,,0.0,0.0,0.0,57806.25
brandperf-2026-07-13-мск-изи-драи-в-прямые-визиты,2026-07-13,2026-07,МСК,Изи Драйв,изи-драйв.рф,Прямые визиты,11,2,0,0.0,0.0,,0.0,0.0,0,0
brandperf-2026-07-13-мск-изи-драи-в-роботы,2026-07-13,2026-07,МСК,Изи Драйв,изи-драйв.рф,Роботы,13,3,0,0.0,0.0,,0.0,0.0,0,0
brandperf-2026-07-13-мск-изи-драи-в-яндекс-директ,2026-07-13,2026-07,МСК,Изи Драйв,изи-драйв.рф,Яндекс Директ,1,0,0,0.0,0.0,,0.0,0,0,0
brandperf-2026-07-13-мск-изи-драи-в-яндекс-карты,2026-07-13,2026-07,МСК,Изи Драйв,izidrive.msk.ru · izidrive.ru · rulevoy-msk.ru,Яндекс Карты,34,8,0,0.0,0.0,,0.0,0.0,0,0
brandperf-2026-07-13-мск-континенталь-другие,2026-07-13,2026-07,МСК,Континенталь,avtoshkola-kontinental.ru,Другие,1,0,0,0.0,0.0,,0.0,0,0,0
brandperf-2026-07-13-мск-ланистер-другие,2026-07-13,2026-07,МСК,Ланистер,autoschkola-lanister.ru,Другие,3,0,1,58990.0,0.0,,0.0,0,0.0,58990.0
brandperf-2026-07-13-мск-пора-за-руль-2гис,2026-07-13,2026-07,МСК,Пора за руль,autoshkola-porazarul.ru,2ГИС,1,0,0,0.0,0.0,,0.0,0,0,0
brandperf-2026-07-13-мск-пора-за-руль-seo,2026-07-13,2026-07,МСК,Пора за руль,autoshkola-porazarul.ru,SEO,1,0,0,0.0,0.0,,0.0,0,0,0
brandperf-2026-07-13-мск-пора-за-руль-другие,2026-07-13,2026-07,МСК,Пора за руль,autoshkola-poputi.ru · autoshkola-porazarul.ru,Другие,10,2,1,58990.0,0.0,,0.0,0.0,0.0,58990.0
brandperf-2026-07-13-мск-пора-за-руль-прямые-визиты,2026-07-13,2026-07,МСК,Пора за руль,autoshkola-porazarul.ru,Прямые визиты,3,1,0,0.0,0.0,,0.0,0.0,0,0
brandperf-2026-07-13-мск-пора-за-руль-яндекс-карты,2026-07-13,2026-07,МСК,Пора за руль,autoshkola-porazarul.ru · rulevoy-msk.ru · пора-за-руль,Яндекс Карты,8,4,3,134970.0,0.0,,0.0,0.0,0.0,44990.0
brandperf-2026-07-13-мск-ралли-другие,2026-07-13,2026-07,МСК,Ралли,rallishop.ru,Другие,17,7,3,134980.0,0.0,,0.0,0.0,0.0,44993.33
brandperf-2026-07-13-мск-родос-другие,2026-07-13,2026-07,МСК,Родос,autoshkola-rodos.ru,Другие,2,2,1,51500.0,0.0,,0.0,0.0,0.0,51500.0
brandperf-2026-07-13-мск-рулевои-другие,2026-07-13,2026-07,МСК,Рулевой,avtoshkola-rul.ru · rulevoy-msk.ru,Другие,11,5,3,147980.0,0.0,,0.0,0.0,0.0,49326.67
brandperf-2026-07-13-мск-рулевои-яндекс-карты,2026-07-13,2026-07,МСК,Рулевой,rulevoy-msk.ru,Яндекс Карты,2,0,0,0.0,0.0,,0.0,0,0,0
brandperf-2026-07-13-мск-топгир-2гис,2026-07-13,2026-07,МСК,ТопГир,autodrive-school.ru · avtoshkola-tg.ru · izidrive.msk.ru,2ГИС,20,10,3,134970.0,0.0,,0.0,0.0,0.0,44990.0
brandperf-2026-07-13-мск-топгир-seo,2026-07-13,2026-07,МСК,ТопГир,avtoshkola-tg.ru,SEO,1,0,0,0.0,0.0,,0.0,0,0,0
brandperf-2026-07-13-мск-топгир-гугл-карты,2026-07-13,2026-07,МСК,ТопГир,autoshkola-poputi.ru · avtoshkola-armada.ru · avtoshkola-tg.ru,Гугл Карты,14,3,0,0.0,0.0,,0.0,0.0,0,0
brandperf-2026-07-13-мск-топгир-другие,2026-07-13,2026-07,МСК,ТопГир,avtoshkola-tg.ru · топгир,Другие,17,8,1,26990.0,0.0,,0.0,0.0,0.0,26990.0
brandperf-2026-07-13-мск-топгир-прямые-визиты,2026-07-13,2026-07,МСК,ТопГир,avtoshkola-tg.ru,Прямые визиты,5,1,1,81500.0,0.0,,0.0,0.0,0.0,81500.0
brandperf-2026-07-13-мск-топгир-яндекс-карты,2026-07-13,2026-07,МСК,ТопГир,avtoshkola-tg.ru,Яндекс Карты,18,8,3,147480.0,0.0,,0.0,0.0,0.0,49160.0
brandperf-2026-07-13-мск-ученик-другие,2026-07-13,2026-07,МСК,Ученик,avtoshkola-uchenik.ru,Другие,1,0,1,36990.0,0.0,,0.0,0,0.0,36990.0
brandperf-2026-07-13-мск-ученик-прямые-визиты,2026-07-13,2026-07,МСК,Ученик,avtoshkola-uchenik.ru,Прямые визиты,1,0,0,0.0,0.0,,0.0,0,0,0
brandperf-2026-07-13-спб-autoarion-другие,2026-07-13,2026-07,СПБ,Autoarion,autoshkola-autoarion.ru,Другие,3,1,0,0.0,0.0,,0.0,0.0,0,0
brandperf-2026-07-13-спб-autozachet-другие,2026-07-13,2026-07,СПБ,Autozachet,avtoshkola-autozachet.ru,Другие,2,0,0,0.0,0.0,,0.0,0,0,0
brandperf-2026-07-13-спб-dream-auto-другие,2026-07-13,2026-07,СПБ,Dream Auto,dreamautoschool.ru,Другие,12,6,1,84000.0,0.0,,0.0,0.0,0.0,84000.0
brandperf-2026-07-13-спб-dream-auto-яндекс-карты,2026-07-13,2026-07,СПБ,Dream Auto,dream-auto · dreamautoschool.ru,Яндекс Карты,5,3,1,65500.0,0.0,,0.0,0.0,0.0,65500.0
brandperf-2026-07-13-спб-extra-другие,2026-07-13,2026-07,СПБ,Extra,avtoshkola-extra.ru,Другие,3,0,0,0.0,0.0,,0.0,0,0,0
brandperf-2026-07-13-спб-prestigeavto-другие,2026-07-13,2026-07,СПБ,Prestigeavto,avtoshkola-prestigeavto.ru,Другие,2,0,0,0.0,0.0,,0.0,0,0,0
brandperf-2026-07-13-спб-sedan-другие,2026-07-13,2026-07,СПБ,Sedan,avtoshkola-sedan.ru,Другие,1,1,0,0.0,0.0,,0.0,0.0,0,0
brandperf-2026-07-13-спб-zarulemmsk-другие,2026-07-13,2026-07,СПБ,Zarulemmsk,avtoshkola-zarulemmsk.ru,Другие,1,0,0,0.0,0.0,,0.0,0,0,0
brandperf-2026-07-13-спб-а-поло-другие,2026-07-13,2026-07,СПБ,А-Поло,avtoshkola-apolo.ru,Другие,13,3,0,0.0,0.0,,0.0,0.0,0,0
brandperf-2026-07-13-спб-абсолют-гугл-карты,2026-07-13,2026-07,СПБ,Абсолют,avtoshkola-absolut.ru,Гугл Карты,1,0,0,0.0,0.0,,0.0,0,0,0
brandperf-2026-07-13-спб-автобот-гугл-карты,2026-07-13,2026-07,СПБ,АвтоБот,автобот,Гугл Карты,2,0,0,0.0,0.0,,0.0,0,0,0
brandperf-2026-07-13-спб-автобот-другие,2026-07-13,2026-07,СПБ,АвтоБот,avtoshkola-avtobot.ru,Другие,1,0,0,0.0,0.0,,0.0,0,0,0
brandperf-2026-07-13-спб-автогранд-другие,2026-07-13,2026-07,СПБ,АвтоГранд,avtoshkola-autogrand.ru,Другие,4,1,0,0.0,0.0,,0.0,0.0,0,0
brandperf-2026-07-13-спб-автодраи-в-2гис,2026-07-13,2026-07,СПБ,АвтоДрайв,autodrive-school.ru · автодраи-в,2ГИС,32,10,3,173500.0,0.0,,0.0,0.0,0.0,57833.33
brandperf-2026-07-13-спб-автодраи-в-seo,2026-07-13,2026-07,СПБ,АвтоДрайв,autodrive-school.ru,SEO,1,1,1,60000.0,0.0,,0.0,0.0,0.0,60000.0
brandperf-2026-07-13-спб-автодраи-в-гугл-карты,2026-07-13,2026-07,СПБ,АвтоДрайв,autodrive-school.ru,Гугл Карты,1,0,0,0.0,0.0,,0.0,0,0,0
brandperf-2026-07-13-спб-автодраи-в-другие,2026-07-13,2026-07,СПБ,АвтоДрайв,autodrive-school.ru,Другие,19,7,2,120000.0,0.0,,0.0,0.0,0.0,60000.0
brandperf-2026-07-13-спб-автодраи-в-прямые-визиты,2026-07-13,2026-07,СПБ,АвтоДрайв,autodrive-school.ru,Прямые визиты,3,2,1,60000.0,0.0,,0.0,0.0,0.0,60000.0
brandperf-2026-07-13-спб-автодраи-в-рек-кешбэк,2026-07-13,2026-07,СПБ,АвтоДрайв,autodrive-school.ru,Рек/кешбэк,1,1,0,0.0,0.0,,0.0,0.0,0,0
brandperf-2026-07-13-спб-автодраи-в-яндекс-карты,2026-07-13,2026-07,СПБ,АвтоДрайв,autodrive-school.ru · автодраи-в · лучшая-автошкола-спб.рф,Яндекс Карты,22,13,2,111500.0,0.0,,0.0,0.0,0.0,55750.0
brandperf-2026-07-13-спб-автоклуб-другие,2026-07-13,2026-07,СПБ,АвтоКлуб,avtoshkola-avtoclub.ru,Другие,2,2,1,65500.0,0.0,,0.0,0.0,0.0,65500.0
brandperf-2026-07-13-спб-автоклуб-яндекс-карты,2026-07-13,2026-07,СПБ,АвтоКлуб,avtoshkola-avtoclub.ru,Яндекс Карты,1,1,0,0.0,0.0,,0.0,0.0,0,0
brandperf-2026-07-13-спб-автомотокласс-другие,2026-07-13,2026-07,СПБ,АвтоМотоКласс,avtomotospb.ru,Другие,5,3,0,0.0,0.0,,0.0,0.0,0,0
brandperf-2026-07-13-спб-автонавик-другие,2026-07-13,2026-07,СПБ,АвтоНавик,avtoshkola-autonavik.ru,Другие,5,0,0,0.0,0.0,,0.0,0,0,0
brandperf-2026-07-13-спб-автопрофи-другие,2026-07-13,2026-07,СПБ,АвтоПрофи,avtoshkola-avtoprofi.ru,Другие,3,2,1,82000.0,0.0,,0.0,0.0,0.0,82000.0
brandperf-2026-07-13-спб-автопрофи-яндекс-карты,2026-07-13,2026-07,СПБ,АвтоПрофи,avtoshkola-avtoprofi.ru,Яндекс Карты,2,1,0,0.0,0.0,,0.0,0.0,0,0
brandperf-2026-07-13-спб-автосити-2гис,2026-07-13,2026-07,СПБ,АвтоСити,avtoshkola-as.ru,2ГИС,4,0,0,0.0,0.0,,0.0,0,0,0
brandperf-2026-07-13-спб-автосити-гугл-карты,2026-07-13,2026-07,СПБ,АвтоСити,autoshkola-centralnaya.ru · avtoshkola-as.ru,Гугл Карты,5,1,0,0.0,0.0,,0.0,0.0,0,0
brandperf-2026-07-13-спб-автосити-другие,2026-07-13,2026-07,СПБ,АвтоСити,avtoshkola-as.ru,Другие,17,11,1,60000.0,0.0,,0.0,0.0,0.0,60000.0
brandperf-2026-07-13-спб-автосити-яндекс-карты,2026-07-13,2026-07,СПБ,АвтоСити,avtoshkola-as.ru · pora-za-rul.ru · лучшая-автошкола-спб.рф,Яндекс Карты,19,4,1,84000.0,0.0,,0.0,0.0,0.0,84000.0
brandperf-2026-07-13-спб-автолэнд-другие,2026-07-13,2026-07,СПБ,Автолэнд,autolandschool.ru,Другие,23,14,4,251000.0,0.0,,0.0,0.0,0.0,62750.0
brandperf-2026-07-13-спб-автолэнд-яндекс-карты,2026-07-13,2026-07,СПБ,Автолэнд,autolandschool.ru,Яндекс Карты,2,0,0,0.0,0.0,,0.0,0,0,0
brandperf-2026-07-13-спб-автошкола-100-другие,2026-07-13,2026-07,СПБ,Автошкола 100,автошкола100.рф,Другие,4,3,2,111500.0,0.0,,0.0,0.0,0.0,55750.0
brandperf-2026-07-13-спб-академика-другие,2026-07-13,2026-07,СПБ,Академика,академика-спб.рф,Другие,16,8,0,0.0,0.0,,0.0,0.0,0,0
brandperf-2026-07-13-спб-виктория-другие,2026-07-13,2026-07,СПБ,Виктория,autoshkola-victoria.ru,Другие,2,1,0,0.0,0.0,,0.0,0.0,0,0
brandperf-2026-07-13-спб-гермес-seo,2026-07-13,2026-07,СПБ,Гермес,hermesrf-spb.ru,SEO,1,0,0,0.0,0.0,,0.0,0,0,0
brandperf-2026-07-13-спб-гермес-другие,2026-07-13,2026-07,СПБ,Гермес,hermesrf-spb.ru,Другие,4,2,0,0.0,0.0,,0.0,0.0,0,0
brandperf-2026-07-13-спб-гермес-яндекс-карты,2026-07-13,2026-07,СПБ,Гермес,avtoshkola-autoleon.ru · hermesrf-spb.ru · гермес,Яндекс Карты,9,1,0,0.0,0.0,,0.0,0.0,0,0
brandperf-2026-07-13-спб-заправами-другие,2026-07-13,2026-07,СПБ,ЗаПравами,avtoshkola-zapravami.ru,Другие,1,0,0,0.0,0.0,,0.0,0,0,0
brandperf-2026-07-13-спб-изи-драи-в-2гис,2026-07-13,2026-07,СПБ,Изи Драйв,izidrive.ru · изи-драи-в,2ГИС,8,4,0,0.0,0.0,,0.0,0.0,0,0
brandperf-2026-07-13-спб-изи-драи-в-гугл-карты,2026-07-13,2026-07,СПБ,Изи Драйв,avtoshkola-autotrack.ru · izidrive.ru · изи-драи-в,Гугл Карты,3,1,0,0.0,0.0,,0.0,0.0,0,0
brandperf-2026-07-13-спб-изи-драи-в-другие,2026-07-13,2026-07,СПБ,Изи Драйв,izidrive.ru,Другие,1,1,0,0.0,0.0,,0.0,0.0,0,0
brandperf-2026-07-13-спб-изи-драи-в-прямые-визиты,2026-07-13,2026-07,СПБ,Изи Драйв,izidrive.ru,Прямые визиты,2,1,0,0.0,0.0,,0.0,0.0,0,0
brandperf-2026-07-13-спб-изи-драи-в-яндекс-карты,2026-07-13,2026-07,СПБ,Изи Драйв,izidrive.msk.ru · izidrive.ru · академика-спб.рф,Яндекс Карты,33,13,3,205000.0,0.0,,0.0,0.0,0.0,68333.33
brandperf-2026-07-13-спб-лучшая-автошкола-спб-2гис,2026-07-13,2026-07,СПБ,Лучшая Автошкола Спб,лучшая-автошкола-спб.рф,2ГИС,3,1,0,0.0,0.0,,0.0,0.0,0,0
brandperf-2026-07-13-спб-лучшая-автошкола-спб-гугл-карты,2026-07-13,2026-07,СПБ,Лучшая Автошкола Спб,лучшая-автошкола-спб.рф,Гугл Карты,1,0,0,0.0,0.0,,0.0,0,0,0
brandperf-2026-07-13-спб-лучшая-автошкола-спб-прямые-визиты,2026-07-13,2026-07,СПБ,Лучшая Автошкола Спб,лучшая-автошкола-спб.рф,Прямые визиты,3,1,0,0.0,0.0,,0.0,0.0,0,0
brandperf-2026-07-13-спб-лучшая-автошкола-спб-роботы,2026-07-13,2026-07,СПБ,Лучшая Автошкола Спб,лучшая-автошкола-спб.рф,Роботы,4,1,1,65500.0,0.0,,0.0,0.0,0.0,65500.0
brandperf-2026-07-13-спб-лучшая-автошкола-спб-яндекс-директ,2026-07-13,2026-07,СПБ,Лучшая Автошкола Спб,лучшая-автошкола-спб.рф,Яндекс Директ,4,2,0,0.0,0.0,,0.0,0.0,0,0
brandperf-2026-07-13-спб-лучшая-автошкола-спб-яндекс-карты,2026-07-13,2026-07,СПБ,Лучшая Автошкола Спб,лучшая-автошкола-спб.рф,Яндекс Карты,3,2,0,0.0,0.0,,0.0,0.0,0,0
brandperf-2026-07-13-спб-маневр-другие,2026-07-13,2026-07,СПБ,Маневр,autoshkola-manevr.ru,Другие,4,2,1,29500.0,0.0,,0.0,0.0,0.0,29500.0
brandperf-2026-07-13-спб-мираж-гугл-карты,2026-07-13,2026-07,СПБ,Мираж,avtoshkola-mirazh.ru,Гугл Карты,2,0,0,0.0,0.0,,0.0,0,0,0
brandperf-2026-07-13-спб-мираж-другие,2026-07-13,2026-07,СПБ,Мираж,avtoshkola-mirazh.ru,Другие,1,0,0,0.0,0.0,,0.0,0,0,0
brandperf-2026-07-13-спб-пора-за-руль-другие,2026-07-13,2026-07,СПБ,Пора за руль,pora-za-rul.ru,Другие,20,5,3,185500.0,0.0,,0.0,0.0,0.0,61833.33
brandperf-2026-07-13-спб-пора-за-руль-яндекс-карты,2026-07-13,2026-07,СПБ,Пора за руль,autoshkola-porazarul.ru · pora-za-rul.ru,Яндекс Карты,14,6,2,110490.0,0.0,,0.0,0.0,0.0,55245.0
brandperf-2026-07-13-спб-ралли-другие,2026-07-13,2026-07,СПБ,Ралли,rallischool.ru,Другие,4,2,0,0.0,0.0,,0.0,0.0,0,0
brandperf-2026-07-13-спб-ралли-рек-кешбэк,2026-07-13,2026-07,СПБ,Ралли,rallischool.ru,Рек/кешбэк,1,1,1,62000.0,0.0,,0.0,0.0,0.0,62000.0
brandperf-2026-07-13-спб-рулевои-другие,2026-07-13,2026-07,СПБ,Рулевой,avtoshkola-rulevoi.ru,Другие,10,4,1,87500.0,0.0,,0.0,0.0,0.0,87500.0
brandperf-2026-07-13-спб-студент-другие,2026-07-13,2026-07,СПБ,Студент,avtoshkola-student.ru,Другие,4,2,0,0.0,0.0,,0.0,0.0,0,0
brandperf-2026-07-13-спб-успех-другие,2026-07-13,2026-07,СПБ,Успех,yspexspb.ru,Другие,3,1,1,29500.0,0.0,,0.0,0.0,0.0,29500.0
brandperf-2026-07-13-спб-центральная-другие,2026-07-13,2026-07,СПБ,Центральная,autoshkola-centralnaya.ru,Другие,1,0,0,0.0,0.0,,0.0,0,0,0
brandperf-2026-07-13-спб-штиль-гугл-карты,2026-07-13,2026-07,СПБ,Штиль,avtoshkola-shtil.ru,Гугл Карты,1,1,0,0.0,0.0,,0.0,0.0,0,0
brandperf-2026-07-13-спб-штиль-другие,2026-07-13,2026-07,СПБ,Штиль,avtoshkola-shtil.ru,Другие,6,1,0,0.0,0.0,,0.0,0.0,0,0
brandperf-2026-07-13-спб-ягуар-другие,2026-07-13,2026-07,СПБ,Ягуар,avtoshkola-yaguarspb.ru,Другие,10,3,2,125500.0,0.0,,0.0,0.0,0.0,62750.0
brandperf-2026-07-20-мск-alyans-другие,2026-07-20,2026-07,МСК,Alyans,autoshkola-alyans.ru,Другие,1,0,0,0.0,0.0,,0.0,0,0,0
brandperf-2026-07-20-мск-autonefrit-другие,2026-07-20,2026-07,МСК,Autonefrit,autonefrit.ru,Другие,5,2,0,0.0,0.0,,0.0,0.0,0,0
brandperf-2026-07-20-мск-axel-другие,2026-07-20,2026-07,МСК,Axel,avtoshkola-axel.ru,Другие,1,1,1,59990.0,0.0,,0.0,0.0,0.0,59990.0
brandperf-2026-07-20-мск-bamblbi-другие,2026-07-20,2026-07,МСК,Bamblbi,avtoshkola-bamblbi.ru,Другие,3,0,0,0.0,0.0,,0.0,0,0,0
brandperf-2026-07-20-мск-gorizont-другие,2026-07-20,2026-07,МСК,Gorizont,autoshkola-gorizont.ru,Другие,3,0,0,0.0,0.0,,0.0,0,0,0
brandperf-2026-07-20-мск-master-другие,2026-07-20,2026-07,МСК,Master,autoshkola-master.ru,Другие,2,0,0,0.0,0.0,,0.0,0,0,0
brandperf-2026-07-20-мск-mclaren-другие,2026-07-20,2026-07,МСК,McLaren,autoshkola-mclaren.ru,Другие,7,2,1,36990.0,0.0,,0.0,0.0,0.0,36990.0
brandperf-2026-07-20-мск-schoolselect-другие,2026-07-20,2026-07,МСК,SchoolSelect,schoolselect.ru,Другие,6,4,2,85990.0,0.0,,0.0,0.0,0.0,42995.0
brandperf-2026-07-20-мск-schoolselect-прямые-визиты,2026-07-20,2026-07,МСК,SchoolSelect,schoolselect.ru,Прямые визиты,2,2,1,26990.0,0.0,,0.0,0.0,0.0,26990.0
brandperf-2026-07-20-мск-triumf-другие,2026-07-20,2026-07,МСК,Triumf,autoshkola-triumf.ru,Другие,1,0,0,0.0,0.0,,0.0,0,0,0
brandperf-2026-07-20-мск-автогуру-другие,2026-07-20,2026-07,МСК,АвтоГуру,autoshkola-guru.ru,Другие,5,0,0,0.0,0.0,,0.0,0,0,0
brandperf-2026-07-20-мск-автодраи-в-2гис,2026-07-20,2026-07,МСК,АвтоДрайв,autodrive.msk.ru · autoshkola-examen.ru · автодраи-в,2ГИС,13,3,1,58990.0,0.0,,0.0,0.0,0.0,58990.0
brandperf-2026-07-20-мск-автодраи-в-seo,2026-07-20,2026-07,МСК,АвтоДрайв,autodrive.msk.ru,SEO,1,1,0,0.0,0.0,,0.0,0.0,0,0
brandperf-2026-07-20-мск-автодраи-в-гугл-карты,2026-07-20,2026-07,МСК,АвтоДрайв,autodrive.msk.ru,Гугл Карты,3,0,1,43500.0,0.0,,0.0,0,0.0,43500.0
brandperf-2026-07-20-мск-автодраи-в-другие,2026-07-20,2026-07,МСК,АвтоДрайв,autodrive.msk.ru,Другие,28,18,10,383900.0,0.0,,0.0,0.0,0.0,38390.0
brandperf-2026-07-20-мск-автодраи-в-прямые-визиты,2026-07-20,2026-07,МСК,АвтоДрайв,autodrive.msk.ru,Прямые визиты,2,1,0,0.0,0.0,,0.0,0.0,0,0
brandperf-2026-07-20-мск-автодраи-в-яндекс-карты,2026-07-20,2026-07,МСК,АвтоДрайв,autodrive-school.ru · autodrive.msk.ru · autoshkola-avtotest.ru,Яндекс Карты,27,12,2,88490.0,0.0,,0.0,0.0,0.0,44245.0
brandperf-2026-07-20-мск-автомск-другие,2026-07-20,2026-07,МСК,АвтоМСК,avtoshkola-avtomsk.ru,Другие,3,1,1,59990.0,0.0,,0.0,0.0,0.0,59990.0
brandperf-2026-07-20-мск-автомобиль-другие,2026-07-20,2026-07,МСК,АвтоМобиль,avtoshkola-automobil.ru,Другие,3,1,0,0.0,0.0,,0.0,0.0,0,0
brandperf-2026-07-20-мск-автомотокласс-другие,2026-07-20,2026-07,МСК,АвтоМотоКласс,avtoshkola-automotoklass.ru,Другие,2,0,0,0.0,0.0,,0.0,0,0,0
brandperf-2026-07-20-мск-автонева-другие,2026-07-20,2026-07,МСК,АвтоНева,avtoshkola-auto-neva.ru,Другие,7,5,4,137960.0,0.0,,0.0,0.0,0.0,34490.0
brandperf-2026-07-20-мск-автоправо-2гис,2026-07-20,2026-07,МСК,АвтоПраво,autoshkola-guru.ru · autoshkola-mclaren.ru,2ГИС,2,0,0,0.0,0.0,,0.0,0,0,0
brandperf-2026-07-20-мск-автоправо-гугл-карты,2026-07-20,2026-07,МСК,АвтоПраво,автоправо,Гугл Карты,1,0,0,0.0,0.0,,0.0,0,0,0
brandperf-2026-07-20-мск-автоправо-другие,2026-07-20,2026-07,МСК,АвтоПраво,autoshkola-avtopravo.ru,Другие,28,13,5,294480.0,0.0,,0.0,0.0,0.0,58896.0
brandperf-2026-07-20-мск-автоправо-яндекс-карты,2026-07-20,2026-07,МСК,АвтоПраво,rulevoy-msk.ru · schoolselect.ru · автоправо,Яндекс Карты,4,1,0,0.0,0.0,,0.0,0.0,0,0
brandperf-2026-07-20-мск-автосити-яндекс-карты,2026-07-20,2026-07,МСК,АвтоСити,изи-драйв.рф,Яндекс Карты,1,1,0,0.0,0.0,,0.0,0.0,0,0
brandperf-2026-07-20-мск-автотест-2гис,2026-07-20,2026-07,МСК,АвтоТест,autoshkola-avtotest.ru,2ГИС,1,0,0,0.0,0.0,,0.0,0,0,0
brandperf-2026-07-20-мск-автотест-другие,2026-07-20,2026-07,МСК,АвтоТест,autoshkola-avtotest.ru,Другие,15,8,2,87400.0,0.0,,0.0,0.0,0.0,43700.0
brandperf-2026-07-20-мск-автотест-яндекс-карты,2026-07-20,2026-07,МСК,АвтоТест,autoshkola-avtotest.ru,Яндекс Карты,2,1,1,36990.0,0.0,,0.0,0.0,0.0,36990.0
brandperf-2026-07-20-мск-алонсо-другие,2026-07-20,2026-07,МСК,Алонсо,avtoshkola-alonso.ru,Другие,5,2,0,0.0,0.0,,0.0,0.0,0,0
brandperf-2026-07-20-мск-алонсо-яндекс-карты,2026-07-20,2026-07,МСК,Алонсо,avtoshkola-alonso.ru · алонсо,Яндекс Карты,4,0,0,0.0,0.0,,0.0,0,0,0
brandperf-2026-07-20-мск-атлант-другие,2026-07-20,2026-07,МСК,Атлант,avtoshkola-atlant.ru,Другие,4,1,0,0.0,0.0,,0.0,0.0,0,0
brandperf-2026-07-20-мск-велес-другие,2026-07-20,2026-07,МСК,Велес,avtoshkola-veles.ru,Другие,4,1,1,36990.0,0.0,,0.0,0.0,0.0,36990.0
brandperf-2026-07-20-мск-виадук-другие,2026-07-20,2026-07,МСК,Виадук,avtoshkola-viaduk.ru,Другие,3,2,0,0.0,0.0,,0.0,0.0,0,0
brandperf-2026-07-20-мск-гермес-2гис,2026-07-20,2026-07,МСК,Гермес,hermes-mos.ru · гермес,2ГИС,5,2,0,0.0,0.0,,0.0,0.0,0,0
brandperf-2026-07-20-мск-гермес-другие,2026-07-20,2026-07,МСК,Гермес,hermes-mos.ru · гермес,Другие,32,23,15,666920.0,0.0,,0.0,0.0,0.0,44461.33
brandperf-2026-07-20-мск-гермес-прямые-визиты,2026-07-20,2026-07,МСК,Гермес,hermes-mos.ru,Прямые визиты,1,0,0,0.0,0.0,,0.0,0,0,0
brandperf-2026-07-20-мск-гермес-яндекс-карты,2026-07-20,2026-07,МСК,Гермес,hermes-mos.ru · hermesrf-spb.ru · гермес,Яндекс Карты,33,18,2,63980.0,0.0,,0.0,0.0,0.0,31990.0
brandperf-2026-07-20-мск-глобал-другие,2026-07-20,2026-07,МСК,Глобал,avtoshkola-global.ru,Другие,1,0,0,0.0,0.0,,0.0,0,0,0
brandperf-2026-07-20-мск-изи-драи-в-2гис,2026-07-20,2026-07,МСК,Изи Драйв,izidrive.msk.ru,2ГИС,2,2,0,0.0,0.0,,0.0,0.0,0,0
brandperf-2026-07-20-мск-изи-драи-в-seo,2026-07-20,2026-07,МСК,Изи Драйв,изи-драйв.рф,SEO,4,1,1,36900.0,0.0,,0.0,0.0,0.0,36900.0
brandperf-2026-07-20-мск-изи-драи-в-гугл-карты,2026-07-20,2026-07,МСК,Изи Драйв,изи-драйв.рф,Гугл Карты,9,1,1,59500.0,0.0,,0.0,0.0,0.0,59500.0
brandperf-2026-07-20-мск-изи-драи-в-другие,2026-07-20,2026-07,МСК,Изи Драйв,izidrive.msk.ru · изи-драи-в,Другие,36,14,7,297440.0,0.0,,0.0,0.0,0.0,42491.43
brandperf-2026-07-20-мск-изи-драи-в-прямые-визиты,2026-07-20,2026-07,МСК,Изи Драйв,изи-драйв.рф,Прямые визиты,4,1,0,0.0,0.0,,0.0,0.0,0,0
brandperf-2026-07-20-мск-изи-драи-в-роботы,2026-07-20,2026-07,МСК,Изи Драйв,изи-драйв.рф,Роботы,2,0,0,0.0,0.0,,0.0,0,0,0
brandperf-2026-07-20-мск-изи-драи-в-яндекс-карты,2026-07-20,2026-07,МСК,Изи Драйв,autoshkola-avtotest.ru · izidrive.msk.ru · изи-драйв.рф,Яндекс Карты,10,2,0,0.0,0.0,,0.0,0.0,0,0
brandperf-2026-07-20-мск-континенталь-другие,2026-07-20,2026-07,МСК,Континенталь,avtoshkola-kontinental.ru,Другие,6,1,1,36990.0,0.0,,0.0,0.0,0.0,36990.0
brandperf-2026-07-20-мск-ланистер-другие,2026-07-20,2026-07,МСК,Ланистер,autoschkola-lanister.ru,Другие,2,0,0,0.0,0.0,,0.0,0,0,0
brandperf-2026-07-20-мск-пора-за-руль-2гис,2026-07-20,2026-07,МСК,Пора за руль,autoshkola-porazarul.ru,2ГИС,2,1,0,0.0,0.0,,0.0,0.0,0,0
brandperf-2026-07-20-мск-пора-за-руль-другие,2026-07-20,2026-07,МСК,Пора за руль,autoshkola-poputi.ru,Другие,8,6,1,73500.0,0.0,,0.0,0.0,0.0,73500.0
brandperf-2026-07-20-мск-пора-за-руль-яндекс-карты,2026-07-20,2026-07,МСК,Пора за руль,autoshkola-porazarul.ru · hermes-mos.ru · пора-за-руль,Яндекс Карты,8,3,1,26990.0,0.0,,0.0,0.0,0.0,26990.0
brandperf-2026-07-20-мск-ралли-другие,2026-07-20,2026-07,МСК,Ралли,rallishop.ru,Другие,6,2,0,0.0,0.0,,0.0,0.0,0,0
brandperf-2026-07-20-мск-рек-другие,2026-07-20,2026-07,МСК,Рек,рек,Другие,1,0,1,26990.0,0.0,,0.0,0,0.0,26990.0
brandperf-2026-07-20-мск-родос-другие,2026-07-20,2026-07,МСК,Родос,autoshkola-rodos.ru,Другие,3,2,0,0.0,0.0,,0.0,0.0,0,0
brandperf-2026-07-20-мск-рулевои-другие,2026-07-20,2026-07,МСК,Рулевой,avtoshkola-rul.ru · rulevoy-msk.ru,Другие,9,6,0,0.0,0.0,,0.0,0.0,0,0
brandperf-2026-07-20-мск-рулевои-прямые-визиты,2026-07-20,2026-07,МСК,Рулевой,rulevoy-msk.ru,Прямые визиты,1,0,0,0.0,0.0,,0.0,0,0,0
brandperf-2026-07-20-мск-рулевои-яндекс-карты,2026-07-20,2026-07,МСК,Рулевой,rulevoy-msk.ru,Яндекс Карты,1,1,0,0.0,0.0,,0.0,0.0,0,0
brandperf-2026-07-20-мск-студент-гугл-карты,2026-07-20,2026-07,МСК,Студент,avtoshkola-student.ru,Гугл Карты,1,0,0,0.0,0.0,,0.0,0,0,0
brandperf-2026-07-20-мск-топгир-2гис,2026-07-20,2026-07,МСК,ТопГир,autodrive.msk.ru · autoshkola-avtopravo.ru · avtoshkola-tg.ru,2ГИС,16,6,2,86990.0,0.0,,0.0,0.0,0.0,43495.0
brandperf-2026-07-20-мск-топгир-seo,2026-07-20,2026-07,МСК,ТопГир,avtoshkola-tg.ru,SEO,3,0,1,26990.0,0.0,,0.0,0,0.0,26990.0
brandperf-2026-07-20-мск-топгир-гугл-карты,2026-07-20,2026-07,МСК,ТопГир,avtoshkola-tg.ru,Гугл Карты,11,4,2,118980.0,0.0,,0.0,0.0,0.0,59490.0
brandperf-2026-07-20-мск-топгир-другие,2026-07-20,2026-07,МСК,ТопГир,avtoshkola-tg.ru · топгир,Другие,19,15,10,419920.0,0.0,,0.0,0.0,0.0,41992.0
brandperf-2026-07-20-мск-топгир-прямые-визиты,2026-07-20,2026-07,МСК,ТопГир,avtoshkola-tg.ru,Прямые визиты,4,2,1,38000.0,0.0,,0.0,0.0,0.0,38000.0
brandperf-2026-07-20-мск-топгир-рек-кешбэк,2026-07-20,2026-07,МСК,ТопГир,avtoshkola-tg.ru,Рек/кешбэк,2,2,1,36990.0,0.0,,0.0,0.0,0.0,36990.0
brandperf-2026-07-20-мск-топгир-яндекс-карты,2026-07-20,2026-07,МСК,ТопГир,avtoshkola-tg.ru · топгир,Яндекс Карты,23,7,3,103490.0,0.0,,0.0,0.0,0.0,34496.67
brandperf-2026-07-20-мск-ученик-другие,2026-07-20,2026-07,МСК,Ученик,avtoshkola-uchenik.ru,Другие,5,3,1,26990.0,0.0,,0.0,0.0,0.0,26990.0
brandperf-2026-07-20-мск-флагман-другие,2026-07-20,2026-07,МСК,Флагман,avtoshkola-flagmanmsk.ru,Другие,6,2,2,53980.0,0.0,,0.0,0.0,0.0,26990.0
brandperf-2026-07-20-спб-autoarion-другие,2026-07-20,2026-07,СПБ,Autoarion,autoshkola-autoarion.ru,Другие,2,0,0,0.0,0.0,,0.0,0,0,0
brandperf-2026-07-20-спб-dream-auto-другие,2026-07-20,2026-07,СПБ,Dream Auto,dreamautoschool.ru,Другие,8,2,1,82000.0,0.0,,0.0,0.0,0.0,82000.0
brandperf-2026-07-20-спб-dream-auto-яндекс-карты,2026-07-20,2026-07,СПБ,Dream Auto,dream-auto · dreamautoschool.ru,Яндекс Карты,6,2,1,29500.0,0.0,,0.0,0.0,0.0,29500.0
brandperf-2026-07-20-спб-extra-другие,2026-07-20,2026-07,СПБ,Extra,avtoshkola-extra.ru,Другие,1,0,0,0.0,0.0,,0.0,0,0,0
brandperf-2026-07-20-спб-prestigeavto-другие,2026-07-20,2026-07,СПБ,Prestigeavto,avtoshkola-prestigeavto.ru,Другие,2,0,0,0.0,0.0,,0.0,0,0,0
brandperf-2026-07-20-спб-signal-другие,2026-07-20,2026-07,СПБ,Signal,avtoshkola-signal.ru,Другие,2,1,0,0.0,0.0,,0.0,0.0,0,0
brandperf-2026-07-20-спб-а-поло-другие,2026-07-20,2026-07,СПБ,А-Поло,avtoshkola-apolo.ru,Другие,7,4,1,60000.0,0.0,,0.0,0.0,0.0,60000.0
brandperf-2026-07-20-спб-абсолют-другие,2026-07-20,2026-07,СПБ,Абсолют,avtoshkola-absolut.ru,Другие,1,0,0,0.0,0.0,,0.0,0,0,0
brandperf-2026-07-20-спб-автобот-гугл-карты,2026-07-20,2026-07,СПБ,АвтоБот,avtoshkola-avtobot.ru,Гугл Карты,2,1,1,62000.0,0.0,,0.0,0.0,0.0,62000.0
brandperf-2026-07-20-спб-автобот-другие,2026-07-20,2026-07,СПБ,АвтоБот,avtoshkola-avtobot.ru,Другие,2,1,1,29500.0,0.0,,0.0,0.0,0.0,29500.0
brandperf-2026-07-20-спб-автогранд-другие,2026-07-20,2026-07,СПБ,АвтоГранд,avtoshkola-autogrand.ru,Другие,1,0,0,0.0,0.0,,0.0,0,0,0
brandperf-2026-07-20-спб-автодраи-в-2гис,2026-07-20,2026-07,СПБ,АвтоДрайв,autodrive-school.ru · автодраи-в,2ГИС,19,11,0,0.0,0.0,,0.0,0.0,0,0
brandperf-2026-07-20-спб-автодраи-в-гугл-карты,2026-07-20,2026-07,СПБ,АвтоДрайв,autodrive-school.ru,Гугл Карты,6,4,1,82000.0,0.0,,0.0,0.0,0.0,82000.0
brandperf-2026-07-20-спб-автодраи-в-другие,2026-07-20,2026-07,СПБ,АвтоДрайв,autodrive-school.ru · автодраи-в · автодрайв.спб.рф,Другие,17,8,1,62000.0,0.0,,0.0,0.0,0.0,62000.0
brandperf-2026-07-20-спб-автодраи-в-прямые-визиты,2026-07-20,2026-07,СПБ,АвтоДрайв,autodrive-school.ru,Прямые визиты,1,1,0,0.0,0.0,,0.0,0.0,0,0
brandperf-2026-07-20-спб-автодраи-в-рек-кешбэк,2026-07-20,2026-07,СПБ,АвтоДрайв,autodrive-school.ru,Рек/кешбэк,1,0,0,0.0,0.0,,0.0,0,0,0
brandperf-2026-07-20-спб-автодраи-в-яндекс-карты,2026-07-20,2026-07,СПБ,АвтоДрайв,autodrive-school.ru · avtoshkola-artdrive.ru · автодраи-в,Яндекс Карты,10,4,2,89500.0,0.0,,0.0,0.0,0.0,44750.0
brandperf-2026-07-20-спб-автоклуб-другие,2026-07-20,2026-07,СПБ,АвтоКлуб,avtoshkola-avtoclub.ru,Другие,8,5,0,0.0,0.0,,0.0,0.0,0,0
brandperf-2026-07-20-спб-автоклуб-яндекс-карты,2026-07-20,2026-07,СПБ,АвтоКлуб,автоклуб,Яндекс Карты,1,0,0,0.0,0.0,,0.0,0,0,0
brandperf-2026-07-20-спб-автолеон-другие,2026-07-20,2026-07,СПБ,АвтоЛеон,avtoshkola-autoleon.ru,Другие,2,0,0,0.0,0.0,,0.0,0,0,0
brandperf-2026-07-20-спб-автомотокласс-другие,2026-07-20,2026-07,СПБ,АвтоМотоКласс,avtomotospb.ru,Другие,2,0,0,0.0,0.0,,0.0,0,0,0
brandperf-2026-07-20-спб-автопрофи-другие,2026-07-20,2026-07,СПБ,АвтоПрофи,avtoshkola-avtoprofi.ru,Другие,1,1,1,29500.0,0.0,,0.0,0.0,0.0,29500.0
brandperf-2026-07-20-спб-автосити-2гис,2026-07-20,2026-07,СПБ,АвтоСити,avtoshkola-as.ru,2ГИС,6,1,1,62000.0,0.0,,0.0,0.0,0.0,62000.0
brandperf-2026-07-20-спб-автосити-гугл-карты,2026-07-20,2026-07,СПБ,АвтоСити,лучшая-автошкола-спб.рф,Гугл Карты,1,1,1,65500.0,0.0,,0.0,0.0,0.0,65500.0
brandperf-2026-07-20-спб-автосити-другие,2026-07-20,2026-07,СПБ,АвтоСити,avtoshkola-as.ru,Другие,17,8,5,318490.0,0.0,,0.0,0.0,0.0,63698.0
brandperf-2026-07-20-спб-автосити-яндекс-карты,2026-07-20,2026-07,СПБ,АвтоСити,avtoshkola-as.ru · лучшая-автошкола-спб.рф,Яндекс Карты,8,4,0,0.0,0.0,,0.0,0.0,0,0
brandperf-2026-07-20-спб-автотрек-другие,2026-07-20,2026-07,СПБ,АвтоТрек,avtoshkola-autotrack.ru,Другие,2,0,0,0.0,0.0,,0.0,0,0,0
brandperf-2026-07-20-спб-автолэнд-другие,2026-07-20,2026-07,СПБ,Автолэнд,autolandschool.ru,Другие,14,9,4,333490.0,0.0,,0.0,0.0,0.0,83372.5
brandperf-2026-07-20-спб-автошкола-100-другие,2026-07-20,2026-07,СПБ,Автошкола 100,автошкола100.рф,Другие,5,0,1,29500.0,0.0,,0.0,0,0.0,29500.0
brandperf-2026-07-20-спб-академика-другие,2026-07-20,2026-07,СПБ,Академика,академика-спб.рф,Другие,9,4,0,0.0,0.0,,0.0,0.0,0,0
brandperf-2026-07-20-спб-виктория-другие,2026-07-20,2026-07,СПБ,Виктория,autoshkola-victoria.ru,Другие,5,2,2,125500.0,0.0,,0.0,0.0,0.0,62750.0
brandperf-2026-07-20-спб-гермес-другие,2026-07-20,2026-07,СПБ,Гермес,hermesrf-spb.ru,Другие,7,4,3,171500.0,0.0,,0.0,0.0,0.0,57166.67
brandperf-2026-07-20-спб-гермес-яндекс-карты,2026-07-20,2026-07,СПБ,Гермес,hermesrf-spb.ru · лучшая-автошкола-спб.рф,Яндекс Карты,10,6,1,60000.0,0.0,,0.0,0.0,0.0,60000.0
brandperf-2026-07-20-спб-движение-другие,2026-07-20,2026-07,СПБ,Движение,autoshkola-dvijenie.ru,Другие,3,0,0,0.0,0.0,,0.0,0,0,0
brandperf-2026-07-20-спб-заправами-другие,2026-07-20,2026-07,СПБ,ЗаПравами,avtoshkola-zapravami.ru,Другие,1,0,1,60000.0,0.0,,0.0,0,0.0,60000.0
brandperf-2026-07-20-спб-изи-драи-в-2гис,2026-07-20,2026-07,СПБ,Изи Драйв,izidrive.ru · изи-драи-в,2ГИС,5,1,0,0.0,0.0,,0.0,0.0,0,0
brandperf-2026-07-20-спб-изи-драи-в-seo,2026-07-20,2026-07,СПБ,Изи Драйв,izidrive.ru,SEO,1,1,0,0.0,0.0,,0.0,0.0,0,0
brandperf-2026-07-20-спб-изи-драи-в-zoon,2026-07-20,2026-07,СПБ,Изи Драйв,изи-драи-в,Zoon,1,0,0,0.0,0.0,,0.0,0,0,0
brandperf-2026-07-20-спб-изи-драи-в-гугл-карты,2026-07-20,2026-07,СПБ,Изи Драйв,autodrive.msk.ru · izidrive.ru · изи-драи-в,Гугл Карты,4,3,0,0.0,0.0,,0.0,0.0,0,0
brandperf-2026-07-20-спб-изи-драи-в-другие,2026-07-20,2026-07,СПБ,Изи Драйв,izidrive.ru,Другие,23,11,2,59000.0,0.0,,0.0,0.0,0.0,29500.0
brandperf-2026-07-20-спб-изи-драи-в-прямые-визиты,2026-07-20,2026-07,СПБ,Изи Драйв,izidrive.ru,Прямые визиты,1,1,1,62000.0,0.0,,0.0,0.0,0.0,62000.0
brandperf-2026-07-20-спб-изи-драи-в-яндекс-карты,2026-07-20,2026-07,СПБ,Изи Драйв,autolandschool.ru · izidrive.msk.ru · izidrive.ru,Яндекс Карты,18,8,1,60000.0,0.0,,0.0,0.0,0.0,60000.0
brandperf-2026-07-20-спб-колибри-другие,2026-07-20,2026-07,СПБ,Колибри,autoshkola-kolibri.ru,Другие,5,3,1,60000.0,0.0,,0.0,0.0,0.0,60000.0
brandperf-2026-07-20-спб-лучшая-автошкола-спб-seo,2026-07-20,2026-07,СПБ,Лучшая Автошкола Спб,лучшая-автошкола-спб.рф,SEO,1,1,0,0.0,0.0,,0.0,0.0,0,0
brandperf-2026-07-20-спб-лучшая-автошкола-спб-гугл-карты,2026-07-20,2026-07,СПБ,Лучшая Автошкола Спб,лучшая-автошкола-спб.рф,Гугл Карты,2,0,0,0.0,0.0,,0.0,0,0,0
brandperf-2026-07-20-спб-лучшая-автошкола-спб-прямые-визиты,2026-07-20,2026-07,СПБ,Лучшая Автошкола Спб,лучшая-автошкола-спб.рф,Прямые визиты,3,2,1,65500.0,0.0,,0.0,0.0,0.0,65500.0
brandperf-2026-07-20-спб-лучшая-автошкола-спб-роботы,2026-07-20,2026-07,СПБ,Лучшая Автошкола Спб,лучшая-автошкола-спб.рф,Роботы,1,0,0,0.0,0.0,,0.0,0,0,0
brandperf-2026-07-20-спб-лучшая-автошкола-спб-яндекс-карты,2026-07-20,2026-07,СПБ,Лучшая Автошкола Спб,лучшая-автошкола-спб.рф,Яндекс Карты,5,4,0,0.0,0.0,,0.0,0.0,0,0
brandperf-2026-07-20-спб-мираж-другие,2026-07-20,2026-07,СПБ,Мираж,avtoshkola-mirazh.ru,Другие,1,1,1,60000.0,0.0,,0.0,0.0,0.0,60000.0
brandperf-2026-07-20-спб-мираж-прямые-визиты,2026-07-20,2026-07,СПБ,Мираж,avtoshkola-mirazh.ru,Прямые визиты,1,1,0,0.0,0.0,,0.0,0.0,0,0
brandperf-2026-07-20-спб-пора-за-руль-другие,2026-07-20,2026-07,СПБ,Пора за руль,pora-za-rul.ru,Другие,19,9,5,230480.0,0.0,,0.0,0.0,0.0,46096.0
brandperf-2026-07-20-спб-пора-за-руль-яндекс-карты,2026-07-20,2026-07,СПБ,Пора за руль,autoshkola-avtotest.ru · autoshkola-porazarul.ru · pora-za-rul.ru,Яндекс Карты,17,5,1,36990.0,0.0,,0.0,0.0,0.0,36990.0
brandperf-2026-07-20-спб-ралли-другие,2026-07-20,2026-07,СПБ,Ралли,rallischool.ru,Другие,5,0,0,0.0,0.0,,0.0,0,0,0
brandperf-2026-07-20-спб-рулевои-гугл-карты,2026-07-20,2026-07,СПБ,Рулевой,avtoshkola-as.ru · avtoshkola-autotrack.ru · avtoshkola-rulevoi.ru,Гугл Карты,4,1,0,0.0,0.0,,0.0,0.0,0,0
brandperf-2026-07-20-спб-рулевои-другие,2026-07-20,2026-07,СПБ,Рулевой,avtoshkola-ruler.ru · avtoshkola-rulevoi.ru,Другие,16,9,3,157000.0,0.0,,0.0,0.0,0.0,52333.33
brandperf-2026-07-20-спб-студент-другие,2026-07-20,2026-07,СПБ,Студент,avtoshkola-student.ru,Другие,1,0,0,0.0,0.0,,0.0,0,0,0
brandperf-2026-07-20-спб-успех-другие,2026-07-20,2026-07,СПБ,Успех,yspexspb.ru,Другие,3,1,0,0.0,0.0,,0.0,0.0,0,0
brandperf-2026-07-20-спб-центральная-другие,2026-07-20,2026-07,СПБ,Центральная,autoshkola-centralnaya.ru,Другие,1,0,0,0.0,0.0,,0.0,0,0,0
brandperf-2026-07-20-спб-штиль-другие,2026-07-20,2026-07,СПБ,Штиль,avtoshkola-shtil.ru,Другие,6,3,2,125500.0,0.0,,0.0,0.0,0.0,62750.0
brandperf-2026-07-20-спб-ягуар-другие,2026-07-20,2026-07,СПБ,Ягуар,avtoshkola-yaguarspb.ru,Другие,7,3,0,0.0,0.0,,0.0,0.0,0,0
brandperf-2026-07-27-мск-autonefrit-другие,2026-07-27,2026-07,МСК,Autonefrit,autonefrit.ru,Другие,4,1,1,36990.0,0.0,,0.0,0.0,0.0,36990.0
brandperf-2026-07-27-мск-axel-другие,2026-07-27,2026-07,МСК,Axel,avtoshkola-axel.ru,Другие,3,0,0,0.0,0.0,,0.0,0,0,0
brandperf-2026-07-27-мск-gorizont-другие,2026-07-27,2026-07,МСК,Gorizont,autoshkola-gorizont.ru,Другие,2,0,0,0.0,0.0,,0.0,0,0,0
brandperf-2026-07-27-мск-master-другие,2026-07-27,2026-07,МСК,Master,autoshkola-master.ru,Другие,1,1,0,0.0,0.0,,0.0,0.0,0,0
brandperf-2026-07-27-мск-mclaren-другие,2026-07-27,2026-07,МСК,McLaren,autoshkola-mclaren.ru,Другие,3,1,0,0.0,0.0,,0.0,0.0,0,0
brandperf-2026-07-27-мск-schoolselect-другие,2026-07-27,2026-07,МСК,SchoolSelect,schoolselect.ru,Другие,13,5,0,0.0,0.0,,0.0,0.0,0,0
brandperf-2026-07-27-мск-smart-другие,2026-07-27,2026-07,МСК,Smart,avtoshkola-smart.ru,Другие,2,1,0,0.0,0.0,,0.0,0.0,0,0
brandperf-2026-07-27-мск-автогуру-другие,2026-07-27,2026-07,МСК,АвтоГуру,autoshkola-guru.ru,Другие,4,2,0,0.0,0.0,,0.0,0.0,0,0
brandperf-2026-07-27-мск-автодраи-в-2гис,2026-07-27,2026-07,МСК,АвтоДрайв,autodrive.msk.ru · автодраи-в · изи-драйв.рф,2ГИС,10,4,1,26990.0,0.0,,0.0,0.0,0.0,26990.0
brandperf-2026-07-27-мск-автодраи-в-seo,2026-07-27,2026-07,МСК,АвтоДрайв,autodrive.msk.ru,SEO,1,0,0,0.0,0.0,,0.0,0,0,0
brandperf-2026-07-27-мск-автодраи-в-гугл-карты,2026-07-27,2026-07,МСК,АвтоДрайв,autodrive.msk.ru · autoschkola-lanister.ru,Гугл Карты,2,1,0,0.0,0.0,,0.0,0.0,0,0
brandperf-2026-07-27-мск-автодраи-в-другие,2026-07-27,2026-07,МСК,АвтоДрайв,autodrive.msk.ru · автошкола-автодрайв.москва,Другие,22,13,7,295930.0,0.0,,0.0,0.0,0.0,42275.71
brandperf-2026-07-27-мск-автодраи-в-яндекс-карты,2026-07-27,2026-07,МСК,АвтоДрайв,autodrive.msk.ru · izidrive.msk.ru · schoolselect.ru,Яндекс Карты,30,9,1,81500.0,0.0,,0.0,0.0,0.0,81500.0
brandperf-2026-07-27-мск-автомск-другие,2026-07-27,2026-07,МСК,АвтоМСК,avtoshkola-avtomsk.ru · optimusavtomsk.ru,Другие,6,2,0,0.0,0.0,,0.0,0.0,0,0
brandperf-2026-07-27-мск-автомобиль-другие,2026-07-27,2026-07,МСК,АвтоМобиль,avtoshkola-automobil.ru,Другие,4,2,0,0.0,0.0,,0.0,0.0,0,0
brandperf-2026-07-27-мск-автомотокласс-другие,2026-07-27,2026-07,МСК,АвтоМотоКласс,avtoshkola-automotoklass.ru,Другие,1,0,0,0.0,0.0,,0.0,0,0,0
brandperf-2026-07-27-мск-автонева-другие,2026-07-27,2026-07,МСК,АвтоНева,avtoshkola-auto-neva.ru,Другие,4,2,1,37990.0,0.0,,0.0,0.0,0.0,37990.0
brandperf-2026-07-27-мск-автоправо-2гис,2026-07-27,2026-07,МСК,АвтоПраво,autoshkola-avtopravo.ru · autoshkola-mclaren.ru · avtoshkola-rul.ru,2ГИС,5,0,0,0.0,0.0,,0.0,0,0,0
brandperf-2026-07-27-мск-автоправо-гугл-карты,2026-07-27,2026-07,МСК,АвтоПраво,autoshkola-avtopravo.ru,Гугл Карты,1,1,0,0.0,0.0,,0.0,0.0,0,0
brandperf-2026-07-27-мск-автоправо-другие,2026-07-27,2026-07,МСК,АвтоПраво,autoshkola-avtopravo.ru,Другие,12,7,5,189950.0,0.0,,0.0,0.0,0.0,37990.0
brandperf-2026-07-27-мск-автоправо-яндекс-карты,2026-07-27,2026-07,МСК,АвтоПраво,autoshkola-avtopravo.ru,Яндекс Карты,1,0,0,0.0,0.0,,0.0,0,0,0
brandperf-2026-07-27-мск-автосити-яндекс-карты,2026-07-27,2026-07,МСК,АвтоСити,изи-драйв.рф,Яндекс Карты,3,1,0,0.0,0.0,,0.0,0.0,0,0
brandperf-2026-07-27-мск-автотест-другие,2026-07-27,2026-07,МСК,АвтоТест,autoshkola-avtotest.ru,Другие,7,6,2,72980.0,0.0,,0.0,0.0,0.0,36490.0
brandperf-2026-07-27-мск-автотест-прямые-визиты,2026-07-27,2026-07,МСК,АвтоТест,autoshkola-avtotest.ru,Прямые визиты,1,0,0,0.0,0.0,,0.0,0,0,0
brandperf-2026-07-27-мск-автотест-яндекс-карты,2026-07-27,2026-07,МСК,АвтоТест,autoshkola-avtotest.ru · автотест,Яндекс Карты,5,3,2,96490.0,0.0,,0.0,0.0,0.0,48245.0
brandperf-2026-07-27-мск-алонсо-другие,2026-07-27,2026-07,МСК,Алонсо,avtoshkola-alonso.ru,Другие,1,1,1,26990.0,0.0,,0.0,0.0,0.0,26990.0
brandperf-2026-07-27-мск-алонсо-яндекс-карты,2026-07-27,2026-07,МСК,Алонсо,avtoshkola-alonso.ru,Яндекс Карты,1,1,0,0.0,0.0,,0.0,0.0,0,0
brandperf-2026-07-27-мск-армада-другие,2026-07-27,2026-07,МСК,Армада,avtoshkola-armada.ru,Другие,4,2,0,0.0,0.0,,0.0,0.0,0,0
brandperf-2026-07-27-мск-атлант-другие,2026-07-27,2026-07,МСК,Атлант,avtoshkola-atlant.ru,Другие,1,0,0,0.0,0.0,,0.0,0,0,0
brandperf-2026-07-27-мск-велес-другие,2026-07-27,2026-07,МСК,Велес,avtoshkola-veles.ru,Другие,7,3,1,42500.0,0.0,,0.0,0.0,0.0,42500.0
brandperf-2026-07-27-мск-виадук-другие,2026-07-27,2026-07,МСК,Виадук,avtoshkola-viaduk.ru,Другие,3,0,0,0.0,0.0,,0.0,0,0,0
brandperf-2026-07-27-мск-гермес-2гис,2026-07-27,2026-07,МСК,Гермес,hermes-mos.ru · гермес,2ГИС,14,5,3,151970.0,0.0,,0.0,0.0,0.0,50656.67
brandperf-2026-07-27-мск-гермес-seo,2026-07-27,2026-07,МСК,Гермес,hermes-mos.ru,SEO,1,0,0,0.0,0.0,,0.0,0,0,0
brandperf-2026-07-27-мск-гермес-другие,2026-07-27,2026-07,МСК,Гермес,hermes-mos.ru,Другие,20,12,4,149960.0,0.0,,0.0,0.0,0.0,37490.0
brandperf-2026-07-27-мск-гермес-яндекс-карты,2026-07-27,2026-07,МСК,Гермес,autoshkola-avtotest.ru · hermes-mos.ru · schoolselect.ru,Яндекс Карты,32,11,3,156480.0,0.0,,0.0,0.0,0.0,52160.0
brandperf-2026-07-27-мск-глобал-другие,2026-07-27,2026-07,МСК,Глобал,avtoshkola-global.ru,Другие,2,1,1,58990.0,0.0,,0.0,0.0,0.0,58990.0
brandperf-2026-07-27-мск-изи-драи-в-seo,2026-07-27,2026-07,МСК,Изи Драйв,изи-драйв.рф,SEO,1,0,0,0.0,0.0,,0.0,0,0,0
brandperf-2026-07-27-мск-изи-драи-в-гугл-карты,2026-07-27,2026-07,МСК,Изи Драйв,изи-драйв.рф,Гугл Карты,3,1,0,0.0,0.0,,0.0,0.0,0,0
brandperf-2026-07-27-мск-изи-драи-в-другие,2026-07-27,2026-07,МСК,Изи Драйв,izidrive.msk.ru · изи-драйв.рф,Другие,36,15,4,206470.0,0.0,,0.0,0.0,0.0,51617.5
brandperf-2026-07-27-мск-изи-драи-в-прямые-визиты,2026-07-27,2026-07,МСК,Изи Драйв,изи-драйв.рф,Прямые визиты,5,2,0,0.0,0.0,,0.0,0.0,0,0
brandperf-2026-07-27-мск-изи-драи-в-роботы,2026-07-27,2026-07,МСК,Изи Драйв,изи-драйв.рф,Роботы,2,0,0,0.0,0.0,,0.0,0,0,0
brandperf-2026-07-27-мск-изи-драи-в-яндекс-карты,2026-07-27,2026-07,МСК,Изи Драйв,изи-драйв.рф,Яндекс Карты,3,0,0,0.0,0.0,,0.0,0,0,0
brandperf-2026-07-27-мск-континенталь-другие,2026-07-27,2026-07,МСК,Континенталь,avtoshkola-kontinental.ru,Другие,1,1,0,0.0,0.0,,0.0,0.0,0,0
brandperf-2026-07-27-мск-ланистер-гугл-карты,2026-07-27,2026-07,МСК,Ланистер,autoschkola-lanister.ru,Гугл Карты,1,0,0,0.0,0.0,,0.0,0,0,0
brandperf-2026-07-27-мск-ланистер-другие,2026-07-27,2026-07,МСК,Ланистер,autoschkola-lanister.ru,Другие,1,1,0,0.0,0.0,,0.0,0.0,0,0
brandperf-2026-07-27-мск-пора-за-руль-другие,2026-07-27,2026-07,МСК,Пора за руль,autoshkola-poputi.ru,Другие,3,2,0,0.0,0.0,,0.0,0.0,0,0
brandperf-2026-07-27-мск-пора-за-руль-рек-кешбэк,2026-07-27,2026-07,МСК,Пора за руль,autoshkola-poputi.ru,Рек/кешбэк,1,0,0,0.0,0.0,,0.0,0,0,0
brandperf-2026-07-27-мск-пора-за-руль-яндекс-карты,2026-07-27,2026-07,МСК,Пора за руль,autoshkola-porazarul.ru,Яндекс Карты,4,2,0,0.0,0.0,,0.0,0.0,0,0
brandperf-2026-07-27-мск-ралли-другие,2026-07-27,2026-07,МСК,Ралли,rallishop.ru,Другие,6,4,1,37990.0,0.0,,0.0,0.0,0.0,37990.0
brandperf-2026-07-27-мск-родос-другие,2026-07-27,2026-07,МСК,Родос,autoshkola-rodos.ru,Другие,2,2,0,0.0,0.0,,0.0,0.0,0,0
brandperf-2026-07-27-мск-рулевои-другие,2026-07-27,2026-07,МСК,Рулевой,rulevoy-msk.ru,Другие,5,2,0,0.0,0.0,,0.0,0.0,0,0
brandperf-2026-07-27-мск-рулевои-яндекс-карты,2026-07-27,2026-07,МСК,Рулевой,rulevoy-msk.ru,Яндекс Карты,1,0,0,0.0,0.0,,0.0,0,0,0
brandperf-2026-07-27-мск-топгир-2гис,2026-07-27,2026-07,МСК,ТопГир,avtoshkola-tg.ru · izidrive.msk.ru · изи-драйв.рф,2ГИС,13,5,0,0.0,0.0,,0.0,0.0,0,0
brandperf-2026-07-27-мск-топгир-гугл-карты,2026-07-27,2026-07,МСК,ТопГир,avtoshkola-tg.ru,Гугл Карты,6,1,0,0.0,0.0,,0.0,0.0,0,0
brandperf-2026-07-27-мск-топгир-другие,2026-07-27,2026-07,МСК,ТопГир,avtoshkola-tg.ru,Другие,14,6,3,113970.0,0.0,,0.0,0.0,0.0,37990.0
brandperf-2026-07-27-мск-топгир-прямые-визиты,2026-07-27,2026-07,МСК,ТопГир,avtoshkola-tg.ru,Прямые визиты,1,0,1,26990.0,0.0,,0.0,0,0.0,26990.0
brandperf-2026-07-27-мск-топгир-яндекс-карты,2026-07-27,2026-07,МСК,ТопГир,avtoshkola-tg.ru · топгир,Яндекс Карты,19,10,6,223450.0,0.0,,0.0,0.0,0.0,37241.67
brandperf-2026-07-27-мск-ученик-другие,2026-07-27,2026-07,МСК,Ученик,avtoshkola-uchenik.ru,Другие,7,4,3,154980.0,0.0,,0.0,0.0,0.0,51660.0
brandperf-2026-07-27-мск-флагман-гугл-карты,2026-07-27,2026-07,МСК,Флагман,флагман,Гугл Карты,1,1,1,49500.0,0.0,,0.0,0.0,0.0,49500.0
brandperf-2026-07-27-мск-флагман-другие,2026-07-27,2026-07,МСК,Флагман,avtoshkola-flagmanmsk.ru,Другие,1,0,0,0.0,0.0,,0.0,0,0,0
brandperf-2026-07-27-спб-autokurs-другие,2026-07-27,2026-07,СПБ,Autokurs,autoshkola-autokurs.ru,Другие,1,0,0,0.0,0.0,,0.0,0,0,0
brandperf-2026-07-27-спб-automotors-другие,2026-07-27,2026-07,СПБ,Automotors,avtoshkola-automotors.ru,Другие,2,0,0,0.0,0.0,,0.0,0,0,0
brandperf-2026-07-27-спб-autopolus-другие,2026-07-27,2026-07,СПБ,Autopolus,avtoshkola-autopolus.ru,Другие,1,0,0,0.0,0.0,,0.0,0,0,0
brandperf-2026-07-27-спб-dream-auto-другие,2026-07-27,2026-07,СПБ,Dream Auto,dreamautoschool.ru,Другие,9,5,1,65500.0,0.0,,0.0,0.0,0.0,65500.0
brandperf-2026-07-27-спб-dream-auto-прямые-визиты,2026-07-27,2026-07,СПБ,Dream Auto,dreamautoschool.ru,Прямые визиты,1,1,0,0.0,0.0,,0.0,0.0,0,0
brandperf-2026-07-27-спб-dream-auto-яндекс-карты,2026-07-27,2026-07,СПБ,Dream Auto,avtoshkola-autonavik.ru · dreamautoschool.ru,Яндекс Карты,4,2,0,0.0,0.0,,0.0,0.0,0,0
brandperf-2026-07-27-спб-krossauto-другие,2026-07-27,2026-07,СПБ,Krossauto,avtoshkola-krossauto.ru,Другие,1,0,0,0.0,0.0,,0.0,0,0,0
brandperf-2026-07-27-спб-maximum-другие,2026-07-27,2026-07,СПБ,Maximum,autoshkola-maximum.ru,Другие,1,0,0,0.0,0.0,,0.0,0,0,0
brandperf-2026-07-27-спб-motor-другие,2026-07-27,2026-07,СПБ,Motor,avtoshkola-motor.ru,Другие,3,2,0,0.0,0.0,,0.0,0.0,0,0
brandperf-2026-07-27-спб-pervayaperedacha-другие,2026-07-27,2026-07,СПБ,Pervayaperedacha,avtoshkola-pervayaperedacha.ru,Другие,1,0,0,0.0,0.0,,0.0,0,0,0
brandperf-2026-07-27-спб-praitauto-гугл-карты,2026-07-27,2026-07,СПБ,Praitauto,avtoshkola-praitauto.ru,Гугл Карты,1,1,0,0.0,0.0,,0.0,0.0,0,0
brandperf-2026-07-27-спб-sedan-другие,2026-07-27,2026-07,СПБ,Sedan,avtoshkola-sedan.ru,Другие,1,1,0,0.0,0.0,,0.0,0.0,0,0
brandperf-2026-07-27-спб-signal-другие,2026-07-27,2026-07,СПБ,Signal,avtoshkola-signal.ru,Другие,1,0,0,0.0,0.0,,0.0,0,0,0
brandperf-2026-07-27-спб-а-поло-другие,2026-07-27,2026-07,СПБ,А-Поло,avtoshkola-apolo.ru,Другие,3,1,1,60000.0,0.0,,0.0,0.0,0.0,60000.0
brandperf-2026-07-27-спб-абсолют-гугл-карты,2026-07-27,2026-07,СПБ,Абсолют,avtoshkola-absolut.ru,Гугл Карты,1,1,0,0.0,0.0,,0.0,0.0,0,0
brandperf-2026-07-27-спб-абсолют-другие,2026-07-27,2026-07,СПБ,Абсолют,avtoshkola-absolut.ru,Другие,4,1,0,0.0,0.0,,0.0,0.0,0,0
brandperf-2026-07-27-спб-автогранд-другие,2026-07-27,2026-07,СПБ,АвтоГранд,avtoshkola-autogrand.ru,Другие,1,0,0,0.0,0.0,,0.0,0,0,0
brandperf-2026-07-27-спб-автодраи-в-2гис,2026-07-27,2026-07,СПБ,АвтоДрайв,autodrive-school.ru · avtoshkola-as.ru · автодраи-в,2ГИС,27,6,0,0.0,0.0,,0.0,0.0,0,0
brandperf-2026-07-27-спб-автодраи-в-другие,2026-07-27,2026-07,СПБ,АвтоДрайв,autodrive-school.ru,Другие,10,4,2,142000.0,0.0,,0.0,0.0,0.0,71000.0
brandperf-2026-07-27-спб-автодраи-в-прямые-визиты,2026-07-27,2026-07,СПБ,АвтоДрайв,autodrive-school.ru,Прямые визиты,5,2,1,65500.0,0.0,,0.0,0.0,0.0,65500.0
brandperf-2026-07-27-спб-автодраи-в-яндекс-карты,2026-07-27,2026-07,СПБ,АвтоДрайв,autodrive-school.ru · автодраи-в · лучшая-автошкола-спб.рф,Яндекс Карты,18,6,3,180000.0,0.0,,0.0,0.0,0.0,60000.0
brandperf-2026-07-27-спб-автоклуб-гугл-карты,2026-07-27,2026-07,СПБ,АвтоКлуб,автоклуб,Гугл Карты,1,0,0,0.0,0.0,,0.0,0,0,0
brandperf-2026-07-27-спб-автоклуб-другие,2026-07-27,2026-07,СПБ,АвтоКлуб,avtoshkola-avtoclub.ru,Другие,2,0,0,0.0,0.0,,0.0,0,0,0
brandperf-2026-07-27-спб-автомотокласс-гугл-карты,2026-07-27,2026-07,СПБ,АвтоМотоКласс,автомотокласс,Гугл Карты,1,0,0,0.0,0.0,,0.0,0,0,0
brandperf-2026-07-27-спб-автомотокласс-другие,2026-07-27,2026-07,СПБ,АвтоМотоКласс,avtomotospb.ru,Другие,5,3,0,0.0,0.0,,0.0,0.0,0,0
brandperf-2026-07-27-спб-автопрофи-другие,2026-07-27,2026-07,СПБ,АвтоПрофи,avtoshkola-avtoprofi.ru,Другие,1,1,0,0.0,0.0,,0.0,0.0,0,0
brandperf-2026-07-27-спб-автосити-2гис,2026-07-27,2026-07,СПБ,АвтоСити,avtoshkola-as.ru,2ГИС,1,0,0,0.0,0.0,,0.0,0,0,0
brandperf-2026-07-27-спб-автосити-гугл-карты,2026-07-27,2026-07,СПБ,АвтоСити,avtoshkola-as.ru · лучшая-автошкола-спб.рф,Гугл Карты,3,2,0,0.0,0.0,,0.0,0.0,0,0
brandperf-2026-07-27-спб-автосити-другие,2026-07-27,2026-07,СПБ,АвтоСити,avtoshkola-as.ru,Другие,13,7,2,178000.0,0.0,,0.0,0.0,0.0,89000.0
brandperf-2026-07-27-спб-автосити-яндекс-карты,2026-07-27,2026-07,СПБ,АвтоСити,avtoshkola-as.ru · академика-спб.рф · лучшая-автошкола-спб.рф,Яндекс Карты,9,4,0,0.0,0.0,,0.0,0.0,0,0
brandperf-2026-07-27-спб-автотрек-другие,2026-07-27,2026-07,СПБ,АвтоТрек,avtoshkola-autotrack.ru,Другие,3,3,2,142000.0,0.0,,0.0,0.0,0.0,71000.0
brandperf-2026-07-27-спб-автолэнд-другие,2026-07-27,2026-07,СПБ,Автолэнд,autolandschool.ru,Другие,12,8,4,286000.0,0.0,,0.0,0.0,0.0,71500.0
brandperf-2026-07-27-спб-автошкола-100-другие,2026-07-27,2026-07,СПБ,Автошкола 100,автошкола100.рф,Другие,4,1,0,0.0,0.0,,0.0,0.0,0,0
brandperf-2026-07-27-спб-академика-гугл-карты,2026-07-27,2026-07,СПБ,Академика,академика-спб.рф,Гугл Карты,1,0,0,0.0,0.0,,0.0,0,0,0
brandperf-2026-07-27-спб-академика-другие,2026-07-27,2026-07,СПБ,Академика,академика-спб.рф,Другие,11,3,0,0.0,0.0,,0.0,0.0,0,0
brandperf-2026-07-27-спб-академика-прямые-визиты,2026-07-27,2026-07,СПБ,Академика,академика-спб.рф,Прямые визиты,1,1,0,0.0,0.0,,0.0,0.0,0,0
brandperf-2026-07-27-спб-виктория-другие,2026-07-27,2026-07,СПБ,Виктория,autoshkola-victoria.ru,Другие,1,1,0,0.0,0.0,,0.0,0.0,0,0
brandperf-2026-07-27-спб-гермес-другие,2026-07-27,2026-07,СПБ,Гермес,hermesrf-spb.ru,Другие,8,2,2,125540.0,0.0,,0.0,0.0,0.0,62770.0
brandperf-2026-07-27-спб-гермес-яндекс-карты,2026-07-27,2026-07,СПБ,Гермес,hermesrf-spb.ru · izidrive.ru · лучшая-автошкола-спб.рф,Яндекс Карты,17,4,0,0.0,0.0,,0.0,0.0,0,0
brandperf-2026-07-27-спб-движение-другие,2026-07-27,2026-07,СПБ,Движение,autoshkola-dvijenie.ru,Другие,2,0,0,0.0,0.0,,0.0,0,0,0
brandperf-2026-07-27-спб-заправами-гугл-карты,2026-07-27,2026-07,СПБ,ЗаПравами,заправами,Гугл Карты,1,0,0,0.0,0.0,,0.0,0,0,0
brandperf-2026-07-27-спб-заправами-другие,2026-07-27,2026-07,СПБ,ЗаПравами,avtoshkola-zapravami.ru,Другие,5,3,2,129000.0,0.0,,0.0,0.0,0.0,64500.0
brandperf-2026-07-27-спб-изи-драи-в-2гис,2026-07-27,2026-07,СПБ,Изи Драйв,izidrive.ru · изи-драи-в,2ГИС,9,4,1,84000.0,0.0,,0.0,0.0,0.0,84000.0
brandperf-2026-07-27-спб-изи-драи-в-гугл-карты,2026-07-27,2026-07,СПБ,Изи Драйв,izidrive.ru · изи-драи-в,Гугл Карты,2,1,0,0.0,0.0,,0.0,0.0,0,0
brandperf-2026-07-27-спб-изи-драи-в-другие,2026-07-27,2026-07,СПБ,Изи Драйв,izidrive.ru,Другие,15,10,6,337000.0,0.0,,0.0,0.0,0.0,56166.67
brandperf-2026-07-27-спб-изи-драи-в-яндекс-карты,2026-07-27,2026-07,СПБ,Изи Драйв,avtoshkola-automotors.ru · izidrive.msk.ru · izidrive.ru,Яндекс Карты,21,12,1,60000.0,0.0,,0.0,0.0,0.0,60000.0
brandperf-2026-07-27-спб-колибри-другие,2026-07-27,2026-07,СПБ,Колибри,autoshkola-kolibri.ru,Другие,2,1,1,60000.0,0.0,,0.0,0.0,0.0,60000.0
brandperf-2026-07-27-спб-лучшая-автошкола-спб-2гис,2026-07-27,2026-07,СПБ,Лучшая Автошкола Спб,лучшая-автошкола-спб.рф,2ГИС,1,1,0,0.0,0.0,,0.0,0.0,0,0
brandperf-2026-07-27-спб-лучшая-автошкола-спб-гугл-карты,2026-07-27,2026-07,СПБ,Лучшая Автошкола Спб,лучшая-автошкола-спб.рф,Гугл Карты,2,1,0,0.0,0.0,,0.0,0.0,0,0
brandperf-2026-07-27-спб-лучшая-автошкола-спб-другие,2026-07-27,2026-07,СПБ,Лучшая Автошкола Спб,лучшая-автошкола-спб.рф,Другие,1,1,1,70990.0,0.0,,0.0,0.0,0.0,70990.0
brandperf-2026-07-27-спб-лучшая-автошкола-спб-прямые-визиты,2026-07-27,2026-07,СПБ,Лучшая Автошкола Спб,лучшая-автошкола-спб.рф,Прямые визиты,1,0,0,0.0,0.0,,0.0,0,0,0
brandperf-2026-07-27-спб-лучшая-автошкола-спб-роботы,2026-07-27,2026-07,СПБ,Лучшая Автошкола Спб,лучшая-автошкола-спб.рф,Роботы,2,1,0,0.0,0.0,,0.0,0.0,0,0
brandperf-2026-07-27-спб-маневр-другие,2026-07-27,2026-07,СПБ,Маневр,autoshkola-manevr.ru,Другие,5,1,1,84000.0,0.0,,0.0,0.0,0.0,84000.0
brandperf-2026-07-27-спб-мираж-другие,2026-07-27,2026-07,СПБ,Мираж,avtoshkola-mirazh.ru,Другие,1,1,0,0.0,0.0,,0.0,0.0,0,0
brandperf-2026-07-27-спб-пора-за-руль-другие,2026-07-27,2026-07,СПБ,Пора за руль,pora-za-rul.ru,Другие,12,4,1,65500.0,0.0,,0.0,0.0,0.0,65500.0
brandperf-2026-07-27-спб-пора-за-руль-яндекс-карты,2026-07-27,2026-07,СПБ,Пора за руль,pora-za-rul.ru,Яндекс Карты,7,6,0,0.0,0.0,,0.0,0.0,0,0
brandperf-2026-07-27-спб-ралли-другие,2026-07-27,2026-07,СПБ,Ралли,rallischool.ru,Другие,2,0,0,0.0,0.0,,0.0,0,0,0
brandperf-2026-07-27-спб-рулевои-другие,2026-07-27,2026-07,СПБ,Рулевой,avtoshkola-ruler.ru · avtoshkola-rulevoi.ru,Другие,14,6,1,82000.0,0.0,,0.0,0.0,0.0,82000.0
brandperf-2026-07-27-спб-рулевои-яндекс-карты,2026-07-27,2026-07,СПБ,Рулевой,avtoshkola-rulevoi.ru,Яндекс Карты,1,0,0,0.0,0.0,,0.0,0,0,0
brandperf-2026-07-27-спб-студент-seo,2026-07-27,2026-07,СПБ,Студент,avtoshkola-student.ru,SEO,1,0,0,0.0,0.0,,0.0,0,0,0
brandperf-2026-07-27-спб-студент-яндекс-карты,2026-07-27,2026-07,СПБ,Студент,avtoshkola-student.ru,Яндекс Карты,1,1,1,84000.0,0.0,,0.0,0.0,0.0,84000.0
brandperf-2026-07-27-спб-успех-другие,2026-07-27,2026-07,СПБ,Успех,yspexspb.ru,Другие,1,0,0,0.0,0.0,,0.0,0,0,0
brandperf-2026-07-27-спб-форвард-гугл-карты,2026-07-27,2026-07,СПБ,Форвард,avtoshkola-forvard.ru,Гугл Карты,1,0,0,0.0,0.0,,0.0,0,0,0
brandperf-2026-07-27-спб-штиль-другие,2026-07-27,2026-07,СПБ,Штиль,avtoshkola-shtil.ru,Другие,5,2,1,60000.0,0.0,,0.0,0.0,0.0,60000.0
brandperf-2026-07-27-спб-ягуар-другие,2026-07-27,2026-07,СПБ,Ягуар,avtoshkola-yaguarspb.ru,Другие,3,0,0,0.0,0.0,,0.0,0,0,0
brandperf-2026-08-01-мск-mclaren-другие,2026-08-01,2026-08,МСК,McLaren,autoshkola-mclaren.ru,Другие,3,3,1,26990.0,0.0,,0.0,0.0,0.0,26990.0
brandperf-2026-08-01-мск-schoolselect-другие,2026-08-01,2026-08,МСК,SchoolSelect,schoolselect.ru,Другие,2,1,0,0.0,0.0,,0.0,0.0,0,0
brandperf-2026-08-01-мск-schoolselect-прямые-визиты,2026-08-01,2026-08,МСК,SchoolSelect,schoolselect.ru,Прямые визиты,2,1,0,0.0,0.0,,0.0,0.0,0,0
brandperf-2026-08-01-мск-schoolselect-яндекс-карты,2026-08-01,2026-08,МСК,SchoolSelect,schoolselect · schoolselect.ru,Яндекс Карты,2,0,0,0.0,0.0,,0.0,0,0,0
brandperf-2026-08-01-мск-автогуру-другие,2026-08-01,2026-08,МСК,АвтоГуру,autoshkola-guru.ru,Другие,2,0,0,0.0,0.0,,0.0,0,0,0
brandperf-2026-08-01-мск-автодраи-в-другие,2026-08-01,2026-08,МСК,АвтоДрайв,autodrive.msk.ru,Другие,2,1,1,59990.0,0.0,,0.0,0.0,0.0,59990.0
brandperf-2026-08-01-мск-автодраи-в-яндекс-карты,2026-08-01,2026-08,МСК,АвтоДрайв,autodrive.msk.ru · автодраи-в,Яндекс Карты,6,1,1,26990.0,0.0,,0.0,0.0,0.0,26990.0
brandperf-2026-08-01-мск-автомск-другие,2026-08-01,2026-08,МСК,АвтоМСК,avtoshkola-avtomsk.ru,Другие,1,1,0,0.0,0.0,,0.0,0.0,0,0
brandperf-2026-08-01-мск-автонева-другие,2026-08-01,2026-08,МСК,АвтоНева,avtoshkola-auto-neva.ru,Другие,1,0,0,0.0,0.0,,0.0,0,0,0
brandperf-2026-08-01-мск-автоправо-2гис,2026-08-01,2026-08,МСК,АвтоПраво,autoshkola-avtopravo.ru,2ГИС,1,1,1,37990.0,0.0,,0.0,0.0,0.0,37990.0
brandperf-2026-08-01-мск-автоправо-гугл-карты,2026-08-01,2026-08,МСК,АвтоПраво,autoshkola-avtopravo.ru,Гугл Карты,1,1,0,0.0,0.0,,0.0,0.0,0,0
brandperf-2026-08-01-мск-автоправо-яндекс-карты,2026-08-01,2026-08,МСК,АвтоПраво,autoshkola-avtopravo.ru,Яндекс Карты,2,2,0,0.0,0.0,,0.0,0.0,0,0
brandperf-2026-08-01-мск-атлант-другие,2026-08-01,2026-08,МСК,Атлант,avtoshkola-atlant.ru,Другие,2,2,1,58990.0,0.0,,0.0,0.0,0.0,58990.0
brandperf-2026-08-01-мск-велес-другие,2026-08-01,2026-08,МСК,Велес,avtoshkola-veles.ru,Другие,8,0,0,0.0,0.0,,0.0,0,0,0
brandperf-2026-08-01-мск-гермес-2гис,2026-08-01,2026-08,МСК,Гермес,гермес,2ГИС,2,0,0,0.0,0.0,,0.0,0,0,0
brandperf-2026-08-01-мск-гермес-другие,2026-08-01,2026-08,МСК,Гермес,hermes-mos.ru,Другие,5,3,2,76490.0,0.0,,0.0,0.0,0.0,38245.0
brandperf-2026-08-01-мск-гермес-яндекс-карты,2026-08-01,2026-08,МСК,Гермес,hermes-mos.ru · hermesrf-spb.ru · гермес,Яндекс Карты,12,6,1,26990.0,0.0,,0.0,0.0,0.0,26990.0
brandperf-2026-08-01-мск-изи-драи-в-seo,2026-08-01,2026-08,МСК,Изи Драйв,изи-драйв.рф,SEO,2,0,0,0.0,0.0,,0.0,0,0,0
brandperf-2026-08-01-мск-изи-драи-в-гугл-карты,2026-08-01,2026-08,МСК,Изи Драйв,изи-драйв.рф,Гугл Карты,1,0,0,0.0,0.0,,0.0,0,0,0
brandperf-2026-08-01-мск-изи-драи-в-другие,2026-08-01,2026-08,МСК,Изи Драйв,izidrive.msk.ru,Другие,2,0,0,0.0,0.0,,0.0,0,0,0
brandperf-2026-08-01-мск-изи-драи-в-роботы,2026-08-01,2026-08,МСК,Изи Драйв,изи-драйв.рф,Роботы,3,1,0,0.0,0.0,,0.0,0.0,0,0
brandperf-2026-08-01-мск-изи-драи-в-яндекс-карты,2026-08-01,2026-08,МСК,Изи Драйв,изи-драйв.рф,Яндекс Карты,2,1,0,0.0,0.0,,0.0,0.0,0,0
brandperf-2026-08-01-мск-пора-за-руль-другие,2026-08-01,2026-08,МСК,Пора за руль,autoshkola-porazarul.ru,Другие,1,1,1,36990.0,0.0,,0.0,0.0,0.0,36990.0
brandperf-2026-08-01-мск-пора-за-руль-прямые-визиты,2026-08-01,2026-08,МСК,Пора за руль,autoshkola-porazarul.ru,Прямые визиты,1,1,0,0.0,0.0,,0.0,0.0,0,0
brandperf-2026-08-01-мск-пора-за-руль-яндекс-карты,2026-08-01,2026-08,МСК,Пора за руль,autoshkola-porazarul.ru,Яндекс Карты,2,1,1,36990.0,0.0,,0.0,0.0,0.0,36990.0
brandperf-2026-08-01-мск-ралли-другие,2026-08-01,2026-08,МСК,Ралли,rallishop.ru,Другие,1,0,0,0.0,0.0,,0.0,0,0,0
brandperf-2026-08-01-мск-рулевои-другие,2026-08-01,2026-08,МСК,Рулевой,rulevoy-msk.ru,Другие,1,1,1,36990.0,0.0,,0.0,0.0,0.0,36990.0
brandperf-2026-08-01-мск-топгир-2гис,2026-08-01,2026-08,МСК,ТопГир,avtoshkola-tg.ru · топгир,2ГИС,5,4,1,37990.0,0.0,,0.0,0.0,0.0,37990.0
brandperf-2026-08-01-мск-топгир-гугл-карты,2026-08-01,2026-08,МСК,ТопГир,avtoshkola-tg.ru,Гугл Карты,2,1,0,0.0,0.0,,0.0,0.0,0,0
brandperf-2026-08-01-мск-топгир-другие,2026-08-01,2026-08,МСК,ТопГир,avtoshkola-tg.ru,Другие,1,1,1,59500.0,0.0,,0.0,0.0,0.0,59500.0
brandperf-2026-08-01-мск-топгир-прямые-визиты,2026-08-01,2026-08,МСК,ТопГир,avtoshkola-tg.ru,Прямые визиты,1,1,1,59990.0,0.0,,0.0,0.0,0.0,59990.0
brandperf-2026-08-01-мск-топгир-яндекс-карты,2026-08-01,2026-08,МСК,ТопГир,avtoshkola-tg.ru · топгир,Яндекс Карты,4,3,0,0.0,0.0,,0.0,0.0,0,0
brandperf-2026-08-01-спб-autostil-другие,2026-08-01,2026-08,СПБ,Autostil,avtoshkola-autostil.ru,Другие,1,0,0,0.0,0.0,,0.0,0,0,0
brandperf-2026-08-01-спб-dream-auto-другие,2026-08-01,2026-08,СПБ,Dream Auto,dreamautoschool.ru,Другие,1,1,1,65500.0,0.0,,0.0,0.0,0.0,65500.0
brandperf-2026-08-01-спб-dream-auto-яндекс-карты,2026-08-01,2026-08,СПБ,Dream Auto,dreamautoschool.ru,Яндекс Карты,1,0,0,0.0,0.0,,0.0,0,0,0
brandperf-2026-08-01-спб-а-поло-другие,2026-08-01,2026-08,СПБ,А-Поло,avtoshkola-apolo.ru,Другие,2,1,1,82000.0,0.0,,0.0,0.0,0.0,82000.0
brandperf-2026-08-01-спб-автодраи-в-2гис,2026-08-01,2026-08,СПБ,АвтоДрайв,autodrive-school.ru · автодраи-в,2ГИС,5,2,0,0.0,0.0,,0.0,0.0,0,0
brandperf-2026-08-01-спб-автодраи-в-другие,2026-08-01,2026-08,СПБ,АвтоДрайв,autodrive-school.ru,Другие,7,6,2,89500.0,0.0,,0.0,0.0,0.0,44750.0
brandperf-2026-08-01-спб-автодраи-в-яндекс-карты,2026-08-01,2026-08,СПБ,АвтоДрайв,autodrive-school.ru · автодраи-в · автодрайв.спб.рф,Яндекс Карты,6,4,1,62000.0,0.0,,0.0,0.0,0.0,62000.0
brandperf-2026-08-01-спб-автопрофи-гугл-карты,2026-08-01,2026-08,СПБ,АвтоПрофи,avtoshkola-avtoprofi.ru · автопрофи,Гугл Карты,3,1,1,65500.0,0.0,,0.0,0.0,0.0,65500.0
brandperf-2026-08-01-спб-автопрофи-яндекс-карты,2026-08-01,2026-08,СПБ,АвтоПрофи,avtoshkola-avtoprofi.ru,Яндекс Карты,1,1,0,0.0,0.0,,0.0,0.0,0,0
brandperf-2026-08-01-спб-автосити-другие,2026-08-01,2026-08,СПБ,АвтоСити,avtoshkola-as.ru,Другие,7,5,2,125500.0,0.0,,0.0,0.0,0.0,62750.0
brandperf-2026-08-01-спб-автосити-яндекс-карты,2026-08-01,2026-08,СПБ,АвтоСити,avtoshkola-as.ru,Яндекс Карты,3,2,0,0.0,0.0,,0.0,0.0,0,0
brandperf-2026-08-01-спб-автолэнд-другие,2026-08-01,2026-08,СПБ,Автолэнд,autolandschool.ru,Другие,4,2,1,84000.0,0.0,,0.0,0.0,0.0,84000.0
brandperf-2026-08-01-спб-автолэнд-яндекс-карты,2026-08-01,2026-08,СПБ,Автолэнд,autolandschool.ru,Яндекс Карты,1,0,0,0.0,0.0,,0.0,0,0,0
brandperf-2026-08-01-спб-академика-другие,2026-08-01,2026-08,СПБ,Академика,академика-спб.рф,Другие,3,1,0,0.0,0.0,,0.0,0.0,0,0
brandperf-2026-08-01-спб-гермес-другие,2026-08-01,2026-08,СПБ,Гермес,hermesrf-spb.ru,Другие,3,1,1,62000.0,0.0,,0.0,0.0,0.0,62000.0
brandperf-2026-08-01-спб-изи-драи-в-2гис,2026-08-01,2026-08,СПБ,Изи Драйв,izidrive.ru · изи-драи-в,2ГИС,2,1,0,0.0,0.0,,0.0,0.0,0,0
brandperf-2026-08-01-спб-изи-драи-в-другие,2026-08-01,2026-08,СПБ,Изи Драйв,izidrive.ru,Другие,2,1,0,0.0,0.0,,0.0,0.0,0,0
brandperf-2026-08-01-спб-изи-драи-в-яндекс-карты,2026-08-01,2026-08,СПБ,Изи Драйв,izidrive.ru · изи-драи-в · лучшая-автошкола-спб.рф,Яндекс Карты,9,3,0,0.0,0.0,,0.0,0.0,0,0
brandperf-2026-08-01-спб-колибри-яндекс-карты,2026-08-01,2026-08,СПБ,Колибри,колибри,Яндекс Карты,1,0,0,0.0,0.0,,0.0,0,0,0
brandperf-2026-08-01-спб-лучшая-автошкола-спб-роботы,2026-08-01,2026-08,СПБ,Лучшая Автошкола Спб,лучшая-автошкола-спб.рф,Роботы,2,1,0,0.0,0.0,,0.0,0.0,0,0
brandperf-2026-08-01-спб-лучшая-автошкола-спб-яндекс-карты,2026-08-01,2026-08,СПБ,Лучшая Автошкола Спб,лучшая-автошкола-спб.рф,Яндекс Карты,3,2,0,0.0,0.0,,0.0,0.0,0,0
brandperf-2026-08-01-спб-маневр-другие,2026-08-01,2026-08,СПБ,Маневр,autoshkola-manevr.ru,Другие,1,0,0,0.0,0.0,,0.0,0,0,0
brandperf-2026-08-01-спб-мираж-другие,2026-08-01,2026-08,СПБ,Мираж,avtoshkola-mirazh.ru,Другие,1,1,0,0.0,0.0,,0.0,0.0,0,0
brandperf-2026-08-01-спб-пора-за-руль-другие,2026-08-01,2026-08,СПБ,Пора за руль,pora-za-rul.ru,Другие,5,4,2,122000.0,0.0,,0.0,0.0,0.0,61000.0
brandperf-2026-08-01-спб-пора-за-руль-яндекс-карты,2026-08-01,2026-08,СПБ,Пора за руль,autoshkola-porazarul.ru · pora-za-rul.ru,Яндекс Карты,3,2,0,0.0,0.0,,0.0,0.0,0,0
brandperf-2026-08-01-спб-ралли-другие,2026-08-01,2026-08,СПБ,Ралли,rallischool.ru,Другие,1,0,0,0.0,0.0,,0.0,0,0,0
brandperf-2026-08-01-спб-рулевои-гугл-карты,2026-08-01,2026-08,СПБ,Рулевой,avtoshkola-rulevoi.ru,Гугл Карты,1,1,0,0.0,0.0,,0.0,0.0,0,0
brandperf-2026-08-01-спб-рулевои-другие,2026-08-01,2026-08,СПБ,Рулевой,avtoshkola-rulevoi.ru,Другие,2,0,0,0.0,0.0,,0.0,0,0,0
brandperf-2026-08-01-спб-студент-другие,2026-08-01,2026-08,СПБ,Студент,avtoshkola-student.ru,Другие,2,1,0,0.0,0.0,,0.0,0.0,0,0
brandperf-2026-08-03-мск-autonefrit-другие,2026-08-03,2026-08,МСК,Autonefrit,autonefrit.ru,Другие,9,4,1,37990.0,0.0,,0.0,0.0,0.0,37990.0
brandperf-2026-08-03-мск-axel-другие,2026-08-03,2026-08,МСК,Axel,avtoshkola-axel.ru,Другие,2,1,0,0.0,0.0,,0.0,0.0,0,0
brandperf-2026-08-03-мск-bamblbi-прямые-визиты,2026-08-03,2026-08,МСК,Bamblbi,avtoshkola-bamblbi.ru,Прямые визиты,2,0,1,59500.0,0.0,,0.0,0,0.0,59500.0
brandperf-2026-08-03-мск-cityavto-другие,2026-08-03,2026-08,МСК,Cityavto,avtoshkola-cityavto.ru,Другие,3,1,0,0.0,0.0,,0.0,0.0,0,0
brandperf-2026-08-03-мск-gorizont-другие,2026-08-03,2026-08,МСК,Gorizont,autoshkola-gorizont.ru,Другие,1,0,0,0.0,0.0,,0.0,0,0,0
brandperf-2026-08-03-мск-komfort-другие,2026-08-03,2026-08,МСК,Komfort,avtoshkola-komfort.ru,Другие,1,0,0,0.0,0.0,,0.0,0,0,0
brandperf-2026-08-03-мск-mclaren-другие,2026-08-03,2026-08,МСК,McLaren,autoshkola-mclaren.ru,Другие,7,3,0,0.0,0.0,,0.0,0.0,0,0
brandperf-2026-08-03-мск-schoolselect-прямые-визиты,2026-08-03,2026-08,МСК,SchoolSelect,schoolselect.ru,Прямые визиты,2,2,1,59990.0,0.0,,0.0,0.0,0.0,59990.0
brandperf-2026-08-03-мск-triumf-другие,2026-08-03,2026-08,МСК,Triumf,autoshkola-triumf.ru,Другие,3,0,0,0.0,0.0,,0.0,0,0,0
brandperf-2026-08-03-мск-автодраи-в-2гис,2026-08-03,2026-08,МСК,АвтоДрайв,autodrive.msk.ru · автодраи-в · автошкола-автодрайв.москва,2ГИС,11,2,0,0.0,0.0,,0.0,0.0,0,0
brandperf-2026-08-03-мск-автодраи-в-гугл-карты,2026-08-03,2026-08,МСК,АвтоДрайв,autodrive.msk.ru · изи-драйв.рф,Гугл Карты,4,3,0,0.0,0.0,,0.0,0.0,0,0
brandperf-2026-08-03-мск-автодраи-в-другие,2026-08-03,2026-08,МСК,АвтоДрайв,autodrive.msk.ru · автошкола-автодрайв.москва,Другие,25,17,16,728860.0,0.0,,0.0,0.0,0.0,45553.75
brandperf-2026-08-03-мск-автодраи-в-прямые-визиты,2026-08-03,2026-08,МСК,АвтоДрайв,autodrive.msk.ru,Прямые визиты,1,1,0,0.0,0.0,,0.0,0.0,0,0
brandperf-2026-08-03-мск-автодраи-в-яндекс-карты,2026-08-03,2026-08,МСК,АвтоДрайв,autodrive.msk.ru · izidrive.msk.ru · автодраи-в,Яндекс Карты,33,19,4,140960.0,0.0,,0.0,0.0,0.0,35240.0
brandperf-2026-08-03-мск-автомск-другие,2026-08-03,2026-08,МСК,АвтоМСК,avtoshkola-avtomsk.ru,Другие,5,0,0,0.0,0.0,,0.0,0,0,0
brandperf-2026-08-03-мск-автомобиль-другие,2026-08-03,2026-08,МСК,АвтоМобиль,avtoshkola-automobil.ru,Другие,6,2,1,58990.0,0.0,,0.0,0.0,0.0,58990.0
brandperf-2026-08-03-мск-автомобиль-прямые-визиты,2026-08-03,2026-08,МСК,АвтоМобиль,avtoshkola-automobil.ru,Прямые визиты,2,0,0,0.0,0.0,,0.0,0,0,0
brandperf-2026-08-03-мск-автомотокласс-другие,2026-08-03,2026-08,МСК,АвтоМотоКласс,avtoshkola-automotoklass.ru,Другие,1,0,0,0.0,0.0,,0.0,0,0,0
brandperf-2026-08-03-мск-автонева-другие,2026-08-03,2026-08,МСК,АвтоНева,avtoshkola-auto-neva.ru,Другие,10,4,0,0.0,0.0,,0.0,0.0,0,0
brandperf-2026-08-03-мск-автоправо-2гис,2026-08-03,2026-08,МСК,АвтоПраво,autoshkola-avtopravo.ru · schoolselect.ru,2ГИС,2,1,0,0.0,0.0,,0.0,0.0,0,0
brandperf-2026-08-03-мск-автоправо-другие,2026-08-03,2026-08,МСК,АвтоПраво,autoshkola-avtopravo.ru,Другие,23,10,3,133980.0,0.0,,0.0,0.0,0.0,44660.0
brandperf-2026-08-03-мск-автоправо-яндекс-карты,2026-08-03,2026-08,МСК,АвтоПраво,autoshkola-avtopravo.ru,Яндекс Карты,2,1,0,0.0,0.0,,0.0,0.0,0,0
brandperf-2026-08-03-мск-автосити-яндекс-карты,2026-08-03,2026-08,МСК,АвтоСити,изи-драйв.рф,Яндекс Карты,1,0,0,0.0,0.0,,0.0,0,0,0
brandperf-2026-08-03-мск-автотест-другие,2026-08-03,2026-08,МСК,АвтоТест,autoshkola-avtotest.ru,Другие,10,5,0,0.0,0.0,,0.0,0.0,0,0
brandperf-2026-08-03-мск-автотест-яндекс-карты,2026-08-03,2026-08,МСК,АвтоТест,autoshkola-avtotest.ru · автотест,Яндекс Карты,4,3,2,64980.0,0.0,,0.0,0.0,0.0,32490.0
brandperf-2026-08-03-мск-алонсо-другие,2026-08-03,2026-08,МСК,Алонсо,avtoshkola-alonso.ru,Другие,3,1,1,36990.0,0.0,,0.0,0.0,0.0,36990.0
brandperf-2026-08-03-мск-алонсо-яндекс-карты,2026-08-03,2026-08,МСК,Алонсо,алонсо,Яндекс Карты,1,0,0,0.0,0.0,,0.0,0,0,0
brandperf-2026-08-03-мск-армада-другие,2026-08-03,2026-08,МСК,Армада,avtoshkola-armada.ru,Другие,4,1,0,0.0,0.0,,0.0,0.0,0,0
brandperf-2026-08-03-мск-атлант-другие,2026-08-03,2026-08,МСК,Атлант,avtoshkola-atlant.ru,Другие,2,2,1,117490.0,0.0,,0.0,0.0,0.0,117490.0
brandperf-2026-08-03-мск-велес-другие,2026-08-03,2026-08,МСК,Велес,avtoshkola-veles.ru,Другие,5,0,0,0.0,0.0,,0.0,0,0,0
brandperf-2026-08-03-мск-велес-прямые-визиты,2026-08-03,2026-08,МСК,Велес,avtoshkola-veles.ru,Прямые визиты,1,1,1,37990.0,0.0,,0.0,0.0,0.0,37990.0
brandperf-2026-08-03-мск-виадук-другие,2026-08-03,2026-08,МСК,Виадук,avtoshkola-viaduk.ru,Другие,5,0,0,0.0,0.0,,0.0,0,0,0
brandperf-2026-08-03-мск-гермес-2гис,2026-08-03,2026-08,МСК,Гермес,hermes-mos.ru · hermesrf-spb.ru · izidrive.msk.ru,2ГИС,9,1,1,26990.0,0.0,,0.0,0.0,0.0,26990.0
brandperf-2026-08-03-мск-гермес-гугл-карты,2026-08-03,2026-08,МСК,Гермес,hermes-mos.ru,Гугл Карты,1,1,1,26990.0,0.0,,0.0,0.0,0.0,26990.0
brandperf-2026-08-03-мск-гермес-другие,2026-08-03,2026-08,МСК,Гермес,hermes-mos.ru,Другие,27,18,8,392940.0,0.0,,0.0,0.0,0.0,49117.5
brandperf-2026-08-03-мск-гермес-прямые-визиты,2026-08-03,2026-08,МСК,Гермес,hermes-mos.ru,Прямые визиты,1,0,0,0.0,0.0,,0.0,0,0,0
brandperf-2026-08-03-мск-гермес-яндекс-карты,2026-08-03,2026-08,МСК,Гермес,avtoshkola-absolut.ru · hermes-mos.ru · hermesrf-spb.ru,Яндекс Карты,39,20,1,26990.0,0.0,,0.0,0.0,0.0,26990.0
brandperf-2026-08-03-мск-изи-драи-в-2гис,2026-08-03,2026-08,МСК,Изи Драйв,izidrive.msk.ru · изи-драйв.рф,2ГИС,7,2,0,0.0,0.0,,0.0,0.0,0,0
brandperf-2026-08-03-мск-изи-драи-в-seo,2026-08-03,2026-08,МСК,Изи Драйв,изи-драйв.рф,SEO,6,1,0,0.0,0.0,,0.0,0.0,0,0
brandperf-2026-08-03-мск-изи-драи-в-гугл-карты,2026-08-03,2026-08,МСК,Изи Драйв,izidrive.msk.ru · изи-драйв.рф,Гугл Карты,23,8,1,59900.0,0.0,,0.0,0.0,0.0,59900.0
brandperf-2026-08-03-мск-изи-драи-в-другие,2026-08-03,2026-08,МСК,Изи Драйв,izidrive.msk.ru · izidrive.ru · изи-драйв.рф,Другие,33,15,8,354940.0,0.0,,0.0,0.0,0.0,44367.5
brandperf-2026-08-03-мск-изи-драи-в-прямые-визиты,2026-08-03,2026-08,МСК,Изи Драйв,изи-драйв.рф,Прямые визиты,31,9,1,36990.0,0.0,,0.0,0.0,0.0,36990.0
brandperf-2026-08-03-мск-изи-драи-в-роботы,2026-08-03,2026-08,МСК,Изи Драйв,изи-драйв.рф,Роботы,18,7,2,74980.0,0.0,,0.0,0.0,0.0,37490.0
brandperf-2026-08-03-мск-изи-драи-в-яндекс-карты,2026-08-03,2026-08,МСК,Изи Драйв,izidrive.msk.ru · изи-драйв.рф,Яндекс Карты,18,5,0,0.0,0.0,,0.0,0.0,0,0
brandperf-2026-08-03-мск-континенталь-другие,2026-08-03,2026-08,МСК,Континенталь,avtoshkola-kontinental.ru,Другие,2,2,1,36990.0,0.0,,0.0,0.0,0.0,36990.0
brandperf-2026-08-03-мск-ланистер-другие,2026-08-03,2026-08,МСК,Ланистер,autoschkola-lanister.ru,Другие,2,1,1,72990.0,0.0,,0.0,0.0,0.0,72990.0
brandperf-2026-08-03-мск-пора-за-руль-2гис,2026-08-03,2026-08,МСК,Пора за руль,autoshkola-porazarul.ru · пора-за-руль,2ГИС,2,0,0,0.0,0.0,,0.0,0,0,0
brandperf-2026-08-03-мск-пора-за-руль-гугл-карты,2026-08-03,2026-08,МСК,Пора за руль,autoshkola-poputi.ru · autoshkola-porazarul.ru,Гугл Карты,3,1,0,0.0,0.0,,0.0,0.0,0,0
brandperf-2026-08-03-мск-пора-за-руль-другие,2026-08-03,2026-08,МСК,Пора за руль,autoshkola-poputi.ru,Другие,1,1,1,26990.0,0.0,,0.0,0.0,0.0,26990.0
brandperf-2026-08-03-мск-пора-за-руль-яндекс-карты,2026-08-03,2026-08,МСК,Пора за руль,autoshkola-porazarul.ru · пора-за-руль,Яндекс Карты,9,4,2,76490.0,0.0,,0.0,0.0,0.0,38245.0
brandperf-2026-08-03-мск-ралли-другие,2026-08-03,2026-08,МСК,Ралли,rallishop.ru,Другие,8,2,2,97980.0,0.0,,0.0,0.0,0.0,48990.0
brandperf-2026-08-03-мск-родос-другие,2026-08-03,2026-08,МСК,Родос,autoshkola-rodos.ru,Другие,4,2,1,26990.0,0.0,,0.0,0.0,0.0,26990.0
brandperf-2026-08-03-мск-рулевои-другие,2026-08-03,2026-08,МСК,Рулевой,avtoshkola-rul.ru · rulevoy-msk.ru,Другие,7,0,0,0.0,0.0,,0.0,0,0,0
brandperf-2026-08-03-мск-рулевои-яндекс-карты,2026-08-03,2026-08,МСК,Рулевой,rulevoy-msk.ru,Яндекс Карты,1,1,0,0.0,0.0,,0.0,0.0,0,0
brandperf-2026-08-03-мск-топгир-2гис,2026-08-03,2026-08,МСК,ТопГир,avtoshkola-tg.ru · изи-драйв.рф · топгир,2ГИС,27,10,1,26990.0,0.0,,0.0,0.0,0.0,26990.0
brandperf-2026-08-03-мск-топгир-гугл-карты,2026-08-03,2026-08,МСК,ТопГир,avtoshkola-tg.ru,Гугл Карты,7,6,0,0.0,0.0,,0.0,0.0,0,0
brandperf-2026-08-03-мск-топгир-другие,2026-08-03,2026-08,МСК,ТопГир,avtoshkola-tg.ru,Другие,18,10,2,74980.0,0.0,,0.0,0.0,0.0,37490.0
brandperf-2026-08-03-мск-топгир-прямые-визиты,2026-08-03,2026-08,МСК,ТопГир,avtoshkola-tg.ru,Прямые визиты,5,2,0,0.0,0.0,,0.0,0.0,0,0
brandperf-2026-08-03-мск-топгир-яндекс-карты,2026-08-03,2026-08,МСК,ТопГир,autoshkola-avtotest.ru · avtoshkola-tg.ru · izidrive.msk.ru,Яндекс Карты,25,13,3,133980.0,0.0,,0.0,0.0,0.0,44660.0
brandperf-2026-08-03-мск-ученик-гугл-карты,2026-08-03,2026-08,МСК,Ученик,avtoshkola-uchenik.ru,Гугл Карты,1,0,0,0.0,0.0,,0.0,0,0,0
brandperf-2026-08-03-мск-ученик-другие,2026-08-03,2026-08,МСК,Ученик,avtoshkola-uchenik.ru,Другие,4,2,1,36990.0,0.0,,0.0,0.0,0.0,36990.0
brandperf-2026-08-03-спб-autoarion-другие,2026-08-03,2026-08,СПБ,Autoarion,autoshkola-autoarion.ru,Другие,3,2,2,122000.0,0.0,,0.0,0.0,0.0,61000.0
brandperf-2026-08-03-спб-autokluch-другие,2026-08-03,2026-08,СПБ,Autokluch,avtoshkola-autokluch.ru,Другие,1,0,0,0.0,0.0,,0.0,0,0,0
brandperf-2026-08-03-спб-autopolus-другие,2026-08-03,2026-08,СПБ,Autopolus,avtoshkola-autopolus.ru,Другие,1,0,0,0.0,0.0,,0.0,0,0,0
brandperf-2026-08-03-спб-dream-auto-другие,2026-08-03,2026-08,СПБ,Dream Auto,dreamautoschool.ru,Другие,15,6,3,179000.0,0.0,,0.0,0.0,0.0,59666.67
brandperf-2026-08-03-спб-dream-auto-яндекс-карты,2026-08-03,2026-08,СПБ,Dream Auto,autoshkola-kolibri.ru · avtoshkola-rulevoi.ru · dream-auto,Яндекс Карты,13,4,0,0.0,0.0,,0.0,0.0,0,0
brandperf-2026-08-03-спб-prestigeavto-прямые-визиты,2026-08-03,2026-08,СПБ,Prestigeavto,avtoshkola-prestigeavto.ru,Прямые визиты,1,0,0,0.0,0.0,,0.0,0,0,0
brandperf-2026-08-03-спб-skorost-прямые-визиты,2026-08-03,2026-08,СПБ,Skorost,autoshkola-skorost.ru,Прямые визиты,1,0,0,0.0,0.0,,0.0,0,0,0
brandperf-2026-08-03-спб-а-поло-другие,2026-08-03,2026-08,СПБ,А-Поло,avtoshkola-apolo.ru,Другие,9,3,2,146000.0,0.0,,0.0,0.0,0.0,73000.0
brandperf-2026-08-03-спб-абсолют-другие,2026-08-03,2026-08,СПБ,Абсолют,avtoshkola-absolut.ru,Другие,3,2,1,29500.0,0.0,,0.0,0.0,0.0,29500.0
brandperf-2026-08-03-спб-автогранд-другие,2026-08-03,2026-08,СПБ,АвтоГранд,avtoshkola-autogrand.ru,Другие,2,1,0,0.0,0.0,,0.0,0.0,0,0
brandperf-2026-08-03-спб-автодраи-в-2гис,2026-08-03,2026-08,СПБ,АвтоДрайв,autodrive-school.ru · pora-za-rul.ru · автодраи-в,2ГИС,21,8,1,82000.0,0.0,,0.0,0.0,0.0,82000.0
brandperf-2026-08-03-спб-автодраи-в-гугл-карты,2026-08-03,2026-08,СПБ,АвтоДрайв,autodrive-school.ru,Гугл Карты,1,1,0,0.0,0.0,,0.0,0.0,0,0
brandperf-2026-08-03-спб-автодраи-в-другие,2026-08-03,2026-08,СПБ,АвтоДрайв,autodrive-school.ru · автодраи-в · автодрайв.спб.рф,Другие,16,7,4,288000.0,0.0,,0.0,0.0,0.0,72000.0
brandperf-2026-08-03-спб-автодраи-в-прямые-визиты,2026-08-03,2026-08,СПБ,АвтоДрайв,autodrive-school.ru,Прямые визиты,4,2,0,0.0,0.0,,0.0,0.0,0,0
brandperf-2026-08-03-спб-автодраи-в-яндекс-карты,2026-08-03,2026-08,СПБ,АвтоДрайв,autodrive-school.ru · автодраи-в · автодрайв.спб.рф,Яндекс Карты,18,7,1,60000.0,0.0,,0.0,0.0,0.0,60000.0
brandperf-2026-08-03-спб-автоклуб-другие,2026-08-03,2026-08,СПБ,АвтоКлуб,avtoshkola-avtoclub.ru,Другие,4,1,1,84000.0,0.0,,0.0,0.0,0.0,84000.0
brandperf-2026-08-03-спб-автомотокласс-гугл-карты,2026-08-03,2026-08,СПБ,АвтоМотоКласс,avtomotospb.ru,Гугл Карты,1,0,0,0.0,0.0,,0.0,0,0,0
brandperf-2026-08-03-спб-автомотокласс-другие,2026-08-03,2026-08,СПБ,АвтоМотоКласс,avtomotospb.ru,Другие,3,0,0,0.0,0.0,,0.0,0,0,0
brandperf-2026-08-03-спб-автонавик-другие,2026-08-03,2026-08,СПБ,АвтоНавик,avtoshkola-autonavik.ru,Другие,3,2,0,0.0,0.0,,0.0,0.0,0,0
brandperf-2026-08-03-спб-автопрофи-другие,2026-08-03,2026-08,СПБ,АвтоПрофи,avtoshkola-avtoprofi.ru,Другие,9,2,0,0.0,0.0,,0.0,0.0,0,0
brandperf-2026-08-03-спб-автосити-2гис,2026-08-03,2026-08,СПБ,АвтоСити,avtoshkola-as.ru,2ГИС,7,2,0,0.0,0.0,,0.0,0.0,0,0
brandperf-2026-08-03-спб-автосити-гугл-карты,2026-08-03,2026-08,СПБ,АвтоСити,avtoshkola-as.ru · avtoshkola-mirazh.ru,Гугл Карты,5,3,0,0.0,0.0,,0.0,0.0,0,0
brandperf-2026-08-03-спб-автосити-другие,2026-08-03,2026-08,СПБ,АвтоСити,avtoshkola-as.ru,Другие,16,8,1,82000.0,0.0,,0.0,0.0,0.0,82000.0
brandperf-2026-08-03-спб-автосити-прямые-визиты,2026-08-03,2026-08,СПБ,АвтоСити,avtoshkola-as.ru,Прямые визиты,1,0,1,29500.0,0.0,,0.0,0,0.0,29500.0
brandperf-2026-08-03-спб-автосити-яндекс-карты,2026-08-03,2026-08,СПБ,АвтоСити,avtoshkola-as.ru · автосити,Яндекс Карты,10,5,0,0.0,0.0,,0.0,0.0,0,0
brandperf-2026-08-03-спб-автолэнд-другие,2026-08-03,2026-08,СПБ,Автолэнд,autolandschool.ru,Другие,13,7,2,144000.0,0.0,,0.0,0.0,0.0,72000.0
brandperf-2026-08-03-спб-автолэнд-яндекс-карты,2026-08-03,2026-08,СПБ,Автолэнд,autolandschool.ru,Яндекс Карты,1,1,0,0.0,0.0,,0.0,0.0,0,0
brandperf-2026-08-03-спб-автошкола-100-другие,2026-08-03,2026-08,СПБ,Автошкола 100,автошкола100.рф,Другие,2,0,0,0.0,0.0,,0.0,0,0,0
brandperf-2026-08-03-спб-академика-другие,2026-08-03,2026-08,СПБ,Академика,академика-спб.рф,Другие,11,4,1,60000.0,0.0,,0.0,0.0,0.0,60000.0
brandperf-2026-08-03-спб-виктория-другие,2026-08-03,2026-08,СПБ,Виктория,autoshkola-victoria.ru,Другие,1,0,0,0.0,0.0,,0.0,0,0,0
brandperf-2026-08-03-спб-гермес-другие,2026-08-03,2026-08,СПБ,Гермес,hermesrf-spb.ru,Другие,13,6,1,65500.0,0.0,,0.0,0.0,0.0,65500.0
brandperf-2026-08-03-спб-гермес-яндекс-карты,2026-08-03,2026-08,СПБ,Гермес,hermesrf-spb.ru · лучшая-автошкола-спб.рф,Яндекс Карты,11,4,0,0.0,0.0,,0.0,0.0,0,0
brandperf-2026-08-03-спб-изи-драи-в-2гис,2026-08-03,2026-08,СПБ,Изи Драйв,autodrive-school.ru · izidrive.ru · изи-драи-в,2ГИС,8,1,0,0.0,0.0,,0.0,0.0,0,0
brandperf-2026-08-03-спб-изи-драи-в-гугл-карты,2026-08-03,2026-08,СПБ,Изи Драйв,izidrive.ru · rallischool.ru · изи-драи-в,Гугл Карты,5,2,0,0.0,0.0,,0.0,0.0,0,0
brandperf-2026-08-03-спб-изи-драи-в-прямые-визиты,2026-08-03,2026-08,СПБ,Изи Драйв,izidrive.ru,Прямые визиты,2,1,0,0.0,0.0,,0.0,0.0,0,0
brandperf-2026-08-03-спб-изи-драи-в-яндекс-карты,2026-08-03,2026-08,СПБ,Изи Драйв,izidrive.msk.ru · izidrive.ru · изи-драи-в,Яндекс Карты,24,14,1,82000.0,0.0,,0.0,0.0,0.0,82000.0
brandperf-2026-08-03-спб-колибри-другие,2026-08-03,2026-08,СПБ,Колибри,autoshkola-kolibri.ru,Другие,5,2,1,82000.0,0.0,,0.0,0.0,0.0,82000.0
brandperf-2026-08-03-спб-колибри-яндекс-карты,2026-08-03,2026-08,СПБ,Колибри,autoshkola-kolibri.ru,Яндекс Карты,1,0,0,0.0,0.0,,0.0,0,0,0
brandperf-2026-08-03-спб-лучшая-автошкола-спб-2гис,2026-08-03,2026-08,СПБ,Лучшая Автошкола Спб,лучшая-автошкола-спб.рф,2ГИС,1,1,0,0.0,0.0,,0.0,0.0,0,0
brandperf-2026-08-03-спб-лучшая-автошкола-спб-seo,2026-08-03,2026-08,СПБ,Лучшая Автошкола Спб,лучшая-автошкола-спб.рф,SEO,2,1,1,65500.0,0.0,,0.0,0.0,0.0,65500.0
brandperf-2026-08-03-спб-лучшая-автошкола-спб-гугл-карты,2026-08-03,2026-08,СПБ,Лучшая Автошкола Спб,лучшая-автошкола-спб.рф,Гугл Карты,1,0,0,0.0,0.0,,0.0,0,0,0
brandperf-2026-08-03-спб-лучшая-автошкола-спб-другие,2026-08-03,2026-08,СПБ,Лучшая Автошкола Спб,лучшая-автошкола-спб.рф,Другие,2,1,0,0.0,0.0,,0.0,0.0,0,0
brandperf-2026-08-03-спб-лучшая-автошкола-спб-прямые-визиты,2026-08-03,2026-08,СПБ,Лучшая Автошкола Спб,лучшая-автошкола-спб.рф,Прямые визиты,6,5,1,82000.0,0.0,,0.0,0.0,0.0,82000.0
brandperf-2026-08-03-спб-лучшая-автошкола-спб-роботы,2026-08-03,2026-08,СПБ,Лучшая Автошкола Спб,лучшая-автошкола-спб.рф,Роботы,3,2,0,0.0,0.0,,0.0,0.0,0,0
brandperf-2026-08-03-спб-лучшая-автошкола-спб-яндекс-директ,2026-08-03,2026-08,СПБ,Лучшая Автошкола Спб,лучшая-автошкола-спб.рф,Яндекс Директ,3,1,0,0.0,0.0,,0.0,0.0,0,0
brandperf-2026-08-03-спб-лучшая-автошкола-спб-яндекс-карты,2026-08-03,2026-08,СПБ,Лучшая Автошкола Спб,лучшая-автошкола-спб.рф,Яндекс Карты,2,1,0,0.0,0.0,,0.0,0.0,0,0
brandperf-2026-08-03-спб-маневр-другие,2026-08-03,2026-08,СПБ,Маневр,autoshkola-manevr.ru,Другие,3,1,0,0.0,0.0,,0.0,0.0,0,0
brandperf-2026-08-03-спб-мираж-другие,2026-08-03,2026-08,СПБ,Мираж,avtoshkola-mirazh.ru,Другие,2,2,0,0.0,0.0,,0.0,0.0,0,0
brandperf-2026-08-03-спб-пора-за-руль-другие,2026-08-03,2026-08,СПБ,Пора за руль,pora-za-rul.ru,Другие,18,7,1,26990.0,0.0,,0.0,0.0,0.0,26990.0
brandperf-2026-08-03-спб-пора-за-руль-яндекс-карты,2026-08-03,2026-08,СПБ,Пора за руль,autoshkola-avtotest.ru · autoshkola-porazarul.ru · avtoshkola-flagmanmsk.ru,Яндекс Карты,25,11,1,37990.0,0.0,,0.0,0.0,0.0,37990.0
brandperf-2026-08-03-спб-ралли-другие,2026-08-03,2026-08,СПБ,Ралли,rallischool.ru,Другие,9,6,3,184490.0,0.0,,0.0,0.0,0.0,61496.67
brandperf-2026-08-03-спб-рулевои-гугл-карты,2026-08-03,2026-08,СПБ,Рулевой,avtoshkola-ruler.ru · avtoshkola-rulevoi.ru,Гугл Карты,2,0,1,65500.0,0.0,,0.0,0,0.0,65500.0
brandperf-2026-08-03-спб-рулевои-другие,2026-08-03,2026-08,СПБ,Рулевой,avtoshkola-rulevoi.ru,Другие,10,4,1,29500.0,0.0,,0.0,0.0,0.0,29500.0
brandperf-2026-08-03-спб-студент-другие,2026-08-03,2026-08,СПБ,Студент,avtoshkola-student.ru,Другие,5,0,0,0.0,0.0,,0.0,0,0,0
brandperf-2026-08-03-спб-топгир-2гис,2026-08-03,2026-08,СПБ,ТопГир,лучшая-автошкола-спб.рф,2ГИС,2,2,0,0.0,0.0,,0.0,0.0,0,0
brandperf-2026-08-03-спб-успех-другие,2026-08-03,2026-08,СПБ,Успех,yspexspb.ru,Другие,7,1,0,0.0,0.0,,0.0,0.0,0,0
brandperf-2026-08-03-спб-центральная-другие,2026-08-03,2026-08,СПБ,Центральная,autoshkola-centralnaya.ru,Другие,2,2,0,0.0,0.0,,0.0,0.0,0,0
brandperf-2026-08-03-спб-штиль-гугл-карты,2026-08-03,2026-08,СПБ,Штиль,avtoshkola-shtil.ru,Гугл Карты,1,0,0,0.0,0.0,,0.0,0,0,0
brandperf-2026-08-03-спб-штиль-другие,2026-08-03,2026-08,СПБ,Штиль,avtoshkola-shtil.ru,Другие,9,5,1,65000.0,0.0,,0.0,0.0,0.0,65000.0
brandperf-2026-08-03-спб-штиль-прямые-визиты,2026-08-03,2026-08,СПБ,Штиль,avtoshkola-shtil.ru,Прямые визиты,1,0,0,0.0,0.0,,0.0,0,0,0
brandperf-2026-08-03-спб-ягуар-другие,2026-08-03,2026-08,СПБ,Ягуар,avtoshkola-yaguarspb.ru,Другие,3,0,0,0.0,0.0,,0.0,0,0,0
brandperf-2026-08-10-мск-alyans-прямые-визиты,2026-08-10,2026-08,МСК,Alyans,autoshkola-alyans.ru,Прямые визиты,1,0,1,43500.0,0.0,,0.0,0,0.0,43500.0
brandperf-2026-08-10-мск-autonefrit-гугл-карты,2026-08-10,2026-08,МСК,Autonefrit,autonefrit.ru,Гугл Карты,1,1,0,0.0,0.0,,0.0,0.0,0,0
brandperf-2026-08-10-мск-autonefrit-другие,2026-08-10,2026-08,МСК,Autonefrit,autonefrit.ru,Другие,3,2,1,36990.0,0.0,,0.0,0.0,0.0,36990.0
brandperf-2026-08-10-мск-axel-другие,2026-08-10,2026-08,МСК,Axel,avtoshkola-axel.ru,Другие,4,2,1,37990.0,0.0,,0.0,0.0,0.0,37990.0
brandperf-2026-08-10-мск-cityavto-другие,2026-08-10,2026-08,МСК,Cityavto,avtoshkola-cityavto.ru,Другие,2,2,1,58990.0,0.0,,0.0,0.0,0.0,58990.0
brandperf-2026-08-10-мск-mclaren-другие,2026-08-10,2026-08,МСК,McLaren,autoshkola-mclaren.ru,Другие,3,2,0,0.0,0.0,,0.0,0.0,0,0
brandperf-2026-08-10-мск-schoolselect-другие,2026-08-10,2026-08,МСК,SchoolSelect,schoolselect.ru,Другие,12,3,0,0.0,0.0,,0.0,0.0,0,0
brandperf-2026-08-10-мск-schoolselect-прямые-визиты,2026-08-10,2026-08,МСК,SchoolSelect,schoolselect.ru,Прямые визиты,2,1,0,0.0,0.0,,0.0,0.0,0,0
brandperf-2026-08-10-мск-schoolselect-яндекс-карты,2026-08-10,2026-08,МСК,SchoolSelect,schoolselect · schoolselect.ru,Яндекс Карты,4,2,2,74980.0,0.0,,0.0,0.0,0.0,37490.0
brandperf-2026-08-10-мск-shkolaamarant-другие,2026-08-10,2026-08,МСК,Shkolaamarant,shkolaamarant.ru,Другие,1,0,0,0.0,0.0,,0.0,0,0,0
brandperf-2026-08-10-мск-smart-другие,2026-08-10,2026-08,МСК,Smart,avtoshkola-smart.ru,Другие,2,1,0,0.0,0.0,,0.0,0.0,0,0
brandperf-2026-08-10-мск-virtuoz-другие,2026-08-10,2026-08,МСК,Virtuoz,avtoshkola-virtuoz.ru,Другие,1,1,0,0.0,0.0,,0.0,0.0,0,0
brandperf-2026-08-10-мск-zarulemmsk-другие,2026-08-10,2026-08,МСК,Zarulemmsk,avtoshkola-zarulemmsk.ru,Другие,1,0,0,0.0,0.0,,0.0,0,0,0
brandperf-2026-08-10-мск-автогуру-другие,2026-08-10,2026-08,МСК,АвтоГуру,autoshkola-guru.ru,Другие,3,2,1,58990.0,0.0,,0.0,0.0,0.0,58990.0
brandperf-2026-08-10-мск-автодраи-в-2гис,2026-08-10,2026-08,МСК,АвтоДрайв,autodrive.msk.ru · автодраи-в · изи-драйв.рф,2ГИС,20,11,4,159470.0,0.0,,0.0,0.0,0.0,39867.5
brandperf-2026-08-10-мск-автодраи-в-гугл-карты,2026-08-10,2026-08,МСК,АвтоДрайв,autodrive.msk.ru · автодраи-в,Гугл Карты,2,1,1,73500.0,0.0,,0.0,0.0,0.0,73500.0
brandperf-2026-08-10-мск-автодраи-в-другие,2026-08-10,2026-08,МСК,АвтоДрайв,autodrive.msk.ru,Другие,31,14,6,244940.0,0.0,,0.0,0.0,0.0,40823.33
brandperf-2026-08-10-мск-автодраи-в-прямые-визиты,2026-08-10,2026-08,МСК,АвтоДрайв,autodrive.msk.ru,Прямые визиты,3,0,0,0.0,0.0,,0.0,0,0,0
brandperf-2026-08-10-мск-автодраи-в-рек-кешбэк,2026-08-10,2026-08,МСК,АвтоДрайв,autodrive.msk.ru,Рек/кешбэк,1,1,1,73500.0,0.0,,0.0,0.0,0.0,73500.0
brandperf-2026-08-10-мск-автодраи-в-яндекс-директ,2026-08-10,2026-08,МСК,АвтоДрайв,автодраи-в,Яндекс Директ,1,0,0,0.0,0.0,,0.0,0,0,0
brandperf-2026-08-10-мск-автодраи-в-яндекс-карты,2026-08-10,2026-08,МСК,АвтоДрайв,autodrive.msk.ru · автодраи-в · изи-драйв.рф,Яндекс Карты,45,15,0,0.0,0.0,,0.0,0.0,0,0
brandperf-2026-08-10-мск-автомобиль-другие,2026-08-10,2026-08,МСК,АвтоМобиль,avtoshkola-automobil.ru,Другие,2,1,0,0.0,0.0,,0.0,0.0,0,0
brandperf-2026-08-10-мск-автомотокласс-прямые-визиты,2026-08-10,2026-08,МСК,АвтоМотоКласс,avtoshkola-automotoklass.ru,Прямые визиты,1,1,0,0.0,0.0,,0.0,0.0,0,0
brandperf-2026-08-10-мск-автонева-другие,2026-08-10,2026-08,МСК,АвтоНева,avtoshkola-auto-neva.ru,Другие,8,0,0,0.0,0.0,,0.0,0,0,0
brandperf-2026-08-10-мск-автоправо-2гис,2026-08-10,2026-08,МСК,АвтоПраво,autoshkola-avtopravo.ru,2ГИС,4,4,0,0.0,0.0,,0.0,0.0,0,0
brandperf-2026-08-10-мск-автоправо-гугл-карты,2026-08-10,2026-08,МСК,АвтоПраво,autoshkola-avtopravo.ru,Гугл Карты,2,0,0,0.0,0.0,,0.0,0,0,0
brandperf-2026-08-10-мск-автоправо-другие,2026-08-10,2026-08,МСК,АвтоПраво,autoshkola-avtopravo.ru,Другие,21,10,4,178890.0,0.0,,0.0,0.0,0.0,44722.5
brandperf-2026-08-10-мск-автоправо-прямые-визиты,2026-08-10,2026-08,МСК,АвтоПраво,autoshkola-avtopravo.ru,Прямые визиты,1,1,0,0.0,0.0,,0.0,0.0,0,0
brandperf-2026-08-10-мск-автоправо-яндекс-карты,2026-08-10,2026-08,МСК,АвтоПраво,autoshkola-avtopravo.ru,Яндекс Карты,8,4,1,37990.0,0.0,,0.0,0.0,0.0,37990.0
brandperf-2026-08-10-мск-автосити-гугл-карты,2026-08-10,2026-08,МСК,АвтоСити,изи-драйв.рф,Гугл Карты,3,0,0,0.0,0.0,,0.0,0,0,0
brandperf-2026-08-10-мск-автосити-яндекс-карты,2026-08-10,2026-08,МСК,АвтоСити,изи-драйв.рф,Яндекс Карты,2,0,0,0.0,0.0,,0.0,0,0,0
brandperf-2026-08-10-мск-автотест-2гис,2026-08-10,2026-08,МСК,АвтоТест,autoshkola-avtotest.ru,2ГИС,1,0,0,0.0,0.0,,0.0,0,0,0
brandperf-2026-08-10-мск-автотест-яндекс-карты,2026-08-10,2026-08,МСК,АвтоТест,autoshkola-avtotest.ru,Яндекс Карты,10,4,2,64980.0,0.0,,0.0,0.0,0.0,32490.0
brandperf-2026-08-10-мск-алонсо-другие,2026-08-10,2026-08,МСК,Алонсо,avtoshkola-alonso.ru,Другие,6,3,3,127480.0,0.0,,0.0,0.0,0.0,42493.33
brandperf-2026-08-10-мск-армада-другие,2026-08-10,2026-08,МСК,Армада,avtoshkola-armada.ru,Другие,2,2,1,42500.0,0.0,,0.0,0.0,0.0,42500.0
brandperf-2026-08-10-мск-атлант-другие,2026-08-10,2026-08,МСК,Атлант,avtoshkola-atlant.ru,Другие,4,3,0,0.0,0.0,,0.0,0.0,0,0
brandperf-2026-08-10-мск-велес-другие,2026-08-10,2026-08,МСК,Велес,avtoshkola-veles.ru,Другие,6,3,1,49500.0,0.0,,0.0,0.0,0.0,49500.0
brandperf-2026-08-10-мск-виадук-другие,2026-08-10,2026-08,МСК,Виадук,avtoshkola-viaduk.ru,Другие,3,2,0,0.0,0.0,,0.0,0.0,0,0
brandperf-2026-08-10-мск-гермес-2гис,2026-08-10,2026-08,МСК,Гермес,hermes-mos.ru · гермес,2ГИС,5,1,0,0.0,0.0,,0.0,0.0,0,0
brandperf-2026-08-10-мск-гермес-seo,2026-08-10,2026-08,МСК,Гермес,hermes-mos.ru,SEO,2,2,0,0.0,0.0,,0.0,0.0,0,0
brandperf-2026-08-10-мск-гермес-гугл-карты,2026-08-10,2026-08,МСК,Гермес,hermes-mos.ru,Гугл Карты,1,0,0,0.0,0.0,,0.0,0,0,0
brandperf-2026-08-10-мск-гермес-другие,2026-08-10,2026-08,МСК,Гермес,hermes-mos.ru,Другие,24,16,9,391910.0,0.0,,0.0,0.0,0.0,43545.56
brandperf-2026-08-10-мск-гермес-прямые-визиты,2026-08-10,2026-08,МСК,Гермес,hermes-mos.ru,Прямые визиты,4,3,2,63980.0,0.0,,0.0,0.0,0.0,31990.0
brandperf-2026-08-10-мск-гермес-яндекс-карты,2026-08-10,2026-08,МСК,Гермес,avtoshkola-atlant.ru · avtoshkola-automobil.ru · avtoshkola-automotoklass.ru,Яндекс Карты,44,23,6,240450.0,0.0,,0.0,0.0,0.0,40075.0
brandperf-2026-08-10-мск-глобал-другие,2026-08-10,2026-08,МСК,Глобал,avtoshkola-global.ru,Другие,2,1,0,0.0,0.0,,0.0,0.0,0,0
brandperf-2026-08-10-мск-изи-драи-в-2гис,2026-08-10,2026-08,МСК,Изи Драйв,izidrive.msk.ru · изи-драйв.рф,2ГИС,13,8,0,0.0,0.0,,0.0,0.0,0,0
brandperf-2026-08-10-мск-изи-драи-в-seo,2026-08-10,2026-08,МСК,Изи Драйв,изи-драйв.рф,SEO,8,2,0,0.0,0.0,,0.0,0.0,0,0
brandperf-2026-08-10-мск-изи-драи-в-гугл-карты,2026-08-10,2026-08,МСК,Изи Драйв,изи-драйв.рф,Гугл Карты,21,7,0,0.0,0.0,,0.0,0.0,0,0
brandperf-2026-08-10-мск-изи-драи-в-другие,2026-08-10,2026-08,МСК,Изи Драйв,izidrive.msk.ru · izidrive.ru · изи-драйв.рф,Другие,51,16,7,286930.0,0.0,,0.0,0.0,0.0,40990.0
brandperf-2026-08-10-мск-изи-драи-в-прямые-визиты,2026-08-10,2026-08,МСК,Изи Драйв,изи-драйв.рф,Прямые визиты,12,4,0,0.0,0.0,,0.0,0.0,0,0
brandperf-2026-08-10-мск-изи-драи-в-роботы,2026-08-10,2026-08,МСК,Изи Драйв,изи-драйв.рф,Роботы,20,3,0,0.0,0.0,,0.0,0.0,0,0
brandperf-2026-08-10-мск-изи-драи-в-яндекс-карты,2026-08-10,2026-08,МСК,Изи Драйв,izidrive.msk.ru · изи-драйв.рф,Яндекс Карты,30,11,1,36990.0,0.0,,0.0,0.0,0.0,36990.0
brandperf-2026-08-10-мск-ланистер-другие,2026-08-10,2026-08,МСК,Ланистер,autoschkola-lanister.ru,Другие,3,1,1,35990.0,0.0,,0.0,0.0,0.0,35990.0
brandperf-2026-08-10-мск-пора-за-руль-seo,2026-08-10,2026-08,МСК,Пора за руль,autoshkola-porazarul.ru,SEO,1,1,1,58990.0,0.0,,0.0,0.0,0.0,58990.0
brandperf-2026-08-10-мск-пора-за-руль-другие,2026-08-10,2026-08,МСК,Пора за руль,autoshkola-poputi.ru,Другие,6,4,1,36990.0,0.0,,0.0,0.0,0.0,36990.0
brandperf-2026-08-10-мск-пора-за-руль-прямые-визиты,2026-08-10,2026-08,МСК,Пора за руль,autoshkola-poputi.ru,Прямые визиты,1,0,0,0.0,0.0,,0.0,0,0,0
brandperf-2026-08-10-мск-пора-за-руль-яндекс-карты,2026-08-10,2026-08,МСК,Пора за руль,autoshkola-porazarul.ru · пора-за-руль,Яндекс Карты,7,5,1,37990.0,0.0,,0.0,0.0,0.0,37990.0
brandperf-2026-08-10-мск-родос-гугл-карты,2026-08-10,2026-08,МСК,Родос,autoshkola-rodos.ru,Гугл Карты,1,0,0,0.0,0.0,,0.0,0,0,0
brandperf-2026-08-10-мск-родос-другие,2026-08-10,2026-08,МСК,Родос,autoshkola-rodos.ru,Другие,4,4,1,26990.0,0.0,,0.0,0.0,0.0,26990.0
brandperf-2026-08-10-мск-рулевои-другие,2026-08-10,2026-08,МСК,Рулевой,avtoshkola-rul.ru · rulevoy-msk.ru,Другие,8,4,0,0.0,0.0,,0.0,0.0,0,0
brandperf-2026-08-10-мск-рулевои-прямые-визиты,2026-08-10,2026-08,МСК,Рулевой,rulevoy-msk.ru,Прямые визиты,1,0,0,0.0,0.0,,0.0,0,0,0
brandperf-2026-08-10-мск-рулевои-яндекс-карты,2026-08-10,2026-08,МСК,Рулевой,rulevoy-msk.ru,Яндекс Карты,1,0,0,0.0,0.0,,0.0,0,0,0
brandperf-2026-08-10-мск-студент-гугл-карты,2026-08-10,2026-08,МСК,Студент,avtoshkola-student.ru,Гугл Карты,1,0,0,0.0,0.0,,0.0,0,0,0
brandperf-2026-08-10-мск-топгир-2гис,2026-08-10,2026-08,МСК,ТопГир,autodrive.msk.ru · autoshkola-avtopravo.ru · avtoshkola-tg.ru,2ГИС,20,6,1,36990.0,0.0,,0.0,0.0,0.0,36990.0
brandperf-2026-08-10-мск-топгир-гугл-карты,2026-08-10,2026-08,МСК,ТопГир,autoshkola-poputi.ru · avtoshkola-tg.ru,Гугл Карты,8,2,1,36990.0,0.0,,0.0,0.0,0.0,36990.0
brandperf-2026-08-10-мск-топгир-другие,2026-08-10,2026-08,МСК,ТопГир,avtoshkola-tg.ru,Другие,12,8,3,135970.0,0.0,,0.0,0.0,0.0,45323.33
brandperf-2026-08-10-мск-топгир-прямые-визиты,2026-08-10,2026-08,МСК,ТопГир,avtoshkola-tg.ru,Прямые визиты,6,2,0,0.0,0.0,,0.0,0.0,0,0
brandperf-2026-08-10-мск-топгир-рек-кешбэк,2026-08-10,2026-08,МСК,ТопГир,avtoshkola-tg.ru,Рек/кешбэк,1,0,0,0.0,0.0,,0.0,0,0,0
brandperf-2026-08-10-мск-топгир-яндекс-карты,2026-08-10,2026-08,МСК,ТопГир,autoshkola-avtotest.ru · avtoshkola-tg.ru,Яндекс Карты,18,10,4,181470.0,0.0,,0.0,0.0,0.0,45367.5
brandperf-2026-08-10-мск-ученик-гугл-карты,2026-08-10,2026-08,МСК,Ученик,avtoshkola-uchenik.ru,Гугл Карты,1,1,1,58990.0,0.0,,0.0,0.0,0.0,58990.0
brandperf-2026-08-10-мск-ученик-другие,2026-08-10,2026-08,МСК,Ученик,avtoshkola-uchenik.ru,Другие,4,1,1,37990.0,0.0,,0.0,0.0,0.0,37990.0
brandperf-2026-08-10-мск-флагман-другие,2026-08-10,2026-08,МСК,Флагман,avtoshkola-flagmanmsk.ru,Другие,4,2,1,35990.0,0.0,,0.0,0.0,0.0,35990.0
brandperf-2026-08-10-спб-artdrive-гугл-карты,2026-08-10,2026-08,СПБ,Artdrive,avtoshkola-artdrive.ru,Гугл Карты,1,0,0,0.0,0.0,,0.0,0,0,0
brandperf-2026-08-10-спб-autokurs-другие,2026-08-10,2026-08,СПБ,Autokurs,autoshkola-autokurs.ru,Другие,1,0,0,0.0,0.0,,0.0,0,0,0
brandperf-2026-08-10-спб-dream-auto-гугл-карты,2026-08-10,2026-08,СПБ,Dream Auto,dreamautoschool.ru,Гугл Карты,2,1,0,0.0,0.0,,0.0,0.0,0,0
brandperf-2026-08-10-спб-dream-auto-другие,2026-08-10,2026-08,СПБ,Dream Auto,dreamautoschool.ru,Другие,6,3,1,70990.0,0.0,,0.0,0.0,0.0,70990.0
brandperf-2026-08-10-спб-dream-auto-яндекс-карты,2026-08-10,2026-08,СПБ,Dream Auto,dreamautoschool.ru,Яндекс Карты,6,3,2,122000.0,0.0,,0.0,0.0,0.0,61000.0
brandperf-2026-08-10-спб-greenlight-другие,2026-08-10,2026-08,СПБ,Greenlight,avtoshkola-greenlight.ru,Другие,1,0,0,0.0,0.0,,0.0,0,0,0
brandperf-2026-08-10-спб-motor-другие,2026-08-10,2026-08,СПБ,Motor,avtoshkola-motor.ru,Другие,2,0,0,0.0,0.0,,0.0,0,0,0
brandperf-2026-08-10-спб-praitauto-гугл-карты,2026-08-10,2026-08,СПБ,Praitauto,avtoshkola-praitauto.ru,Гугл Карты,1,1,1,60000.0,0.0,,0.0,0.0,0.0,60000.0
brandperf-2026-08-10-спб-а-поло-другие,2026-08-10,2026-08,СПБ,А-Поло,avtoshkola-apolo.ru,Другие,5,2,0,0.0,0.0,,0.0,0.0,0,0
brandperf-2026-08-10-спб-автобот-гугл-карты,2026-08-10,2026-08,СПБ,АвтоБот,avtoshkola-avtobot.ru,Гугл Карты,1,0,0,0.0,0.0,,0.0,0,0,0
brandperf-2026-08-10-спб-автобот-другие,2026-08-10,2026-08,СПБ,АвтоБот,avtoshkola-avtobot.ru,Другие,1,0,0,0.0,0.0,,0.0,0,0,0
brandperf-2026-08-10-спб-автогранд-другие,2026-08-10,2026-08,СПБ,АвтоГранд,avtoshkola-autogrand.ru,Другие,3,1,0,0.0,0.0,,0.0,0.0,0,0
brandperf-2026-08-10-спб-автодраи-в-2гис,2026-08-10,2026-08,СПБ,АвтоДрайв,autodrive-school.ru · avtoshkola-auto-neva.ru · izidrive.ru,2ГИС,29,8,2,144000.0,0.0,,0.0,0.0,0.0,72000.0
brandperf-2026-08-10-спб-автодраи-в-seo,2026-08-10,2026-08,СПБ,АвтоДрайв,autodrive-school.ru,SEO,1,1,0,0.0,0.0,,0.0,0.0,0,0
brandperf-2026-08-10-спб-автодраи-в-другие,2026-08-10,2026-08,СПБ,АвтоДрайв,autodrive-school.ru,Другие,12,7,3,199500.0,0.0,,0.0,0.0,0.0,66500.0
brandperf-2026-08-10-спб-автодраи-в-прямые-визиты,2026-08-10,2026-08,СПБ,АвтоДрайв,autodrive-school.ru,Прямые визиты,3,1,0,0.0,0.0,,0.0,0.0,0,0
brandperf-2026-08-10-спб-автодраи-в-рек-кешбэк,2026-08-10,2026-08,СПБ,АвтоДрайв,autodrive-school.ru,Рек/кешбэк,2,0,0,0.0,0.0,,0.0,0,0,0
brandperf-2026-08-10-спб-автодраи-в-яндекс-карты,2026-08-10,2026-08,СПБ,АвтоДрайв,autodrive-school.ru · autodrive.msk.ru · autoshkola-manevr.ru,Яндекс Карты,41,14,3,149500.0,0.0,,0.0,0.0,0.0,49833.33
brandperf-2026-08-10-спб-автомотокласс-гугл-карты,2026-08-10,2026-08,СПБ,АвтоМотоКласс,avtomotospb.ru,Гугл Карты,1,0,0,0.0,0.0,,0.0,0,0,0
brandperf-2026-08-10-спб-автомотокласс-другие,2026-08-10,2026-08,СПБ,АвтоМотоКласс,avtomotospb.ru,Другие,3,3,0,0.0,0.0,,0.0,0.0,0,0
brandperf-2026-08-10-спб-автопрофи-другие,2026-08-10,2026-08,СПБ,АвтоПрофи,avtoshkola-avtoprofi.ru,Другие,1,0,0,0.0,0.0,,0.0,0,0,0
brandperf-2026-08-10-спб-автосити-2гис,2026-08-10,2026-08,СПБ,АвтоСити,avtoshkola-as.ru,2ГИС,4,1,0,0.0,0.0,,0.0,0.0,0,0
brandperf-2026-08-10-спб-автосити-гугл-карты,2026-08-10,2026-08,СПБ,АвтоСити,avtoshkola-as.ru,Гугл Карты,3,1,1,65000.0,0.0,,0.0,0.0,0.0,65000.0
brandperf-2026-08-10-спб-автосити-другие,2026-08-10,2026-08,СПБ,АвтоСити,avtoshkola-as.ru,Другие,14,6,2,89500.0,0.0,,0.0,0.0,0.0,44750.0
brandperf-2026-08-10-спб-автосити-яндекс-карты,2026-08-10,2026-08,СПБ,АвтоСити,avtoshkola-as.ru · avtoshkola-rulevoi.ru · pora-za-rul.ru,Яндекс Карты,19,9,2,142000.0,0.0,,0.0,0.0,0.0,71000.0
brandperf-2026-08-10-спб-автотрек-другие,2026-08-10,2026-08,СПБ,АвтоТрек,avtoshkola-autotrack.ru,Другие,5,0,0,0.0,0.0,,0.0,0,0,0
brandperf-2026-08-10-спб-автолэнд-2гис,2026-08-10,2026-08,СПБ,Автолэнд,autolandschool.ru,2ГИС,1,0,0,0.0,0.0,,0.0,0,0,0
brandperf-2026-08-10-спб-автолэнд-другие,2026-08-10,2026-08,СПБ,Автолэнд,autolandschool.ru,Другие,13,7,3,191000.0,0.0,,0.0,0.0,0.0,63666.67
brandperf-2026-08-10-спб-автолэнд-яндекс-карты,2026-08-10,2026-08,СПБ,Автолэнд,autolandschool.ru,Яндекс Карты,1,0,0,0.0,0.0,,0.0,0,0,0
brandperf-2026-08-10-спб-академика-другие,2026-08-10,2026-08,СПБ,Академика,академика-спб.рф,Другие,18,8,3,151500.0,0.0,,0.0,0.0,0.0,50500.0
brandperf-2026-08-10-спб-виктория-другие,2026-08-10,2026-08,СПБ,Виктория,autoshkola-victoria.ru,Другие,2,1,0,0.0,0.0,,0.0,0.0,0,0
brandperf-2026-08-10-спб-гермес-2гис,2026-08-10,2026-08,СПБ,Гермес,лучшая-автошкола-спб.рф,2ГИС,1,0,0,0.0,0.0,,0.0,0,0,0
brandperf-2026-08-10-спб-гермес-гугл-карты,2026-08-10,2026-08,СПБ,Гермес,hermesrf-spb.ru,Гугл Карты,1,0,0,0.0,0.0,,0.0,0,0,0
brandperf-2026-08-10-спб-гермес-другие,2026-08-10,2026-08,СПБ,Гермес,hermesrf-spb.ru,Другие,5,1,0,0.0,0.0,,0.0,0.0,0,0
brandperf-2026-08-10-спб-гермес-яндекс-карты,2026-08-10,2026-08,СПБ,Гермес,avtoshkola-autonavik.ru · avtoshkola-shtil.ru · hermesrf-spb.ru,Яндекс Карты,23,4,0,0.0,0.0,,0.0,0.0,0,0
brandperf-2026-08-10-спб-движение-другие,2026-08-10,2026-08,СПБ,Движение,autoshkola-dvijenie.ru,Другие,2,0,0,0.0,0.0,,0.0,0,0,0
brandperf-2026-08-10-спб-заправами-гугл-карты,2026-08-10,2026-08,СПБ,ЗаПравами,autoshkola-po-pravilam.ru,Гугл Карты,1,1,0,0.0,0.0,,0.0,0.0,0,0
brandperf-2026-08-10-спб-заправами-другие,2026-08-10,2026-08,СПБ,ЗаПравами,avtoshkola-zapravami.ru,Другие,5,1,0,0.0,0.0,,0.0,0.0,0,0
brandperf-2026-08-10-спб-изи-драи-в-2гис,2026-08-10,2026-08,СПБ,Изи Драйв,izidrive.ru · изи-драи-в,2ГИС,7,0,0,0.0,0.0,,0.0,0,0,0
brandperf-2026-08-10-спб-изи-драи-в-гугл-карты,2026-08-10,2026-08,СПБ,Изи Драйв,izidrive.ru · изи-драи-в,Гугл Карты,2,1,0,0.0,0.0,,0.0,0.0,0,0
brandperf-2026-08-10-спб-изи-драи-в-другие,2026-08-10,2026-08,СПБ,Изи Драйв,izidrive.ru,Другие,22,10,5,241000.0,0.0,,0.0,0.0,0.0,48200.0
brandperf-2026-08-10-спб-изи-драи-в-яндекс-карты,2026-08-10,2026-08,СПБ,Изи Драйв,izidrive.msk.ru · izidrive.ru · pora-za-rul.ru,Яндекс Карты,24,9,2,122000.0,0.0,,0.0,0.0,0.0,61000.0
brandperf-2026-08-10-спб-лучшая-автошкола-спб-2гис,2026-08-10,2026-08,СПБ,Лучшая Автошкола Спб,лучшая-автошкола-спб.рф,2ГИС,2,1,0,0.0,0.0,,0.0,0.0,0,0
brandperf-2026-08-10-спб-лучшая-автошкола-спб-seo,2026-08-10,2026-08,СПБ,Лучшая Автошкола Спб,лучшая-автошкола-спб.рф,SEO,2,2,1,82000.0,0.0,,0.0,0.0,0.0,82000.0
brandperf-2026-08-10-спб-лучшая-автошкола-спб-гугл-карты,2026-08-10,2026-08,СПБ,Лучшая Автошкола Спб,лучшая-автошкола-спб.рф,Гугл Карты,1,0,0,0.0,0.0,,0.0,0,0,0
brandperf-2026-08-10-спб-лучшая-автошкола-спб-другие,2026-08-10,2026-08,СПБ,Лучшая Автошкола Спб,лучшая-автошкола-спб.рф,Другие,1,0,0,0.0,0.0,,0.0,0,0,0
brandperf-2026-08-10-спб-лучшая-автошкола-спб-прямые-визиты,2026-08-10,2026-08,СПБ,Лучшая Автошкола Спб,лучшая-автошкола-спб.рф,Прямые визиты,2,1,0,0.0,0.0,,0.0,0.0,0,0
brandperf-2026-08-10-спб-лучшая-автошкола-спб-роботы,2026-08-10,2026-08,СПБ,Лучшая Автошкола Спб,лучшая-автошкола-спб.рф,Роботы,1,1,0,0.0,0.0,,0.0,0.0,0,0
brandperf-2026-08-10-спб-лучшая-автошкола-спб-яндекс-директ,2026-08-10,2026-08,СПБ,Лучшая Автошкола Спб,лучшая-автошкола-спб.рф,Яндекс Директ,2,1,0,0.0,0.0,,0.0,0.0,0,0
brandperf-2026-08-10-спб-лучшая-автошкола-спб-яндекс-карты,2026-08-10,2026-08,СПБ,Лучшая Автошкола Спб,лучшая-автошкола-спб.рф,Яндекс Карты,9,3,1,60000.0,0.0,,0.0,0.0,0.0,60000.0
brandperf-2026-08-10-спб-мираж-гугл-карты,2026-08-10,2026-08,СПБ,Мираж,avtoshkola-mirazh.ru,Гугл Карты,1,1,0,0.0,0.0,,0.0,0.0,0,0
brandperf-2026-08-10-спб-мираж-другие,2026-08-10,2026-08,СПБ,Мираж,avtoshkola-mirazh.ru,Другие,1,1,1,60000.0,0.0,,0.0,0.0,0.0,60000.0
brandperf-2026-08-10-спб-пора-за-руль-другие,2026-08-10,2026-08,СПБ,Пора за руль,pora-za-rul.ru,Другие,18,12,3,184000.0,0.0,,0.0,0.0,0.0,61333.33
brandperf-2026-08-10-спб-пора-за-руль-яндекс-карты,2026-08-10,2026-08,СПБ,Пора за руль,pora-za-rul.ru,Яндекс Карты,9,4,1,26990.0,0.0,,0.0,0.0,0.0,26990.0
brandperf-2026-08-10-спб-рулевои-гугл-карты,2026-08-10,2026-08,СПБ,Рулевой,avtoshkola-rulevoi.ru,Гугл Карты,1,0,0,0.0,0.0,,0.0,0,0,0
brandperf-2026-08-10-спб-рулевои-другие,2026-08-10,2026-08,СПБ,Рулевой,avtoshkola-rulevoi.ru,Другие,8,4,0,0.0,0.0,,0.0,0.0,0,0
brandperf-2026-08-10-спб-студент-другие,2026-08-10,2026-08,СПБ,Студент,avtoshkola-student.ru,Другие,9,2,0,0.0,0.0,,0.0,0.0,0,0
brandperf-2026-08-10-спб-топгир-2гис,2026-08-10,2026-08,СПБ,ТопГир,лучшая-автошкола-спб.рф,2ГИС,1,0,0,0.0,0.0,,0.0,0,0,0
brandperf-2026-08-10-спб-успех-другие,2026-08-10,2026-08,СПБ,Успех,yspexspb.ru,Другие,1,1,0,0.0,0.0,,0.0,0.0,0,0
brandperf-2026-08-10-спб-успех-прямые-визиты,2026-08-10,2026-08,СПБ,Успех,yspexspb.ru,Прямые визиты,1,0,0,0.0,0.0,,0.0,0,0,0
brandperf-2026-08-10-спб-форвард-другие,2026-08-10,2026-08,СПБ,Форвард,avtoshkola-forvard.ru,Другие,1,1,0,0.0,0.0,,0.0,0.0,0,0
brandperf-2026-08-10-спб-штиль-другие,2026-08-10,2026-08,СПБ,Штиль,avtoshkola-shtil.ru,Другие,1,1,0,0.0,0.0,,0.0,0.0,0,0
brandperf-2026-08-10-спб-ягуар-другие,2026-08-10,2026-08,СПБ,Ягуар,avtoshkola-yaguarspb.ru,Другие,1,0,0,0.0,0.0,,0.0,0,0,0
brandperf-2026-08-17-мск-autonefrit-другие,2026-08-17,2026-08,МСК,Autonefrit,autonefrit.ru,Другие,2,2,0,0.0,0.0,,0.0,0.0,0,0
brandperf-2026-08-17-мск-axel-гугл-карты,2026-08-17,2026-08,МСК,Axel,avtoshkola-axel.ru,Гугл Карты,1,1,0,0.0,0.0,,0.0,0.0,0,0
brandperf-2026-08-17-мск-cityavto-другие,2026-08-17,2026-08,МСК,Cityavto,avtoshkola-cityavto.ru,Другие,1,0,0,0.0,0.0,,0.0,0,0,0
brandperf-2026-08-17-мск-mclaren-гугл-карты,2026-08-17,2026-08,МСК,McLaren,autoshkola-mclaren.ru,Гугл Карты,1,1,1,49500.0,0.0,,0.0,0.0,0.0,49500.0
brandperf-2026-08-17-мск-mclaren-другие,2026-08-17,2026-08,МСК,McLaren,autoshkola-mclaren.ru,Другие,3,1,1,27000.0,0.0,,0.0,0.0,0.0,27000.0
brandperf-2026-08-17-мск-schoolselect-другие,2026-08-17,2026-08,МСК,SchoolSelect,schoolselect.ru,Другие,4,1,0,0.0,0.0,,0.0,0.0,0,0
brandperf-2026-08-17-мск-schoolselect-яндекс-карты,2026-08-17,2026-08,МСК,SchoolSelect,schoolselect.ru,Яндекс Карты,2,1,0,0.0,0.0,,0.0,0.0,0,0
brandperf-2026-08-17-мск-skyauto-другие,2026-08-17,2026-08,МСК,SkyAuto,avtoshkola-skyauto.ru,Другие,1,0,0,0.0,0.0,,0.0,0,0,0
brandperf-2026-08-17-мск-smart-другие,2026-08-17,2026-08,МСК,Smart,avtoshkola-smart.ru,Другие,1,0,0,0.0,0.0,,0.0,0,0,0
brandperf-2026-08-17-мск-автогуру-другие,2026-08-17,2026-08,МСК,АвтоГуру,autoshkola-guru.ru,Другие,3,0,0,0.0,0.0,,0.0,0,0,0
brandperf-2026-08-17-мск-автодраи-в-2гис,2026-08-17,2026-08,МСК,АвтоДрайв,autodrive.msk.ru · autoshkola-avtopravo.ru · автодраи-в,2ГИС,28,7,3,147490.0,0.0,,0.0,0.0,0.0,49163.33
brandperf-2026-08-17-мск-автодраи-в-гугл-карты,2026-08-17,2026-08,МСК,АвтоДрайв,изи-драйв.рф,Гугл Карты,2,0,0,0.0,0.0,,0.0,0,0,0
brandperf-2026-08-17-мск-автодраи-в-другие,2026-08-17,2026-08,МСК,АвтоДрайв,autodrive.msk.ru,Другие,18,14,10,367420.0,0.0,,0.0,0.0,0.0,36742.0
brandperf-2026-08-17-мск-автодраи-в-прямые-визиты,2026-08-17,2026-08,МСК,АвтоДрайв,autodrive.msk.ru,Прямые визиты,5,2,0,0.0,0.0,,0.0,0.0,0,0
brandperf-2026-08-17-мск-автодраи-в-рек-кешбэк,2026-08-17,2026-08,МСК,АвтоДрайв,autodrive.msk.ru,Рек/кешбэк,1,1,1,36990.0,0.0,,0.0,0.0,0.0,36990.0
brandperf-2026-08-17-мск-автодраи-в-яндекс-директ,2026-08-17,2026-08,МСК,АвтоДрайв,автодраи-в,Яндекс Директ,1,0,0,0.0,0.0,,0.0,0,0,0
brandperf-2026-08-17-мск-автодраи-в-яндекс-карты,2026-08-17,2026-08,МСК,АвтоДрайв,autodrive.msk.ru · автодраи-в · изи-драйв.рф,Яндекс Карты,32,11,0,0.0,0.0,,0.0,0.0,0,0
brandperf-2026-08-17-мск-автомск-другие,2026-08-17,2026-08,МСК,АвтоМСК,avtoshkola-avtomsk.ru,Другие,4,2,0,0.0,0.0,,0.0,0.0,0,0
brandperf-2026-08-17-мск-автомобиль-другие,2026-08-17,2026-08,МСК,АвтоМобиль,avtoshkola-automobil.ru,Другие,6,3,1,54990.0,0.0,,0.0,0.0,0.0,54990.0
brandperf-2026-08-17-мск-автонева-другие,2026-08-17,2026-08,МСК,АвтоНева,avtoshkola-auto-neva.ru,Другие,7,3,0,0.0,0.0,,0.0,0.0,0,0
brandperf-2026-08-17-мск-автоправо-2гис,2026-08-17,2026-08,МСК,АвтоПраво,autoshkola-avtopravo.ru,2ГИС,8,2,0,0.0,0.0,,0.0,0.0,0,0
brandperf-2026-08-17-мск-автоправо-гугл-карты,2026-08-17,2026-08,МСК,АвтоПраво,autoshkola-avtopravo.ru,Гугл Карты,4,1,0,0.0,0.0,,0.0,0.0,0,0
brandperf-2026-08-17-мск-автоправо-другие,2026-08-17,2026-08,МСК,АвтоПраво,autoshkola-avtopravo.ru,Другие,20,10,5,210960.0,0.0,,0.0,0.0,0.0,42192.0
brandperf-2026-08-17-мск-автоправо-прямые-визиты,2026-08-17,2026-08,МСК,АвтоПраво,autoshkola-avtopravo.ru,Прямые визиты,2,1,1,58990.0,0.0,,0.0,0.0,0.0,58990.0
brandperf-2026-08-17-мск-автоправо-рек-кешбэк,2026-08-17,2026-08,МСК,АвтоПраво,autoshkola-avtopravo.ru,Рек/кешбэк,2,2,1,58990.0,0.0,,0.0,0.0,0.0,58990.0
brandperf-2026-08-17-мск-автоправо-яндекс-карты,2026-08-17,2026-08,МСК,АвтоПраво,autoshkola-avtopravo.ru · avtoshkola-alonso.ru · schoolselect.ru,Яндекс Карты,7,2,0,0.0,0.0,,0.0,0.0,0,0
brandperf-2026-08-17-мск-автосити-яндекс-карты,2026-08-17,2026-08,МСК,АвтоСити,изи-драйв.рф,Яндекс Карты,7,2,0,0.0,0.0,,0.0,0.0,0,0
brandperf-2026-08-17-мск-автотест-2гис,2026-08-17,2026-08,МСК,АвтоТест,autoshkola-avtotest.ru,2ГИС,1,1,0,0.0,0.0,,0.0,0.0,0,0
brandperf-2026-08-17-мск-автотест-яндекс-карты,2026-08-17,2026-08,МСК,АвтоТест,autoshkola-avtotest.ru,Яндекс Карты,4,4,0,0.0,0.0,,0.0,0.0,0,0
brandperf-2026-08-17-мск-армада-2гис,2026-08-17,2026-08,МСК,Армада,avtoshkola-armada.ru,2ГИС,1,0,0,0.0,0.0,,0.0,0,0,0
brandperf-2026-08-17-мск-армада-другие,2026-08-17,2026-08,МСК,Армада,avtoshkola-armada.ru,Другие,2,0,0,0.0,0.0,,0.0,0,0,0
brandperf-2026-08-17-мск-атлант-другие,2026-08-17,2026-08,МСК,Атлант,avtoshkola-atlant.ru,Другие,11,8,1,59990.0,0.0,,0.0,0.0,0.0,59990.0
brandperf-2026-08-17-мск-велес-гугл-карты,2026-08-17,2026-08,МСК,Велес,avtoshkola-veles.ru,Гугл Карты,1,0,0,0.0,0.0,,0.0,0,0,0
brandperf-2026-08-17-мск-велес-другие,2026-08-17,2026-08,МСК,Велес,avtoshkola-veles.ru,Другие,4,1,0,0.0,0.0,,0.0,0.0,0,0
brandperf-2026-08-17-мск-гермес-2гис,2026-08-17,2026-08,МСК,Гермес,hermes-mos.ru · гермес · изи-драйв.рф,2ГИС,4,0,0,0.0,0.0,,0.0,0,0,0
brandperf-2026-08-17-мск-гермес-другие,2026-08-17,2026-08,МСК,Гермес,hermes-mos.ru,Другие,47,29,11,416910.0,0.0,,0.0,0.0,0.0,37900.91
brandperf-2026-08-17-мск-гермес-прямые-визиты,2026-08-17,2026-08,МСК,Гермес,hermes-mos.ru,Прямые визиты,2,1,0,0.0,0.0,,0.0,0.0,0,0
brandperf-2026-08-17-мск-гермес-яндекс-карты,2026-08-17,2026-08,МСК,Гермес,autoshkola-avtotest.ru · hermes-mos.ru · hermesrf-spb.ru,Яндекс Карты,45,20,3,136480.0,0.0,,0.0,0.0,0.0,45493.33
brandperf-2026-08-17-мск-изи-драи-в-2гис,2026-08-17,2026-08,МСК,Изи Драйв,avtoshkola-avtomsk.ru · izidrive.msk.ru · изи-драйв.рф,2ГИС,24,4,2,63980.0,0.0,,0.0,0.0,0.0,31990.0
brandperf-2026-08-17-мск-изи-драи-в-seo,2026-08-17,2026-08,МСК,Изи Драйв,изи-драйв.рф,SEO,3,2,0,0.0,0.0,,0.0,0.0,0,0
brandperf-2026-08-17-мск-изи-драи-в-гугл-карты,2026-08-17,2026-08,МСК,Изи Драйв,изи-драйв.рф,Гугл Карты,13,4,0,0.0,0.0,,0.0,0.0,0,0
brandperf-2026-08-17-мск-изи-драи-в-другие,2026-08-17,2026-08,МСК,Изи Драйв,izidrive.msk.ru,Другие,32,15,3,125480.0,0.0,,0.0,0.0,0.0,41826.67
brandperf-2026-08-17-мск-изи-драи-в-прямые-визиты,2026-08-17,2026-08,МСК,Изи Драйв,изи-драйв.рф,Прямые визиты,13,3,0,0.0,0.0,,0.0,0.0,0,0
brandperf-2026-08-17-мск-изи-драи-в-роботы,2026-08-17,2026-08,МСК,Изи Драйв,изи-драйв.рф,Роботы,11,2,0,0.0,0.0,,0.0,0.0,0,0
brandperf-2026-08-17-мск-изи-драи-в-яндекс-директ,2026-08-17,2026-08,МСК,Изи Драйв,izidrive.msk.ru,Яндекс Директ,1,0,0,0.0,0.0,,0.0,0,0,0
brandperf-2026-08-17-мск-изи-драи-в-яндекс-карты,2026-08-17,2026-08,МСК,Изи Драйв,izidrive.msk.ru · изи-драйв.рф,Яндекс Карты,52,10,0,0.0,0.0,,0.0,0.0,0,0
brandperf-2026-08-17-мск-пора-за-руль-гугл-карты,2026-08-17,2026-08,МСК,Пора за руль,autoshkola-poputi.ru,Гугл Карты,1,1,0,0.0,0.0,,0.0,0.0,0,0
brandperf-2026-08-17-мск-пора-за-руль-другие,2026-08-17,2026-08,МСК,Пора за руль,autoshkola-poputi.ru,Другие,4,3,1,58990.0,0.0,,0.0,0.0,0.0,58990.0
brandperf-2026-08-17-мск-пора-за-руль-прямые-визиты,2026-08-17,2026-08,МСК,Пора за руль,autoshkola-porazarul.ru,Прямые визиты,3,2,0,0.0,0.0,,0.0,0.0,0,0
brandperf-2026-08-17-мск-пора-за-руль-яндекс-карты,2026-08-17,2026-08,МСК,Пора за руль,autoshkola-porazarul.ru,Яндекс Карты,7,4,2,62500.0,0.0,,0.0,0.0,0.0,31250.0
brandperf-2026-08-17-мск-ралли-другие,2026-08-17,2026-08,МСК,Ралли,rallishop.ru,Другие,8,2,0,0.0,0.0,,0.0,0.0,0,0
brandperf-2026-08-17-мск-родос-гугл-карты,2026-08-17,2026-08,МСК,Родос,autoshkola-rodos.ru,Гугл Карты,1,1,1,36990.0,0.0,,0.0,0.0,0.0,36990.0
brandperf-2026-08-17-мск-родос-другие,2026-08-17,2026-08,МСК,Родос,autoshkola-rodos.ru,Другие,4,3,0,0.0,0.0,,0.0,0.0,0,0
brandperf-2026-08-17-мск-родос-прямые-визиты,2026-08-17,2026-08,МСК,Родос,autoshkola-rodos.ru,Прямые визиты,1,0,0,0.0,0.0,,0.0,0,0,0
brandperf-2026-08-17-мск-рулевои-гугл-карты,2026-08-17,2026-08,МСК,Рулевой,rulevoy-msk.ru,Гугл Карты,1,0,0,0.0,0.0,,0.0,0,0,0
brandperf-2026-08-17-мск-рулевои-другие,2026-08-17,2026-08,МСК,Рулевой,avtoshkola-rul.ru · rulevoy-msk.ru,Другие,7,2,1,37990.0,0.0,,0.0,0.0,0.0,37990.0
brandperf-2026-08-17-мск-рулевои-яндекс-карты,2026-08-17,2026-08,МСК,Рулевой,rulevoy-msk.ru,Яндекс Карты,1,0,0,0.0,0.0,,0.0,0,0,0
brandperf-2026-08-17-мск-студент-гугл-карты,2026-08-17,2026-08,МСК,Студент,avtoshkola-student.ru,Гугл Карты,2,0,0,0.0,0.0,,0.0,0,0,0
brandperf-2026-08-17-мск-топгир-2гис,2026-08-17,2026-08,МСК,ТопГир,avtoshkola-tg.ru · изи-драйв.рф,2ГИС,22,4,1,59500.0,0.0,,0.0,0.0,0.0,59500.0
brandperf-2026-08-17-мск-топгир-гугл-карты,2026-08-17,2026-08,МСК,ТопГир,avtoshkola-tg.ru,Гугл Карты,13,7,2,76490.0,0.0,,0.0,0.0,0.0,38245.0
brandperf-2026-08-17-мск-топгир-другие,2026-08-17,2026-08,МСК,ТопГир,avtoshkola-tg.ru,Другие,1,0,0,0.0,0.0,,0.0,0,0,0
brandperf-2026-08-17-мск-топгир-прямые-визиты,2026-08-17,2026-08,МСК,ТопГир,avtoshkola-tg.ru,Прямые визиты,8,4,3,101970.0,0.0,,0.0,0.0,0.0,33990.0
brandperf-2026-08-17-мск-топгир-рек-кешбэк,2026-08-17,2026-08,МСК,ТопГир,avtoshkola-tg.ru,Рек/кешбэк,2,2,0,0.0,0.0,,0.0,0.0,0,0
brandperf-2026-08-17-мск-топгир-яндекс-карты,2026-08-17,2026-08,МСК,ТопГир,avtoshkola-tg.ru · топгир,Яндекс Карты,19,8,0,0.0,0.0,,0.0,0.0,0,0
brandperf-2026-08-17-мск-флагман-другие,2026-08-17,2026-08,МСК,Флагман,avtoshkola-flagmanmsk.ru,Другие,2,0,0,0.0,0.0,,0.0,0,0,0
brandperf-2026-08-17-спб-autoarion-другие,2026-08-17,2026-08,СПБ,Autoarion,autoshkola-autoarion.ru,Другие,1,1,0,0.0,0.0,,0.0,0.0,0,0
brandperf-2026-08-17-спб-automotors-другие,2026-08-17,2026-08,СПБ,Automotors,avtoshkola-automotors.ru,Другие,1,0,0,0.0,0.0,,0.0,0,0,0
brandperf-2026-08-17-спб-dream-auto-гугл-карты,2026-08-17,2026-08,СПБ,Dream Auto,dreamautoschool.ru,Гугл Карты,1,0,0,0.0,0.0,,0.0,0,0,0
brandperf-2026-08-17-спб-dream-auto-другие,2026-08-17,2026-08,СПБ,Dream Auto,dreamautoschool.ru,Другие,4,3,0,0.0,0.0,,0.0,0.0,0,0
brandperf-2026-08-17-спб-dream-auto-яндекс-карты,2026-08-17,2026-08,СПБ,Dream Auto,autoshkola-manevr.ru · dreamautoschool.ru,Яндекс Карты,16,3,1,88000.0,0.0,,0.0,0.0,0.0,88000.0
brandperf-2026-08-17-спб-а-поло-другие,2026-08-17,2026-08,СПБ,А-Поло,avtoshkola-apolo.ru,Другие,3,1,0,0.0,0.0,,0.0,0.0,0,0
brandperf-2026-08-17-спб-абсолют-гугл-карты,2026-08-17,2026-08,СПБ,Абсолют,avtoshkola-absolut.ru,Гугл Карты,1,1,0,0.0,0.0,,0.0,0.0,0,0
brandperf-2026-08-17-спб-автогранд-другие,2026-08-17,2026-08,СПБ,АвтоГранд,avtoshkola-autogrand.ru,Другие,1,0,0,0.0,0.0,,0.0,0,0,0
brandperf-2026-08-17-спб-автодраи-в-2гис,2026-08-17,2026-08,СПБ,АвтоДрайв,autodrive-school.ru · автодраи-в · лучшая-автошкола-спб.рф,2ГИС,17,10,3,182000.0,0.0,,0.0,0.0,0.0,60666.67
brandperf-2026-08-17-спб-автодраи-в-seo,2026-08-17,2026-08,СПБ,АвтоДрайв,autodrive-school.ru · автодрайв.спб.рф,SEO,4,1,1,62000.0,0.0,,0.0,0.0,0.0,62000.0
brandperf-2026-08-17-спб-автодраи-в-гугл-карты,2026-08-17,2026-08,СПБ,АвтоДрайв,автодраи-в,Гугл Карты,2,0,0,0.0,0.0,,0.0,0,0,0
brandperf-2026-08-17-спб-автодраи-в-другие,2026-08-17,2026-08,СПБ,АвтоДрайв,autodrive-school.ru,Другие,5,2,1,65500.0,0.0,,0.0,0.0,0.0,65500.0
brandperf-2026-08-17-спб-автодраи-в-прямые-визиты,2026-08-17,2026-08,СПБ,АвтоДрайв,autodrive-school.ru · автодрайв.спб.рф,Прямые визиты,4,2,0,0.0,0.0,,0.0,0.0,0,0
brandperf-2026-08-17-спб-автодраи-в-рек-кешбэк,2026-08-17,2026-08,СПБ,АвтоДрайв,autodrive-school.ru,Рек/кешбэк,3,1,0,0.0,0.0,,0.0,0.0,0,0
brandperf-2026-08-17-спб-автодраи-в-роботы,2026-08-17,2026-08,СПБ,АвтоДрайв,автодрайв.спб.рф,Роботы,1,1,0,0.0,0.0,,0.0,0.0,0,0
brandperf-2026-08-17-спб-автодраи-в-яндекс-карты,2026-08-17,2026-08,СПБ,АвтоДрайв,autodrive-school.ru · avtoshkola-artdrive.ru · автодраи-в,Яндекс Карты,21,8,3,207500.0,0.0,,0.0,0.0,0.0,69166.67
brandperf-2026-08-17-спб-автоклуб-гугл-карты,2026-08-17,2026-08,СПБ,АвтоКлуб,avtoshkola-avtoclub.ru,Гугл Карты,1,1,1,82000.0,0.0,,0.0,0.0,0.0,82000.0
brandperf-2026-08-17-спб-автоклуб-другие,2026-08-17,2026-08,СПБ,АвтоКлуб,avtoshkola-avtoclub.ru,Другие,4,0,0,0.0,0.0,,0.0,0,0,0
brandperf-2026-08-17-спб-автолеон-другие,2026-08-17,2026-08,СПБ,АвтоЛеон,avtoshkola-autoleon.ru,Другие,2,0,0,0.0,0.0,,0.0,0,0,0
brandperf-2026-08-17-спб-автомотокласс-гугл-карты,2026-08-17,2026-08,СПБ,АвтоМотоКласс,автомотокласс,Гугл Карты,1,0,0,0.0,0.0,,0.0,0,0,0
brandperf-2026-08-17-спб-автомотокласс-другие,2026-08-17,2026-08,СПБ,АвтоМотоКласс,avtomotospb.ru · avtoshkola-automotoklass.ru,Другие,2,1,0,0.0,0.0,,0.0,0.0,0,0
brandperf-2026-08-17-спб-автонавик-другие,2026-08-17,2026-08,СПБ,АвтоНавик,avtoshkola-autonavik.ru,Другие,5,3,0,0.0,0.0,,0.0,0.0,0,0
brandperf-2026-08-17-спб-автосити-2гис,2026-08-17,2026-08,СПБ,АвтоСити,avtoshkola-as.ru,2ГИС,3,0,0,0.0,0.0,,0.0,0,0,0
brandperf-2026-08-17-спб-автосити-гугл-карты,2026-08-17,2026-08,СПБ,АвтоСити,avtoshkola-as.ru,Гугл Карты,2,2,0,0.0,0.0,,0.0,0.0,0,0
brandperf-2026-08-17-спб-автосити-другие,2026-08-17,2026-08,СПБ,АвтоСити,avtoshkola-as.ru,Другие,12,6,0,0.0,0.0,,0.0,0.0,0,0
brandperf-2026-08-17-спб-автосити-яндекс-карты,2026-08-17,2026-08,СПБ,АвтоСити,avtoshkola-as.ru · автосити · академика-спб.рф,Яндекс Карты,18,6,1,29500.0,0.0,,0.0,0.0,0.0,29500.0
brandperf-2026-08-17-спб-автотрек-другие,2026-08-17,2026-08,СПБ,АвтоТрек,avtoshkola-autotrack.ru,Другие,3,1,0,0.0,0.0,,0.0,0.0,0,0
brandperf-2026-08-17-спб-автолэнд-другие,2026-08-17,2026-08,СПБ,Автолэнд,autolandschool.ru,Другие,17,7,3,206000.0,0.0,,0.0,0.0,0.0,68666.67
brandperf-2026-08-17-спб-автолэнд-прямые-визиты,2026-08-17,2026-08,СПБ,Автолэнд,autolandschool.ru,Прямые визиты,1,1,0,0.0,0.0,,0.0,0.0,0,0
brandperf-2026-08-17-спб-автолэнд-яндекс-карты,2026-08-17,2026-08,СПБ,Автолэнд,autolandschool.ru,Яндекс Карты,1,1,1,82000.0,0.0,,0.0,0.0,0.0,82000.0
brandperf-2026-08-17-спб-автошкола-100-другие,2026-08-17,2026-08,СПБ,Автошкола 100,автошкола100.рф,Другие,5,1,0,0.0,0.0,,0.0,0.0,0,0
brandperf-2026-08-17-спб-академика-другие,2026-08-17,2026-08,СПБ,Академика,академика-спб.рф,Другие,15,5,0,0.0,0.0,,0.0,0.0,0,0
brandperf-2026-08-17-спб-академика-яндекс-карты,2026-08-17,2026-08,СПБ,Академика,академика-спб.рф,Яндекс Карты,1,1,0,0.0,0.0,,0.0,0.0,0,0
brandperf-2026-08-17-спб-виктория-другие,2026-08-17,2026-08,СПБ,Виктория,autoshkola-victoria.ru,Другие,2,0,0,0.0,0.0,,0.0,0,0,0
brandperf-2026-08-17-спб-гермес-другие,2026-08-17,2026-08,СПБ,Гермес,hermesrf-spb.ru,Другие,5,2,0,0.0,0.0,,0.0,0.0,0,0
brandperf-2026-08-17-спб-гермес-яндекс-карты,2026-08-17,2026-08,СПБ,Гермес,avtoshkola-as.ru · hermesrf-spb.ru,Яндекс Карты,9,7,1,65500.0,0.0,,0.0,0.0,0.0,65500.0
brandperf-2026-08-17-спб-движение-другие,2026-08-17,2026-08,СПБ,Движение,autoshkola-dvijenie.ru,Другие,1,0,0,0.0,0.0,,0.0,0,0,0
brandperf-2026-08-17-спб-заправами-гугл-карты,2026-08-17,2026-08,СПБ,ЗаПравами,avtoshkola-zapravami.ru · заправами,Гугл Карты,4,2,0,0.0,0.0,,0.0,0.0,0,0
brandperf-2026-08-17-спб-заправами-другие,2026-08-17,2026-08,СПБ,ЗаПравами,avtoshkola-zapravami.ru,Другие,4,3,0,0.0,0.0,,0.0,0.0,0,0
brandperf-2026-08-17-спб-изи-драи-в-2гис,2026-08-17,2026-08,СПБ,Изи Драйв,izidrive.ru · изи-драи-в,2ГИС,4,2,1,60000.0,0.0,,0.0,0.0,0.0,60000.0
brandperf-2026-08-17-спб-изи-драи-в-гугл-карты,2026-08-17,2026-08,СПБ,Изи Драйв,izidrive.ru · изи-драи-в,Гугл Карты,3,0,0,0.0,0.0,,0.0,0,0,0
brandperf-2026-08-17-спб-изи-драи-в-другие,2026-08-17,2026-08,СПБ,Изи Драйв,izidrive.ru,Другие,12,3,0,0.0,0.0,,0.0,0.0,0,0
brandperf-2026-08-17-спб-изи-драи-в-прямые-визиты,2026-08-17,2026-08,СПБ,Изи Драйв,izidrive.ru,Прямые визиты,1,0,0,0.0,0.0,,0.0,0,0,0
brandperf-2026-08-17-спб-изи-драи-в-яндекс-карты,2026-08-17,2026-08,СПБ,Изи Драйв,izidrive.msk.ru · izidrive.ru · изи-драи-в,Яндекс Карты,18,5,0,0.0,0.0,,0.0,0.0,0,0
brandperf-2026-08-17-спб-лучшая-автошкола-спб-seo,2026-08-17,2026-08,СПБ,Лучшая Автошкола Спб,лучшая-автошкола-спб.рф,SEO,5,2,0,0.0,0.0,,0.0,0.0,0,0
brandperf-2026-08-17-спб-лучшая-автошкола-спб-гугл-карты,2026-08-17,2026-08,СПБ,Лучшая Автошкола Спб,лучшая-автошкола-спб.рф,Гугл Карты,1,1,0,0.0,0.0,,0.0,0.0,0,0
brandperf-2026-08-17-спб-лучшая-автошкола-спб-прямые-визиты,2026-08-17,2026-08,СПБ,Лучшая Автошкола Спб,лучшая-автошкола-спб.рф,Прямые визиты,3,1,0,0.0,0.0,,0.0,0.0,0,0
brandperf-2026-08-17-спб-лучшая-автошкола-спб-роботы,2026-08-17,2026-08,СПБ,Лучшая Автошкола Спб,лучшая-автошкола-спб.рф,Роботы,5,2,0,0.0,0.0,,0.0,0.0,0,0
brandperf-2026-08-17-спб-лучшая-автошкола-спб-яндекс-директ,2026-08-17,2026-08,СПБ,Лучшая Автошкола Спб,лучшая-автошкола-спб.рф,Яндекс Директ,1,1,0,0.0,0.0,,0.0,0.0,0,0
brandperf-2026-08-17-спб-лучшая-автошкола-спб-яндекс-карты,2026-08-17,2026-08,СПБ,Лучшая Автошкола Спб,лучшая-автошкола-спб.рф,Яндекс Карты,4,0,0,0.0,0.0,,0.0,0,0,0
brandperf-2026-08-17-спб-мираж-гугл-карты,2026-08-17,2026-08,СПБ,Мираж,avtoshkola-mirazh.ru,Гугл Карты,1,0,0,0.0,0.0,,0.0,0,0,0
brandperf-2026-08-17-спб-пора-за-руль-другие,2026-08-17,2026-08,СПБ,Пора за руль,pora-za-rul.ru,Другие,25,8,2,125500.0,0.0,,0.0,0.0,0.0,62750.0
brandperf-2026-08-17-спб-пора-за-руль-яндекс-карты,2026-08-17,2026-08,СПБ,Пора за руль,autoshkola-avtotest.ru · pora-za-rul.ru,Яндекс Карты,11,4,1,36990.0,0.0,,0.0,0.0,0.0,36990.0
brandperf-2026-08-17-спб-ралли-другие,2026-08-17,2026-08,СПБ,Ралли,rallischool.ru,Другие,8,3,2,122000.0,0.0,,0.0,0.0,0.0,61000.0
brandperf-2026-08-17-спб-рулевои-другие,2026-08-17,2026-08,СПБ,Рулевой,avtoshkola-rulevoi.ru,Другие,14,5,1,62000.0,0.0,,0.0,0.0,0.0,62000.0
brandperf-2026-08-17-спб-студент-другие,2026-08-17,2026-08,СПБ,Студент,avtoshkola-student.ru,Другие,7,1,0,0.0,0.0,,0.0,0.0,0,0
brandperf-2026-08-17-спб-топгир-2гис,2026-08-17,2026-08,СПБ,ТопГир,лучшая-автошкола-спб.рф,2ГИС,2,1,0,0.0,0.0,,0.0,0.0,0,0
brandperf-2026-08-17-спб-успех-другие,2026-08-17,2026-08,СПБ,Успех,yspexspb.ru,Другие,5,1,0,0.0,0.0,,0.0,0.0,0,0
brandperf-2026-08-17-спб-форвард-гугл-карты,2026-08-17,2026-08,СПБ,Форвард,avtoshkola-forvard.ru,Гугл Карты,1,1,1,65500.0,0.0,,0.0,0.0,0.0,65500.0
brandperf-2026-08-17-спб-центральная-другие,2026-08-17,2026-08,СПБ,Центральная,autoshkola-centralnaya.ru,Другие,2,1,0,0.0,0.0,,0.0,0.0,0,0
brandperf-2026-08-17-спб-штиль-другие,2026-08-17,2026-08,СПБ,Штиль,avtoshkola-shtil.ru,Другие,5,2,0,0.0,0.0,,0.0,0.0,0,0
brandperf-2026-08-17-спб-штиль-яндекс-директ,2026-08-17,2026-08,СПБ,Штиль,avtoshkola-shtil.ru,Яндекс Директ,1,0,0,0.0,0.0,,0.0,0,0,0
brandperf-2026-08-17-спб-штиль-яндекс-карты,2026-08-17,2026-08,СПБ,Штиль,avtoshkola-shtil.ru,Яндекс Карты,1,1,1,82000.0,0.0,,0.0,0.0,0.0,82000.0
brandperf-2026-08-17-спб-ягуар-другие,2026-08-17,2026-08,СПБ,Ягуар,avtoshkola-yaguarspb.ru,Другие,2,0,0,0.0,0.0,,0.0,0,0,0
