2026-04-01-source-recalc-msk-2gis-лиды,2026-04-01,2026-04,1,источники,2ГИС,Лиды,0,50,0,Roistat report-24 апрель-июль: недельные суммы по воронке МСК АШ [SOURCE_CITY=МСК],2026-09-04T13:11:11,0,0
2026-04-01-source-recalc-msk-2gis-квалы,2026-04-01,2026-04,1,источники,2ГИС,Квалы,0,34,0,Roistat report-24 апрель-июль: недельные суммы по воронке МСК АШ [SOURCE_CITY=МСК],2026-09-04T13:11:11,0,0
2026-04-01-source-recalc-msk-2gis-продажи,2026-04-01,2026-04,1,источники,2ГИС,Продажи,0,15,0,Roistat report-24 апрель-июль: недельные суммы по воронке МСК АШ [SOURCE_CITY=МСК],2026-09-04T13:11:11,0,0
2026-04-01-source-recalc-msk-seo-лиды,2026-04-01,2026-04,1,источники,SEO,Лиды,0,5,0,Roistat report-24 апрель-июль: недельные суммы по воронке МСК АШ [SOURCE_CITY=МСК],2026-09-04T13:11:11,0,0
2026-04-01-source-recalc-msk-seo-квалы,2026-04-01,2026-04,1,источники,SEO,Квалы,0,4,0,Roistat report-24 апрель-июль: недельные суммы по воронке МСК АШ [SOURCE_CITY=МСК],2026-09-04T13:11:11,0,0
2026-04-01-source-recalc-msk-seo-продажи,2026-04-01,2026-04,1,источники,SEO,Продажи,0,3,0,Roistat report-24 апрель-июль: недельные суммы по воронке МСК АШ [SOURCE_CITY=МСК],2026-09-04T13:11:11,0,0
2026-04-01-source-recalc-msk-googlemaps-лиды,2026-04-01,2026-04,1,источники,Гугл Карты,Лиды,0,17,0,Roistat report-24 апрель-июль: недельные суммы по воронке МСК АШ [SOURCE_CITY=МСК],2026-09-04T13:11:11,0,0
2026-04-01-source-recalc-msk-googlemaps-квалы,2026-04-01,2026-04,1,источники,Гугл Карты,Квалы,0,10,0,Roistat report-24 апрель-июль: недельные суммы по воронке МСК АШ [SOURCE_CITY=МСК],2026-09-04T13:11:11,0,0
2026-04-01-source-recalc-msk-googlemaps-продажи,2026-04-01,2026-04,1,источники,Гугл Карты,Продажи,0,3,0,Roistat report-24 апрель-июль: недельные суммы по воронке МСК АШ [SOURCE_CITY=МСК],2026-09-04T13:11:11,0,0
2026-04-01-source-recalc-msk-direct-лиды,2026-04-01,2026-04,1,источники,Директ,Лиды,0,24,0,Roistat report-24 апрель-июль: недельные суммы по воронке МСК АШ [SOURCE_CITY=МСК],2026-09-04T13:11:11,0,0
2026-04-01-source-recalc-msk-direct-квалы,2026-04-01,2026-04,1,источники,Директ,Квалы,0,3,0,Roistat report-24 апрель-июль: недельные суммы по воронке МСК АШ [SOURCE_CITY=МСК],2026-09-04T13:11:11,0,0
2026-04-01-source-recalc-msk-direct-продажи,2026-04-01,2026-04,1,источники,Директ,Продажи,0,1,0,Roistat report-24 апрель-июль: недельные суммы по воронке МСК АШ [SOURCE_CITY=МСК],2026-09-04T13:11:11,0,0
2026-04-01-source-recalc-msk-other-лиды,2026-04-01,2026-04,1,источники,Другие,Лиды,0,150,0,Roistat report-24 апрель-июль: недельные суммы по воронке МСК АШ [SOURCE_CITY=МСК],2026-09-04T13:11:11,0,0
2026-04-01-source-recalc-msk-other-квалы,2026-04-01,2026-04,1,источники,Другие,Квалы,0,10,0,Roistat report-24 апрель-июль: недельные суммы по воронке МСК АШ [SOURCE_CITY=МСК],2026-09-04T13:11:11,0,0
2026-04-01-source-recalc-msk-other-продажи,2026-04-01,2026-04,1,источники,Другие,Продажи,0,9,0,Roistat report-24 апрель-июль: недельные суммы по воронке МСК АШ [SOURCE_CITY=МСК],2026-09-04T13:11:11,0,0
2026-04-01-source-recalc-msk-directvisits-лиды,2026-04-01,2026-04,1,источники,Прямые визиты,Лиды,0,7,0,Roistat report-24 апрель-июль: недельные суммы по воронке МСК АШ [SOURCE_CITY=МСК],2026-09-04T13:11:11,0,0
2026-04-01-source-recalc-msk-directvisits-квалы,2026-04-01,2026-04,1,источники,Прямые визиты,Квалы,0,3,0,Roistat report-24 апрель-июль: недельные суммы по воронке МСК АШ [SOURCE_CITY=МСК],2026-09-04T13:11:11,0,0
2026-04-01-source-recalc-msk-cashback-лиды,2026-04-01,2026-04,1,источники,Рек/кешбэк,Лиды,0,6,0,Roistat report-24 апрель-июль: недельные суммы по воронке МСК АШ [SOURCE_CITY=МСК],2026-09-04T13:11:11,0,0
2026-04-01-source-recalc-msk-cashback-квалы,2026-04-01,2026-04,1,источники,Рек/кешбэк,Квалы,0,4,0,Roistat report-24 апрель-июль: недельные суммы по воронке МСК АШ [SOURCE_CITY=МСК],2026-09-04T13:11:11,0,0
2026-04-01-source-recalc-msk-cashback-продажи,2026-04-01,2026-04,1,источники,Рек/кешбэк,Продажи,0,4,0,Roistat report-24 апрель-июль: недельные суммы по воронке МСК АШ [SOURCE_CITY=МСК],2026-09-04T13:11:11,0,0
2026-04-01-source-recalc-msk-yandexmaps-лиды,2026-04-01,2026-04,1,источники,Яндекс Карты,Лиды,0,118,0,Roistat report-24 апрель-июль: недельные суммы по воронке МСК АШ [SOURCE_CITY=МСК],2026-09-04T13:11:11,0,0
2026-04-01-source-recalc-msk-yandexmaps-квалы,2026-04-01,2026-04,1,источники,Яндекс Карты,Квалы,0,83,0,Roistat report-24 апрель-июль: недельные суммы по воронке МСК АШ [SOURCE_CITY=МСК],2026-09-04T13:11:11,0,0
2026-04-01-source-recalc-msk-yandexmaps-продажи,2026-04-01,2026-04,1,источники,Яндекс Карты,Продажи,0,25,0,Roistat report-24 апрель-июль: недельные суммы по воронке МСК АШ [SOURCE_CITY=МСК],2026-09-04T13:11:11,0,0
2026-04-01-source-recalc-spb-2gis-лиды,2026-04-01,2026-04,1,источники,2ГИС,Лиды,0,18,0,Roistat report-24 апрель-июль: недельные суммы по воронке СПБ АШ [SOURCE_CITY=СПБ],2026-09-04T13:11:11,0,0
2026-04-01-source-recalc-spb-2gis-квалы,2026-04-01,2026-04,1,источники,2ГИС,Квалы,0,7,0,Roistat report-24 апрель-июль: недельные суммы по воронке СПБ АШ [SOURCE_CITY=СПБ],2026-09-04T13:11:11,0,0
2026-04-01-source-recalc-spb-seo-лиды,2026-04-01,2026-04,1,источники,SEO,Лиды,0,20,0,Roistat report-24 апрель-июль: недельные суммы по воронке СПБ АШ [SOURCE_CITY=СПБ],2026-09-04T13:11:11,0,0
2026-04-01-source-recalc-spb-seo-квалы,2026-04-01,2026-04,1,источники,SEO,Квалы,0,14,0,Roistat report-24 апрель-июль: недельные суммы по воронке СПБ АШ [SOURCE_CITY=СПБ],2026-09-04T13:11:11,0,0
2026-04-01-source-recalc-spb-seo-продажи,2026-04-01,2026-04,1,источники,SEO,Продажи,0,6,0,Roistat report-24 апрель-июль: недельные суммы по воронке СПБ АШ [SOURCE_CITY=СПБ],2026-09-04T13:11:11,0,0
2026-04-01-source-recalc-spb-googlemaps-лиды,2026-04-01,2026-04,1,источники,Гугл Карты,Лиды,0,16,0,Roistat report-24 апрель-июль: недельные суммы по воронке СПБ АШ [SOURCE_CITY=СПБ],2026-09-04T13:11:11,0,0
2026-04-01-source-recalc-spb-googlemaps-квалы,2026-04-01,2026-04,1,источники,Гугл Карты,Квалы,0,8,0,Roistat report-24 апрель-июль: недельные суммы по воронке СПБ АШ [SOURCE_CITY=СПБ],2026-09-04T13:11:11,0,0
2026-04-01-source-recalc-spb-googlemaps-продажи,2026-04-01,2026-04,1,источники,Гугл Карты,Продажи,0,3,0,Roistat report-24 апрель-июль: недельные суммы по воронке СПБ АШ [SOURCE_CITY=СПБ],2026-09-04T13:11:11,0,0
2026-04-01-source-recalc-spb-direct-лиды,2026-04-01,2026-04,1,источники,Директ,Лиды,0,61,0,Roistat report-24 апрель-июль: недельные суммы по воронке СПБ АШ [SOURCE_CITY=СПБ],2026-09-04T13:11:11,0,0
2026-04-01-source-recalc-spb-direct-квалы,2026-04-01,2026-04,1,источники,Директ,Квалы,0,24,0,Roistat report-24 апрель-июль: недельные суммы по воронке СПБ АШ [SOURCE_CITY=СПБ],2026-09-04T13:11:11,0,0
2026-04-01-source-recalc-spb-direct-продажи,2026-04-01,2026-04,1,источники,Директ,Продажи,0,3,0,Roistat report-24 апрель-июль: недельные суммы по воронке СПБ АШ [SOURCE_CITY=СПБ],2026-09-04T13:11:11,0,0
2026-04-01-source-recalc-spb-other-лиды,2026-04-01,2026-04,1,источники,Другие,Лиды,0,215,0,Roistat report-24 апрель-июль: недельные суммы по воронке СПБ АШ [SOURCE_CITY=СПБ],2026-09-04T13:11:11,0,0
2026-04-01-source-recalc-spb-other-квалы,2026-04-01,2026-04,1,источники,Другие,Квалы,0,59,0,Roistat report-24 апрель-июль: недельные суммы по воронке СПБ АШ [SOURCE_CITY=СПБ],2026-09-04T13:11:11,0,0
2026-04-01-source-recalc-spb-other-продажи,2026-04-01,2026-04,1,источники,Другие,Продажи,0,17,0,Roistat report-24 апрель-июль: недельные суммы по воронке СПБ АШ [SOURCE_CITY=СПБ],2026-09-04T13:11:11,0,0
2026-04-01-source-recalc-spb-directvisits-лиды,2026-04-01,2026-04,1,источники,Прямые визиты,Лиды,0,3,0,Roistat report-24 апрель-июль: недельные суммы по воронке СПБ АШ [SOURCE_CITY=СПБ],2026-09-04T13:11:11,0,0
2026-04-01-source-recalc-spb-directvisits-квалы,2026-04-01,2026-04,1,источники,Прямые визиты,Квалы,0,3,0,Roistat report-24 апрель-июль: недельные суммы по воронке СПБ АШ [SOURCE_CITY=СПБ],2026-09-04T13:11:11,0,0
2026-04-01-source-recalc-spb-directvisits-продажи,2026-04-01,2026-04,1,источники,Прямые визиты,Продажи,0,1,0,Roistat report-24 апрель-июль: недельные суммы по воронке СПБ АШ [SOURCE_CITY=СПБ],2026-09-04T13:11:11,0,0
2026-04-01-source-recalc-spb-cashback-лиды,2026-04-01,2026-04,1,источники,Рек/кешбэк,Лиды,0,9,0,Roistat report-24 апрель-июль: недельные суммы по воронке СПБ АШ [SOURCE_CITY=СПБ],2026-09-04T13:11:11,0,0
2026-04-01-source-recalc-spb-cashback-квалы,2026-04-01,2026-04,1,источники,Рек/кешбэк,Квалы,0,7,0,Roistat report-24 апрель-июль: недельные суммы по воронке СПБ АШ [SOURCE_CITY=СПБ],2026-09-04T13:11:11,0,0
2026-04-01-source-recalc-spb-cashback-продажи,2026-04-01,2026-04,1,источники,Рек/кешбэк,Продажи,0,5,0,Roistat report-24 апрель-июль: недельные суммы по воронке СПБ АШ [SOURCE_CITY=СПБ],2026-09-04T13:11:11,0,0
2026-04-01-source-recalc-spb-yandexmaps-лиды,2026-04-01,2026-04,1,источники,Яндекс Карты,Лиды,0,50,0,Roistat report-24 апрель-июль: недельные суммы по воронке СПБ АШ [SOURCE_CITY=СПБ],2026-09-04T13:11:11,0,0
2026-04-01-source-recalc-spb-yandexmaps-квалы,2026-04-01,2026-04,1,источники,Яндекс Карты,Квалы,0,23,0,Roistat report-24 апрель-июль: недельные суммы по воронке СПБ АШ [SOURCE_CITY=СПБ],2026-09-04T13:11:11,0,0
2026-04-01-source-recalc-spb-yandexmaps-продажи,2026-04-01,2026-04,1,источники,Яндекс Карты,Продажи,0,3,0,Roistat report-24 апрель-июль: недельные суммы по воронке СПБ АШ [SOURCE_CITY=СПБ],2026-09-04T13:11:11,0,0
2026-04-06-source-recalc-msk-2gis-лиды,2026-04-06,2026-04,2,источники,2ГИС,Лиды,0,46,0,Roistat report-24 апрель-июль: недельные суммы по воронке МСК АШ [SOURCE_CITY=МСК],2026-09-04T13:11:11,0,0
2026-04-06-source-recalc-msk-2gis-квалы,2026-04-06,2026-04,2,источники,2ГИС,Квалы,0,18,0,Roistat report-24 апрель-июль: недельные суммы по воронке МСК АШ [SOURCE_CITY=МСК],2026-09-04T13:11:11,0,0
2026-04-06-source-recalc-msk-2gis-продажи,2026-04-06,2026-04,2,источники,2ГИС,Продажи,0,7,0,Roistat report-24 апрель-июль: недельные суммы по воронке МСК АШ [SOURCE_CITY=МСК],2026-09-04T13:11:11,0,0
2026-04-06-source-recalc-msk-seo-лиды,2026-04-06,2026-04,2,источники,SEO,Лиды,0,8,0,Roistat report-24 апрель-июль: недельные суммы по воронке МСК АШ [SOURCE_CITY=МСК],2026-09-04T13:11:11,0,0
2026-04-06-source-recalc-msk-seo-квалы,2026-04-06,2026-04,2,источники,SEO,Квалы,0,4,0,Roistat report-24 апрель-июль: недельные суммы по воронке МСК АШ [SOURCE_CITY=МСК],2026-09-04T13:11:11,0,0
2026-04-06-source-recalc-msk-seo-продажи,2026-04-06,2026-04,2,источники,SEO,Продажи,0,3,0,Roistat report-24 апрель-июль: недельные суммы по воронке МСК АШ [SOURCE_CITY=МСК],2026-09-04T13:11:11,0,0
2026-04-06-source-recalc-msk-googlemaps-лиды,2026-04-06,2026-04,2,источники,Гугл Карты,Лиды,0,16,0,Roistat report-24 апрель-июль: недельные суммы по воронке МСК АШ [SOURCE_CITY=МСК],2026-09-04T13:11:11,0,0
2026-04-06-source-recalc-msk-googlemaps-квалы,2026-04-06,2026-04,2,источники,Гугл Карты,Квалы,0,11,0,Roistat report-24 апрель-июль: недельные суммы по воронке МСК АШ [SOURCE_CITY=МСК],2026-09-04T13:11:11,0,0
2026-04-06-source-recalc-msk-googlemaps-продажи,2026-04-06,2026-04,2,источники,Гугл Карты,Продажи,0,4,0,Roistat report-24 апрель-июль: недельные суммы по воронке МСК АШ [SOURCE_CITY=МСК],2026-09-04T13:11:11,0,0
2026-04-06-source-recalc-msk-direct-лиды,2026-04-06,2026-04,2,источники,Директ,Лиды,0,20,0,Roistat report-24 апрель-июль: недельные суммы по воронке МСК АШ [SOURCE_CITY=МСК],2026-09-04T13:11:11,0,0
2026-04-06-source-recalc-msk-direct-квалы,2026-04-06,2026-04,2,источники,Директ,Квалы,0,2,0,Roistat report-24 апрель-июль: недельные суммы по воронке МСК АШ [SOURCE_CITY=МСК],2026-09-04T13:11:11,0,0
2026-04-06-source-recalc-msk-other-лиды,2026-04-06,2026-04,2,источники,Другие,Лиды,0,211,0,Roistat report-24 апрель-июль: недельные суммы по воронке МСК АШ [SOURCE_CITY=МСК],2026-09-04T13:11:11,0,0
2026-04-06-source-recalc-msk-other-квалы,2026-04-06,2026-04,2,источники,Другие,Квалы,0,12,0,Roistat report-24 апрель-июль: недельные суммы по воронке МСК АШ [SOURCE_CITY=МСК],2026-09-04T13:11:11,0,0
2026-04-06-source-recalc-msk-other-продажи,2026-04-06,2026-04,2,источники,Другие,Продажи,0,17,0,Roistat report-24 апрель-июль: недельные суммы по воронке МСК АШ [SOURCE_CITY=МСК],2026-09-04T13:11:11,0,0
2026-04-06-source-recalc-msk-directvisits-лиды,2026-04-06,2026-04,2,источники,Прямые визиты,Лиды,0,11,0,Roistat report-24 апрель-июль: недельные суммы по воронке МСК АШ [SOURCE_CITY=МСК],2026-09-04T13:11:11,0,0
2026-04-06-source-recalc-msk-directvisits-квалы,2026-04-06,2026-04,2,источники,Прямые визиты,Квалы,0,4,0,Roistat report-24 апрель-июль: недельные суммы по воронке МСК АШ [SOURCE_CITY=МСК],2026-09-04T13:11:11,0,0
2026-04-06-source-recalc-msk-cashback-лиды,2026-04-06,2026-04,2,источники,Рек/кешбэк,Лиды,0,9,0,Roistat report-24 апрель-июль: недельные суммы по воронке МСК АШ [SOURCE_CITY=МСК],2026-09-04T13:11:11,0,0
2026-04-06-source-recalc-msk-cashback-квалы,2026-04-06,2026-04,2,источники,Рек/кешбэк,Квалы,0,8,0,Roistat report-24 апрель-июль: недельные суммы по воронке МСК АШ [SOURCE_CITY=МСК],2026-09-04T13:11:11,0,0
2026-04-06-source-recalc-msk-cashback-продажи,2026-04-06,2026-04,2,источники,Рек/кешбэк,Продажи,0,8,0,Roistat report-24 апрель-июль: недельные суммы по воронке МСК АШ [SOURCE_CITY=МСК],2026-09-04T13:11:11,0,0
2026-04-06-source-recalc-msk-yandexmaps-лиды,2026-04-06,2026-04,2,источники,Яндекс Карты,Лиды,0,144,0,Roistat report-24 апрель-июль: недельные суммы по воронке МСК АШ [SOURCE_CITY=МСК],2026-09-04T13:11:11,0,0
2026-04-06-source-recalc-msk-yandexmaps-квалы,2026-04-06,2026-04,2,источники,Яндекс Карты,Квалы,0,85,0,Roistat report-24 апрель-июль: недельные суммы по воронке МСК АШ [SOURCE_CITY=МСК],2026-09-04T13:11:11,0,0
2026-04-06-source-recalc-msk-yandexmaps-продажи,2026-04-06,2026-04,2,источники,Яндекс Карты,Продажи,0,33,0,Roistat report-24 апрель-июль: недельные суммы по воронке МСК АШ [SOURCE_CITY=МСК],2026-09-04T13:11:11,0,0
2026-04-06-source-recalc-spb-2gis-лиды,2026-04-06,2026-04,2,источники,2ГИС,Лиды,0,43,0,Roistat report-24 апрель-июль: недельные суммы по воронке СПБ АШ [SOURCE_CITY=СПБ],2026-09-04T13:11:11,0,0
2026-04-06-source-recalc-spb-2gis-квалы,2026-04-06,2026-04,2,источники,2ГИС,Квалы,0,19,0,Roistat report-24 апрель-июль: недельные суммы по воронке СПБ АШ [SOURCE_CITY=СПБ],2026-09-04T13:11:11,0,0
2026-04-06-source-recalc-spb-2gis-продажи,2026-04-06,2026-04,2,источники,2ГИС,Продажи,0,4,0,Roistat report-24 апрель-июль: недельные суммы по воронке СПБ АШ [SOURCE_CITY=СПБ],2026-09-04T13:11:11,0,0
2026-04-06-source-recalc-spb-seo-лиды,2026-04-06,2026-04,2,источники,SEO,Лиды,0,10,0,Roistat report-24 апрель-июль: недельные суммы по воронке СПБ АШ [SOURCE_CITY=СПБ],2026-09-04T13:11:11,0,0
2026-04-06-source-recalc-spb-seo-квалы,2026-04-06,2026-04,2,источники,SEO,Квалы,0,10,0,Roistat report-24 апрель-июль: недельные суммы по воронке СПБ АШ [SOURCE_CITY=СПБ],2026-09-04T13:11:11,0,0
2026-04-06-source-recalc-spb-seo-продажи,2026-04-06,2026-04,2,источники,SEO,Продажи,0,5,0,Roistat report-24 апрель-июль: недельные суммы по воронке СПБ АШ [SOURCE_CITY=СПБ],2026-09-04T13:11:11,0,0
2026-04-06-source-recalc-spb-zoon-лиды,2026-04-06,2026-04,2,источники,Zoon,Лиды,0,1,0,Roistat report-24 апрель-июль: недельные суммы по воронке СПБ АШ [SOURCE_CITY=СПБ],2026-09-04T13:11:11,0,0
2026-04-06-source-recalc-spb-zoon-квалы,2026-04-06,2026-04,2,источники,Zoon,Квалы,0,1,0,Roistat report-24 апрель-июль: недельные суммы по воронке СПБ АШ [SOURCE_CITY=СПБ],2026-09-04T13:11:11,0,0
2026-04-06-source-recalc-spb-googlemaps-лиды,2026-04-06,2026-04,2,источники,Гугл Карты,Лиды,0,15,0,Roistat report-24 апрель-июль: недельные суммы по воронке СПБ АШ [SOURCE_CITY=СПБ],2026-09-04T13:11:11,0,0
2026-04-06-source-recalc-spb-googlemaps-квалы,2026-04-06,2026-04,2,источники,Гугл Карты,Квалы,0,10,0,Roistat report-24 апрель-июль: недельные суммы по воронке СПБ АШ [SOURCE_CITY=СПБ],2026-09-04T13:11:11,0,0
2026-04-06-source-recalc-spb-googlemaps-продажи,2026-04-06,2026-04,2,источники,Гугл Карты,Продажи,0,3,0,Roistat report-24 апрель-июль: недельные суммы по воронке СПБ АШ [SOURCE_CITY=СПБ],2026-09-04T13:11:11,0,0
2026-04-06-source-recalc-spb-direct-лиды,2026-04-06,2026-04,2,источники,Директ,Лиды,0,61,0,Roistat report-24 апрель-июль: недельные суммы по воронке СПБ АШ [SOURCE_CITY=СПБ],2026-09-04T13:11:11,0,0
2026-04-06-source-recalc-spb-direct-квалы,2026-04-06,2026-04,2,источники,Директ,Квалы,0,21,0,Roistat report-24 апрель-июль: недельные суммы по воронке СПБ АШ [SOURCE_CITY=СПБ],2026-09-04T13:11:11,0,0
2026-04-06-source-recalc-spb-direct-продажи,2026-04-06,2026-04,2,источники,Директ,Продажи,0,2,0,Roistat report-24 апрель-июль: недельные суммы по воронке СПБ АШ [SOURCE_CITY=СПБ],2026-09-04T13:11:11,0,0
2026-04-06-source-recalc-spb-other-лиды,2026-04-06,2026-04,2,источники,Другие,Лиды,0,329,0,Roistat report-24 апрель-июль: недельные суммы по воронке СПБ АШ [SOURCE_CITY=СПБ],2026-09-04T13:11:11,0,0
2026-04-06-source-recalc-spb-other-квалы,2026-04-06,2026-04,2,источники,Другие,Квалы,0,75,0,Roistat report-24 апрель-июль: недельные суммы по воронке СПБ АШ [SOURCE_CITY=СПБ],2026-09-04T13:11:11,0,0
2026-04-06-source-recalc-spb-other-продажи,2026-04-06,2026-04,2,источники,Другие,Продажи,0,22,0,Roistat report-24 апрель-июль: недельные суммы по воронке СПБ АШ [SOURCE_CITY=СПБ],2026-09-04T13:11:11,0,0
2026-04-06-source-recalc-spb-directvisits-лиды,2026-04-06,2026-04,2,источники,Прямые визиты,Лиды,0,2,0,Roistat report-24 апрель-июль: недельные суммы по воронке СПБ АШ [SOURCE_CITY=СПБ],2026-09-04T13:11:11,0,0
2026-04-06-source-recalc-spb-cashback-лиды,2026-04-06,2026-04,2,источники,Рек/кешбэк,Лиды,0,5,0,Roistat report-24 апрель-июль: недельные суммы по воронке СПБ АШ [SOURCE_CITY=СПБ],2026-09-04T13:11:11,0,0
2026-04-06-source-recalc-spb-cashback-квалы,2026-04-06,2026-04,2,источники,Рек/кешбэк,Квалы,0,5,0,Roistat report-24 апрель-июль: недельные суммы по воронке СПБ АШ [SOURCE_CITY=СПБ],2026-09-04T13:11:11,0,0
2026-04-06-source-recalc-spb-cashback-продажи,2026-04-06,2026-04,2,источники,Рек/кешбэк,Продажи,0,2,0,Roistat report-24 апрель-июль: недельные суммы по воронке СПБ АШ [SOURCE_CITY=СПБ],2026-09-04T13:11:11,0,0
2026-04-06-source-recalc-spb-yandexmaps-лиды,2026-04-06,2026-04,2,источники,Яндекс Карты,Лиды,0,72,0,Roistat report-24 апрель-июль: недельные суммы по воронке СПБ АШ [SOURCE_CITY=СПБ],2026-09-04T13:11:11,0,0
2026-04-06-source-recalc-spb-yandexmaps-квалы,2026-04-06,2026-04,2,источники,Яндекс Карты,Квалы,0,47,0,Roistat report-24 апрель-июль: недельные суммы по воронке СПБ АШ [SOURCE_CITY=СПБ],2026-09-04T13:11:11,0,0
2026-04-06-source-recalc-spb-yandexmaps-продажи,2026-04-06,2026-04,2,источники,Яндекс Карты,Продажи,0,10,0,Roistat report-24 апрель-июль: недельные суммы по воронке СПБ АШ [SOURCE_CITY=СПБ],2026-09-04T13:11:11,0,0
2026-04-13-source-recalc-msk-2gis-лиды,2026-04-13,2026-04,3,источники,2ГИС,Лиды,0,62,0,Roistat report-24 апрель-июль: недельные суммы по воронке МСК АШ [SOURCE_CITY=МСК],2026-09-04T13:11:11,0,0
2026-04-13-source-recalc-msk-2gis-квалы,2026-04-13,2026-04,3,источники,2ГИС,Квалы,0,29,0,Roistat report-24 апрель-июль: недельные суммы по воронке МСК АШ [SOURCE_CITY=МСК],2026-09-04T13:11:11,0,0
2026-04-13-source-recalc-msk-2gis-продажи,2026-04-13,2026-04,3,источники,2ГИС,Продажи,0,14,0,Roistat report-24 апрель-июль: недельные суммы по воронке МСК АШ [SOURCE_CITY=МСК],2026-09-04T13:11:11,0,0
2026-04-13-source-recalc-msk-seo-лиды,2026-04-13,2026-04,3,источники,SEO,Лиды,0,14,0,Roistat report-24 апрель-июль: недельные суммы по воронке МСК АШ [SOURCE_CITY=МСК],2026-09-04T13:11:11,0,0
2026-04-13-source-recalc-msk-seo-квалы,2026-04-13,2026-04,3,источники,SEO,Квалы,0,13,0,Roistat report-24 апрель-июль: недельные суммы по воронке МСК АШ [SOURCE_CITY=МСК],2026-09-04T13:11:11,0,0
2026-04-13-source-recalc-msk-seo-продажи,2026-04-13,2026-04,3,источники,SEO,Продажи,0,9,0,Roistat report-24 апрель-июль: недельные суммы по воронке МСК АШ [SOURCE_CITY=МСК],2026-09-04T13:11:11,0,0
2026-04-13-source-recalc-msk-vk-лиды,2026-04-13,2026-04,3,источники,ВКонтакте,Лиды,0,1,0,Roistat report-24 апрель-июль: недельные суммы по воронке МСК АШ [SOURCE_CITY=МСК],2026-09-04T13:11:11,0,0
2026-04-13-source-recalc-msk-googlemaps-лиды,2026-04-13,2026-04,3,источники,Гугл Карты,Лиды,0,12,0,Roistat report-24 апрель-июль: недельные суммы по воронке МСК АШ [SOURCE_CITY=МСК],2026-09-04T13:11:11,0,0
2026-04-13-source-recalc-msk-googlemaps-квалы,2026-04-13,2026-04,3,источники,Гугл Карты,Квалы,0,6,0,Roistat report-24 апрель-июль: недельные суммы по воронке МСК АШ [SOURCE_CITY=МСК],2026-09-04T13:11:11,0,0
2026-04-13-source-recalc-msk-googlemaps-продажи,2026-04-13,2026-04,3,источники,Гугл Карты,Продажи,0,2,0,Roistat report-24 апрель-июль: недельные суммы по воронке МСК АШ [SOURCE_CITY=МСК],2026-09-04T13:11:11,0,0
2026-04-13-source-recalc-msk-direct-лиды,2026-04-13,2026-04,3,источники,Директ,Лиды,0,49,0,Roistat report-24 апрель-июль: недельные суммы по воронке МСК АШ [SOURCE_CITY=МСК],2026-09-04T13:11:11,0,0
2026-04-13-source-recalc-msk-direct-квалы,2026-04-13,2026-04,3,источники,Директ,Квалы,0,14,0,Roistat report-24 апрель-июль: недельные суммы по воронке МСК АШ [SOURCE_CITY=МСК],2026-09-04T13:11:11,0,0
2026-04-13-source-recalc-msk-direct-продажи,2026-04-13,2026-04,3,источники,Директ,Продажи,0,1,0,Roistat report-24 апрель-июль: недельные суммы по воронке МСК АШ [SOURCE_CITY=МСК],2026-09-04T13:11:11,0,0
2026-04-13-source-recalc-msk-other-лиды,2026-04-13,2026-04,3,источники,Другие,Лиды,0,238,0,Roistat report-24 апрель-июль: недельные суммы по воронке МСК АШ [SOURCE_CITY=МСК],2026-09-04T13:11:11,0,0
2026-04-13-source-recalc-msk-other-квалы,2026-04-13,2026-04,3,источники,Другие,Квалы,0,27,0,Roistat report-24 апрель-июль: недельные суммы по воронке МСК АШ [SOURCE_CITY=МСК],2026-09-04T13:11:11,0,0
2026-04-13-source-recalc-msk-other-продажи,2026-04-13,2026-04,3,источники,Другие,Продажи,0,17,0,Roistat report-24 апрель-июль: недельные суммы по воронке МСК АШ [SOURCE_CITY=МСК],2026-09-04T13:11:11,0,0
2026-04-13-source-recalc-msk-directvisits-лиды,2026-04-13,2026-04,3,источники,Прямые визиты,Лиды,0,7,0,Roistat report-24 апрель-июль: недельные суммы по воронке МСК АШ [SOURCE_CITY=МСК],2026-09-04T13:11:11,0,0
2026-04-13-source-recalc-msk-directvisits-квалы,2026-04-13,2026-04,3,источники,Прямые визиты,Квалы,0,1,0,Roistat report-24 апрель-июль: недельные суммы по воронке МСК АШ [SOURCE_CITY=МСК],2026-09-04T13:11:11,0,0
2026-04-13-source-recalc-msk-directvisits-продажи,2026-04-13,2026-04,3,источники,Прямые визиты,Продажи,0,1,0,Roistat report-24 апрель-июль: недельные суммы по воронке МСК АШ [SOURCE_CITY=МСК],2026-09-04T13:11:11,0,0
2026-04-13-source-recalc-msk-cashback-лиды,2026-04-13,2026-04,3,источники,Рек/кешбэк,Лиды,0,7,0,Roistat report-24 апрель-июль: недельные суммы по воронке МСК АШ [SOURCE_CITY=МСК],2026-09-04T13:11:11,0,0
2026-04-13-source-recalc-msk-cashback-квалы,2026-04-13,2026-04,3,источники,Рек/кешбэк,Квалы,0,4,0,Roistat report-24 апрель-июль: недельные суммы по воронке МСК АШ [SOURCE_CITY=МСК],2026-09-04T13:11:11,0,0
2026-04-13-source-recalc-msk-cashback-продажи,2026-04-13,2026-04,3,источники,Рек/кешбэк,Продажи,0,5,0,Roistat report-24 апрель-июль: недельные суммы по воронке МСК АШ [SOURCE_CITY=МСК],2026-09-04T13:11:11,0,0
2026-04-13-source-recalc-msk-yandexmaps-лиды,2026-04-13,2026-04,3,источники,Яндекс Карты,Лиды,0,168,0,Roistat report-24 апрель-июль: недельные суммы по воронке МСК АШ [SOURCE_CITY=МСК],2026-09-04T13:11:11,0,0
2026-04-13-source-recalc-msk-yandexmaps-квалы,2026-04-13,2026-04,3,источники,Яндекс Карты,Квалы,0,119,0,Roistat report-24 апрель-июль: недельные суммы по воронке МСК АШ [SOURCE_CITY=МСК],2026-09-04T13:11:11,0,0
2026-04-13-source-recalc-msk-yandexmaps-продажи,2026-04-13,2026-04,3,источники,Яндекс Карты,Продажи,0,33,0,Roistat report-24 апрель-июль: недельные суммы по воронке МСК АШ [SOURCE_CITY=МСК],2026-09-04T13:11:11,0,0
2026-04-13-source-recalc-spb-2gis-лиды,2026-04-13,2026-04,3,источники,2ГИС,Лиды,0,39,0,Roistat report-24 апрель-июль: недельные суммы по воронке СПБ АШ [SOURCE_CITY=СПБ],2026-09-04T13:11:11,0,0
2026-04-13-source-recalc-spb-2gis-квалы,2026-04-13,2026-04,3,источники,2ГИС,Квалы,0,14,0,Roistat report-24 апрель-июль: недельные суммы по воронке СПБ АШ [SOURCE_CITY=СПБ],2026-09-04T13:11:11,0,0
2026-04-13-source-recalc-spb-2gis-продажи,2026-04-13,2026-04,3,источники,2ГИС,Продажи,0,4,0,Roistat report-24 апрель-июль: недельные суммы по воронке СПБ АШ [SOURCE_CITY=СПБ],2026-09-04T13:11:11,0,0
2026-04-13-source-recalc-spb-seo-лиды,2026-04-13,2026-04,3,источники,SEO,Лиды,0,14,0,Roistat report-24 апрель-июль: недельные суммы по воронке СПБ АШ [SOURCE_CITY=СПБ],2026-09-04T13:11:11,0,0
2026-04-13-source-recalc-spb-seo-квалы,2026-04-13,2026-04,3,источники,SEO,Квалы,0,13,0,Roistat report-24 апрель-июль: недельные суммы по воронке СПБ АШ [SOURCE_CITY=СПБ],2026-09-04T13:11:11,0,0
2026-04-13-source-recalc-spb-seo-продажи,2026-04-13,2026-04,3,источники,SEO,Продажи,0,6,0,Roistat report-24 апрель-июль: недельные суммы по воронке СПБ АШ [SOURCE_CITY=СПБ],2026-09-04T13:11:11,0,0
2026-04-13-source-recalc-spb-vk-лиды,2026-04-13,2026-04,3,источники,ВКонтакте,Лиды,0,1,0,Roistat report-24 апрель-июль: недельные суммы по воронке СПБ АШ [SOURCE_CITY=СПБ],2026-09-04T13:11:11,0,0
2026-04-13-source-recalc-spb-googlemaps-лиды,2026-04-13,2026-04,3,источники,Гугл Карты,Лиды,0,8,0,Roistat report-24 апрель-июль: недельные суммы по воронке СПБ АШ [SOURCE_CITY=СПБ],2026-09-04T13:11:11,0,0
2026-04-13-source-recalc-spb-googlemaps-квалы,2026-04-13,2026-04,3,источники,Гугл Карты,Квалы,0,4,0,Roistat report-24 апрель-июль: недельные суммы по воронке СПБ АШ [SOURCE_CITY=СПБ],2026-09-04T13:11:11,0,0
2026-04-13-source-recalc-spb-direct-лиды,2026-04-13,2026-04,3,источники,Директ,Лиды,0,66,0,Roistat report-24 апрель-июль: недельные суммы по воронке СПБ АШ [SOURCE_CITY=СПБ],2026-09-04T13:11:11,0,0
2026-04-13-source-recalc-spb-direct-квалы,2026-04-13,2026-04,3,источники,Директ,Квалы,0,35,0,Roistat report-24 апрель-июль: недельные суммы по воронке СПБ АШ [SOURCE_CITY=СПБ],2026-09-04T13:11:11,0,0
2026-04-13-source-recalc-spb-direct-продажи,2026-04-13,2026-04,3,источники,Директ,Продажи,0,5,0,Roistat report-24 апрель-июль: недельные суммы по воронке СПБ АШ [SOURCE_CITY=СПБ],2026-09-04T13:11:11,0,0
2026-04-13-source-recalc-spb-other-лиды,2026-04-13,2026-04,3,источники,Другие,Лиды,0,428,0,Roistat report-24 апрель-июль: недельные суммы по воронке СПБ АШ [SOURCE_CITY=СПБ],2026-09-04T13:11:11,0,0
2026-04-13-source-recalc-spb-other-квалы,2026-04-13,2026-04,3,источники,Другие,Квалы,0,84,0,Roistat report-24 апрель-июль: недельные суммы по воронке СПБ АШ [SOURCE_CITY=СПБ],2026-09-04T13:11:11,0,0
2026-04-13-source-recalc-spb-other-продажи,2026-04-13,2026-04,3,источники,Другие,Продажи,0,25,0,Roistat report-24 апрель-июль: недельные суммы по воронке СПБ АШ [SOURCE_CITY=СПБ],2026-09-04T13:11:11,0,0
2026-04-13-source-recalc-spb-directvisits-лиды,2026-04-13,2026-04,3,источники,Прямые визиты,Лиды,0,3,0,Roistat report-24 апрель-июль: недельные суммы по воронке СПБ АШ [SOURCE_CITY=СПБ],2026-09-04T13:11:11,0,0
2026-04-13-source-recalc-spb-cashback-лиды,2026-04-13,2026-04,3,источники,Рек/кешбэк,Лиды,0,5,0,Roistat report-24 апрель-июль: недельные суммы по воронке СПБ АШ [SOURCE_CITY=СПБ],2026-09-04T13:11:11,0,0
2026-04-13-source-recalc-spb-cashback-квалы,2026-04-13,2026-04,3,источники,Рек/кешбэк,Квалы,0,3,0,Roistat report-24 апрель-июль: недельные суммы по воронке СПБ АШ [SOURCE_CITY=СПБ],2026-09-04T13:11:11,0,0
2026-04-13-source-recalc-spb-cashback-продажи,2026-04-13,2026-04,3,источники,Рек/кешбэк,Продажи,0,1,0,Roistat report-24 апрель-июль: недельные суммы по воронке СПБ АШ [SOURCE_CITY=СПБ],2026-09-04T13:11:11,0,0
2026-04-13-source-recalc-spb-yandexmaps-лиды,2026-04-13,2026-04,3,источники,Яндекс Карты,Лиды,0,61,0,Roistat report-24 апрель-июль: недельные суммы по воронке СПБ АШ [SOURCE_CITY=СПБ],2026-09-04T13:11:11,0,0
2026-04-13-source-recalc-spb-yandexmaps-квалы,2026-04-13,2026-04,3,источники,Яндекс Карты,Квалы,0,24,0,Roistat report-24 апрель-июль: недельные суммы по воронке СПБ АШ [SOURCE_CITY=СПБ],2026-09-04T13:11:11,0,0
2026-04-13-source-recalc-spb-yandexmaps-продажи,2026-04-13,2026-04,3,источники,Яндекс Карты,Продажи,0,8,0,Roistat report-24 апрель-июль: недельные суммы по воронке СПБ АШ [SOURCE_CITY=СПБ],2026-09-04T13:11:11,0,0
2026-04-20-source-recalc-msk-2gis-лиды,2026-04-20,2026-04,4,источники,2ГИС,Лиды,0,43,0,Roistat report-24 апрель-июль: недельные суммы по воронке МСК АШ [SOURCE_CITY=МСК],2026-09-04T13:11:11,0,0
2026-04-20-source-recalc-msk-2gis-квалы,2026-04-20,2026-04,4,источники,2ГИС,Квалы,0,28,0,Roistat report-24 апрель-июль: недельные суммы по воронке МСК АШ [SOURCE_CITY=МСК],2026-09-04T13:11:11,0,0
2026-04-20-source-recalc-msk-2gis-продажи,2026-04-20,2026-04,4,источники,2ГИС,Продажи,0,9,0,Roistat report-24 апрель-июль: недельные суммы по воронке МСК АШ [SOURCE_CITY=МСК],2026-09-04T13:11:11,0,0
2026-04-20-source-recalc-msk-seo-лиды,2026-04-20,2026-04,4,источники,SEO,Лиды,0,11,0,Roistat report-24 апрель-июль: недельные суммы по воронке МСК АШ [SOURCE_CITY=МСК],2026-09-04T13:11:11,0,0
2026-04-20-source-recalc-msk-seo-квалы,2026-04-20,2026-04,4,источники,SEO,Квалы,0,11,0,Roistat report-24 апрель-июль: недельные суммы по воронке МСК АШ [SOURCE_CITY=МСК],2026-09-04T13:11:11,0,0
2026-04-20-source-recalc-msk-seo-продажи,2026-04-20,2026-04,4,источники,SEO,Продажи,0,6,0,Roistat report-24 апрель-июль: недельные суммы по воронке МСК АШ [SOURCE_CITY=МСК],2026-09-04T13:11:11,0,0
2026-04-20-source-recalc-msk-zoon-лиды,2026-04-20,2026-04,4,источники,Zoon,Лиды,0,1,0,Roistat report-24 апрель-июль: недельные суммы по воронке МСК АШ [SOURCE_CITY=МСК],2026-09-04T13:11:11,0,0
2026-04-20-source-recalc-msk-zoon-квалы,2026-04-20,2026-04,4,источники,Zoon,Квалы,0,1,0,Roistat report-24 апрель-июль: недельные суммы по воронке МСК АШ [SOURCE_CITY=МСК],2026-09-04T13:11:11,0,0
2026-04-20-source-recalc-msk-googlemaps-лиды,2026-04-20,2026-04,4,источники,Гугл Карты,Лиды,0,6,0,Roistat report-24 апрель-июль: недельные суммы по воронке МСК АШ [SOURCE_CITY=МСК],2026-09-04T13:11:11,0,0
2026-04-20-source-recalc-msk-googlemaps-квалы,2026-04-20,2026-04,4,источники,Гугл Карты,Квалы,0,3,0,Roistat report-24 апрель-июль: недельные суммы по воронке МСК АШ [SOURCE_CITY=МСК],2026-09-04T13:11:11,0,0
2026-04-20-source-recalc-msk-direct-лиды,2026-04-20,2026-04,4,источники,Директ,Лиды,0,64,0,Roistat report-24 апрель-июль: недельные суммы по воронке МСК АШ [SOURCE_CITY=МСК],2026-09-04T13:11:11,0,0
2026-04-20-source-recalc-msk-direct-квалы,2026-04-20,2026-04,4,источники,Директ,Квалы,0,29,0,Roistat report-24 апрель-июль: недельные суммы по воронке МСК АШ [SOURCE_CITY=МСК],2026-09-04T13:11:11,0,0
2026-04-20-source-recalc-msk-direct-продажи,2026-04-20,2026-04,4,источники,Директ,Продажи,0,1,0,Roistat report-24 апрель-июль: недельные суммы по воронке МСК АШ [SOURCE_CITY=МСК],2026-09-04T13:11:11,0,0
2026-04-20-source-recalc-msk-other-лиды,2026-04-20,2026-04,4,источники,Другие,Лиды,0,218,0,Roistat report-24 апрель-июль: недельные суммы по воронке МСК АШ [SOURCE_CITY=МСК],2026-09-04T13:11:11,0,0
2026-04-20-source-recalc-msk-other-квалы,2026-04-20,2026-04,4,источники,Другие,Квалы,0,53,0,Roistat report-24 апрель-июль: недельные суммы по воронке МСК АШ [SOURCE_CITY=МСК],2026-09-04T13:11:11,0,0
2026-04-20-source-recalc-msk-other-продажи,2026-04-20,2026-04,4,источники,Другие,Продажи,0,23,0,Roistat report-24 апрель-июль: недельные суммы по воронке МСК АШ [SOURCE_CITY=МСК],2026-09-04T13:11:11,0,0
2026-04-20-source-recalc-msk-directvisits-лиды,2026-04-20,2026-04,4,источники,Прямые визиты,Лиды,0,13,0,Roistat report-24 апрель-июль: недельные суммы по воронке МСК АШ [SOURCE_CITY=МСК],2026-09-04T13:11:11,0,0
2026-04-20-source-recalc-msk-directvisits-квалы,2026-04-20,2026-04,4,источники,Прямые визиты,Квалы,0,4,0,Roistat report-24 апрель-июль: недельные суммы по воронке МСК АШ [SOURCE_CITY=МСК],2026-09-04T13:11:11,0,0
2026-04-20-source-recalc-msk-cashback-лиды,2026-04-20,2026-04,4,источники,Рек/кешбэк,Лиды,0,3,0,Roistat report-24 апрель-июль: недельные суммы по воронке МСК АШ [SOURCE_CITY=МСК],2026-09-04T13:11:11,0,0
2026-04-20-source-recalc-msk-cashback-квалы,2026-04-20,2026-04,4,источники,Рек/кешбэк,Квалы,0,3,0,Roistat report-24 апрель-июль: недельные суммы по воронке МСК АШ [SOURCE_CITY=МСК],2026-09-04T13:11:11,0,0
2026-04-20-source-recalc-msk-cashback-продажи,2026-04-20,2026-04,4,источники,Рек/кешбэк,Продажи,0,2,0,Roistat report-24 апрель-июль: недельные суммы по воронке МСК АШ [SOURCE_CITY=МСК],2026-09-04T13:11:11,0,0
2026-04-20-source-recalc-msk-yandexmaps-лиды,2026-04-20,2026-04,4,источники,Яндекс Карты,Лиды,0,155,0,Roistat report-24 апрель-июль: недельные суммы по воронке МСК АШ [SOURCE_CITY=МСК],2026-09-04T13:11:11,0,0
2026-04-20-source-recalc-msk-yandexmaps-квалы,2026-04-20,2026-04,4,источники,Яндекс Карты,Квалы,0,97,0,Roistat report-24 апрель-июль: недельные суммы по воронке МСК АШ [SOURCE_CITY=МСК],2026-09-04T13:11:11,0,0
2026-04-20-source-recalc-msk-yandexmaps-продажи,2026-04-20,2026-04,4,источники,Яндекс Карты,Продажи,0,34,0,Roistat report-24 апрель-июль: недельные суммы по воронке МСК АШ [SOURCE_CITY=МСК],2026-09-04T13:11:11,0,0
2026-04-20-source-recalc-spb-2gis-лиды,2026-04-20,2026-04,4,источники,2ГИС,Лиды,0,40,0,Roistat report-24 апрель-июль: недельные суммы по воронке СПБ АШ [SOURCE_CITY=СПБ],2026-09-04T13:11:11,0,0
2026-04-20-source-recalc-spb-2gis-квалы,2026-04-20,2026-04,4,источники,2ГИС,Квалы,0,17,0,Roistat report-24 апрель-июль: недельные суммы по воронке СПБ АШ [SOURCE_CITY=СПБ],2026-09-04T13:11:11,0,0
2026-04-20-source-recalc-spb-2gis-продажи,2026-04-20,2026-04,4,источники,2ГИС,Продажи,0,1,0,Roistat report-24 апрель-июль: недельные суммы по воронке СПБ АШ [SOURCE_CITY=СПБ],2026-09-04T13:11:11,0,0
2026-04-20-source-recalc-spb-seo-лиды,2026-04-20,2026-04,4,источники,SEO,Лиды,0,16,0,Roistat report-24 апрель-июль: недельные суммы по воронке СПБ АШ [SOURCE_CITY=СПБ],2026-09-04T13:11:11,0,0
2026-04-20-source-recalc-spb-seo-квалы,2026-04-20,2026-04,4,источники,SEO,Квалы,0,9,0,Roistat report-24 апрель-июль: недельные суммы по воронке СПБ АШ [SOURCE_CITY=СПБ],2026-09-04T13:11:11,0,0
2026-04-20-source-recalc-spb-seo-продажи,2026-04-20,2026-04,4,источники,SEO,Продажи,0,2,0,Roistat report-24 апрель-июль: недельные суммы по воронке СПБ АШ [SOURCE_CITY=СПБ],2026-09-04T13:11:11,0,0
2026-04-20-source-recalc-spb-googlemaps-лиды,2026-04-20,2026-04,4,источники,Гугл Карты,Лиды,0,17,0,Roistat report-24 апрель-июль: недельные суммы по воронке СПБ АШ [SOURCE_CITY=СПБ],2026-09-04T13:11:11,0,0
2026-04-20-source-recalc-spb-googlemaps-квалы,2026-04-20,2026-04,4,источники,Гугл Карты,Квалы,0,8,0,Roistat report-24 апрель-июль: недельные суммы по воронке СПБ АШ [SOURCE_CITY=СПБ],2026-09-04T13:11:11,0,0
2026-04-20-source-recalc-spb-googlemaps-продажи,2026-04-20,2026-04,4,источники,Гугл Карты,Продажи,0,3,0,Roistat report-24 апрель-июль: недельные суммы по воронке СПБ АШ [SOURCE_CITY=СПБ],2026-09-04T13:11:11,0,0
2026-04-20-source-recalc-spb-direct-лиды,2026-04-20,2026-04,4,источники,Директ,Лиды,0,95,0,Roistat report-24 апрель-июль: недельные суммы по воронке СПБ АШ [SOURCE_CITY=СПБ],2026-09-04T13:11:11,0,0
2026-04-20-source-recalc-spb-direct-квалы,2026-04-20,2026-04,4,источники,Директ,Квалы,0,32,0,Roistat report-24 апрель-июль: недельные суммы по воронке СПБ АШ [SOURCE_CITY=СПБ],2026-09-04T13:11:11,0,0
2026-04-20-source-recalc-spb-direct-продажи,2026-04-20,2026-04,4,источники,Директ,Продажи,0,5,0,Roistat report-24 апрель-июль: недельные суммы по воронке СПБ АШ [SOURCE_CITY=СПБ],2026-09-04T13:11:11,0,0
2026-04-20-source-recalc-spb-other-лиды,2026-04-20,2026-04,4,источники,Другие,Лиды,0,397,0,Roistat report-24 апрель-июль: недельные суммы по воронке СПБ АШ [SOURCE_CITY=СПБ],2026-09-04T13:11:11,0,0
2026-04-20-source-recalc-spb-other-квалы,2026-04-20,2026-04,4,источники,Другие,Квалы,0,72,0,Roistat report-24 апрель-июль: недельные суммы по воронке СПБ АШ [SOURCE_CITY=СПБ],2026-09-04T13:11:11,0,0
2026-04-20-source-recalc-spb-other-продажи,2026-04-20,2026-04,4,источники,Другие,Продажи,0,11,0,Roistat report-24 апрель-июль: недельные суммы по воронке СПБ АШ [SOURCE_CITY=СПБ],2026-09-04T13:11:11,0,0
2026-04-20-source-recalc-spb-directvisits-лиды,2026-04-20,2026-04,4,источники,Прямые визиты,Лиды,0,2,0,Roistat report-24 апрель-июль: недельные суммы по воронке СПБ АШ [SOURCE_CITY=СПБ],2026-09-04T13:11:11,0,0
2026-04-20-source-recalc-spb-cashback-лиды,2026-04-20,2026-04,4,источники,Рек/кешбэк,Лиды,0,5,0,Roistat report-24 апрель-июль: недельные суммы по воронке СПБ АШ [SOURCE_CITY=СПБ],2026-09-04T13:11:11,0,0
2026-04-20-source-recalc-spb-cashback-квалы,2026-04-20,2026-04,4,источники,Рек/кешбэк,Квалы,0,4,0,Roistat report-24 апрель-июль: недельные суммы по воронке СПБ АШ [SOURCE_CITY=СПБ],2026-09-04T13:11:11,0,0
2026-04-20-source-recalc-spb-cashback-продажи,2026-04-20,2026-04,4,источники,Рек/кешбэк,Продажи,0,3,0,Roistat report-24 апрель-июль: недельные суммы по воронке СПБ АШ [SOURCE_CITY=СПБ],2026-09-04T13:11:11,0,0
2026-04-20-source-recalc-spb-yandexmaps-лиды,2026-04-20,2026-04,4,источники,Яндекс Карты,Лиды,0,69,0,Roistat report-24 апрель-июль: недельные суммы по воронке СПБ АШ [SOURCE_CITY=СПБ],2026-09-04T13:11:11,0,0
2026-04-20-source-recalc-spb-yandexmaps-квалы,2026-04-20,2026-04,4,источники,Яндекс Карты,Квалы,0,28,0,Roistat report-24 апрель-июль: недельные суммы по воронке СПБ АШ [SOURCE_CITY=СПБ],2026-09-04T13:11:11,0,0
2026-04-20-source-recalc-spb-yandexmaps-продажи,2026-04-20,2026-04,4,источники,Яндекс Карты,Продажи,0,7,0,Roistat report-24 апрель-июль: недельные суммы по воронке СПБ АШ [SOURCE_CITY=СПБ],2026-09-04T13:11:11,0,0
2026-04-27-source-recalc-msk-2gis-лиды,2026-04-27,2026-04,5,источники,2ГИС,Лиды,0,26,0,Roistat report-24 апрель-июль: недельные суммы по воронке МСК АШ [SOURCE_CITY=МСК],2026-09-04T13:11:11,0,0
2026-04-27-source-recalc-msk-2gis-квалы,2026-04-27,2026-04,5,источники,2ГИС,Квалы,0,13,0,Roistat report-24 апрель-июль: недельные суммы по воронке МСК АШ [SOURCE_CITY=МСК],2026-09-04T13:11:11,0,0
2026-04-27-source-recalc-msk-2gis-продажи,2026-04-27,2026-04,5,источники,2ГИС,Продажи,0,5,0,Roistat report-24 апрель-июль: недельные суммы по воронке МСК АШ [SOURCE_CITY=МСК],2026-09-04T13:11:11,0,0
2026-04-27-source-recalc-msk-seo-лиды,2026-04-27,2026-04,5,источники,SEO,Лиды,0,4,0,Roistat report-24 апрель-июль: недельные суммы по воронке МСК АШ [SOURCE_CITY=МСК],2026-09-04T13:11:11,0,0
2026-04-27-source-recalc-msk-seo-квалы,2026-04-27,2026-04,5,источники,SEO,Квалы,0,2,0,Roistat report-24 апрель-июль: недельные суммы по воронке МСК АШ [SOURCE_CITY=МСК],2026-09-04T13:11:11,0,0
2026-04-27-source-recalc-msk-seo-продажи,2026-04-27,2026-04,5,источники,SEO,Продажи,0,3,0,Roistat report-24 апрель-июль: недельные суммы по воронке МСК АШ [SOURCE_CITY=МСК],2026-09-04T13:11:11,0,0
2026-04-27-source-recalc-msk-googlemaps-лиды,2026-04-27,2026-04,5,источники,Гугл Карты,Лиды,0,11,0,Roistat report-24 апрель-июль: недельные суммы по воронке МСК АШ [SOURCE_CITY=МСК],2026-09-04T13:11:11,0,0
2026-04-27-source-recalc-msk-googlemaps-квалы,2026-04-27,2026-04,5,источники,Гугл Карты,Квалы,0,6,0,Roistat report-24 апрель-июль: недельные суммы по воронке МСК АШ [SOURCE_CITY=МСК],2026-09-04T13:11:11,0,0
2026-04-27-source-recalc-msk-googlemaps-продажи,2026-04-27,2026-04,5,источники,Гугл Карты,Продажи,0,2,0,Roistat report-24 апрель-июль: недельные суммы по воронке МСК АШ [SOURCE_CITY=МСК],2026-09-04T13:11:11,0,0
2026-04-27-source-recalc-msk-direct-лиды,2026-04-27,2026-04,5,источники,Директ,Лиды,0,33,0,Roistat report-24 апрель-июль: недельные суммы по воронке МСК АШ [SOURCE_CITY=МСК],2026-09-04T13:11:11,0,0
2026-04-27-source-recalc-msk-direct-квалы,2026-04-27,2026-04,5,источники,Директ,Квалы,0,9,0,Roistat report-24 апрель-июль: недельные суммы по воронке МСК АШ [SOURCE_CITY=МСК],2026-09-04T13:11:11,0,0
2026-04-27-source-recalc-msk-direct-продажи,2026-04-27,2026-04,5,источники,Директ,Продажи,0,1,0,Roistat report-24 апрель-июль: недельные суммы по воронке МСК АШ [SOURCE_CITY=МСК],2026-09-04T13:11:11,0,0
2026-04-27-source-recalc-msk-other-лиды,2026-04-27,2026-04,5,источники,Другие,Лиды,0,138,0,Roistat report-24 апрель-июль: недельные суммы по воронке МСК АШ [SOURCE_CITY=МСК],2026-09-04T13:11:11,0,0
2026-04-27-source-recalc-msk-other-квалы,2026-04-27,2026-04,5,источники,Другие,Квалы,0,31,0,Roistat report-24 апрель-июль: недельные суммы по воронке МСК АШ [SOURCE_CITY=МСК],2026-09-04T13:11:11,0,0
2026-04-27-source-recalc-msk-other-продажи,2026-04-27,2026-04,5,источники,Другие,Продажи,0,10,0,Roistat report-24 апрель-июль: недельные суммы по воронке МСК АШ [SOURCE_CITY=МСК],2026-09-04T13:11:11,0,0
2026-04-27-source-recalc-msk-directvisits-лиды,2026-04-27,2026-04,5,источники,Прямые визиты,Лиды,0,4,0,Roistat report-24 апрель-июль: недельные суммы по воронке МСК АШ [SOURCE_CITY=МСК],2026-09-04T13:11:11,0,0
2026-04-27-source-recalc-msk-directvisits-квалы,2026-04-27,2026-04,5,источники,Прямые визиты,Квалы,0,3,0,Roistat report-24 апрель-июль: недельные суммы по воронке МСК АШ [SOURCE_CITY=МСК],2026-09-04T13:11:11,0,0
2026-04-27-source-recalc-msk-cashback-лиды,2026-04-27,2026-04,5,источники,Рек/кешбэк,Лиды,0,2,0,Roistat report-24 апрель-июль: недельные суммы по воронке МСК АШ [SOURCE_CITY=МСК],2026-09-04T13:11:11,0,0
2026-04-27-source-recalc-msk-cashback-квалы,2026-04-27,2026-04,5,источники,Рек/кешбэк,Квалы,0,1,0,Roistat report-24 апрель-июль: недельные суммы по воронке МСК АШ [SOURCE_CITY=МСК],2026-09-04T13:11:11,0,0
2026-04-27-source-recalc-msk-cashback-продажи,2026-04-27,2026-04,5,источники,Рек/кешбэк,Продажи,0,1,0,Roistat report-24 апрель-июль: недельные суммы по воронке МСК АШ [SOURCE_CITY=МСК],2026-09-04T13:11:11,0,0
2026-04-27-source-recalc-msk-yandexmaps-лиды,2026-04-27,2026-04,5,источники,Яндекс Карты,Лиды,0,76,0,Roistat report-24 апрель-июль: недельные суммы по воронке МСК АШ [SOURCE_CITY=МСК],2026-09-04T13:11:11,0,0
2026-04-27-source-recalc-msk-yandexmaps-квалы,2026-04-27,2026-04,5,источники,Яндекс Карты,Квалы,0,41,0,Roistat report-24 апрель-июль: недельные суммы по воронке МСК АШ [SOURCE_CITY=МСК],2026-09-04T13:11:11,0,0
2026-04-27-source-recalc-msk-yandexmaps-продажи,2026-04-27,2026-04,5,источники,Яндекс Карты,Продажи,0,15,0,Roistat report-24 апрель-июль: недельные суммы по воронке МСК АШ [SOURCE_CITY=МСК],2026-09-04T13:11:11,0,0
2026-04-27-source-recalc-spb-2gis-лиды,2026-04-27,2026-04,5,источники,2ГИС,Лиды,0,26,0,Roistat report-24 апрель-июль: недельные суммы по воронке СПБ АШ [SOURCE_CITY=СПБ],2026-09-04T13:11:11,0,0
2026-04-27-source-recalc-spb-2gis-квалы,2026-04-27,2026-04,5,источники,2ГИС,Квалы,0,6,0,Roistat report-24 апрель-июль: недельные суммы по воронке СПБ АШ [SOURCE_CITY=СПБ],2026-09-04T13:11:11,0,0
2026-04-27-source-recalc-spb-2gis-продажи,2026-04-27,2026-04,5,источники,2ГИС,Продажи,0,1,0,Roistat report-24 апрель-июль: недельные суммы по воронке СПБ АШ [SOURCE_CITY=СПБ],2026-09-04T13:11:11,0,0
2026-04-27-source-recalc-spb-seo-лиды,2026-04-27,2026-04,5,источники,SEO,Лиды,0,15,0,Roistat report-24 апрель-июль: недельные суммы по воронке СПБ АШ [SOURCE_CITY=СПБ],2026-09-04T13:11:11,0,0
2026-04-27-source-recalc-spb-seo-квалы,2026-04-27,2026-04,5,источники,SEO,Квалы,0,9,0,Roistat report-24 апрель-июль: недельные суммы по воронке СПБ АШ [SOURCE_CITY=СПБ],2026-09-04T13:11:11,0,0
2026-04-27-source-recalc-spb-seo-продажи,2026-04-27,2026-04,5,источники,SEO,Продажи,0,3,0,Roistat report-24 апрель-июль: недельные суммы по воронке СПБ АШ [SOURCE_CITY=СПБ],2026-09-04T13:11:11,0,0
2026-04-27-source-recalc-spb-vk-лиды,2026-04-27,2026-04,5,источники,ВКонтакте,Лиды,0,1,0,Roistat report-24 апрель-июль: недельные суммы по воронке СПБ АШ [SOURCE_CITY=СПБ],2026-09-04T13:11:11,0,0
2026-04-27-source-recalc-spb-vk-квалы,2026-04-27,2026-04,5,источники,ВКонтакте,Квалы,0,1,0,Roistat report-24 апрель-июль: недельные суммы по воронке СПБ АШ [SOURCE_CITY=СПБ],2026-09-04T13:11:11,0,0
2026-04-27-source-recalc-spb-googlemaps-лиды,2026-04-27,2026-04,5,источники,Гугл Карты,Лиды,0,5,0,Roistat report-24 апрель-июль: недельные суммы по воронке СПБ АШ [SOURCE_CITY=СПБ],2026-09-04T13:11:11,0,0
2026-04-27-source-recalc-spb-googlemaps-квалы,2026-04-27,2026-04,5,источники,Гугл Карты,Квалы,0,1,0,Roistat report-24 апрель-июль: недельные суммы по воронке СПБ АШ [SOURCE_CITY=СПБ],2026-09-04T13:11:11,0,0
2026-04-27-source-recalc-spb-googlemaps-продажи,2026-04-27,2026-04,5,источники,Гугл Карты,Продажи,0,1,0,Roistat report-24 апрель-июль: недельные суммы по воронке СПБ АШ [SOURCE_CITY=СПБ],2026-09-04T13:11:11,0,0
2026-04-27-source-recalc-spb-direct-лиды,2026-04-27,2026-04,5,источники,Директ,Лиды,0,47,0,Roistat report-24 апрель-июль: недельные суммы по воронке СПБ АШ [SOURCE_CITY=СПБ],2026-09-04T13:11:11,0,0
2026-04-27-source-recalc-spb-direct-квалы,2026-04-27,2026-04,5,источники,Директ,Квалы,0,20,0,Roistat report-24 апрель-июль: недельные суммы по воронке СПБ АШ [SOURCE_CITY=СПБ],2026-09-04T13:11:11,0,0
2026-04-27-source-recalc-spb-direct-продажи,2026-04-27,2026-04,5,источники,Директ,Продажи,0,1,0,Roistat report-24 апрель-июль: недельные суммы по воронке СПБ АШ [SOURCE_CITY=СПБ],2026-09-04T13:11:11,0,0
2026-04-27-source-recalc-spb-other-лиды,2026-04-27,2026-04,5,источники,Другие,Лиды,0,204,0,Roistat report-24 апрель-июль: недельные суммы по воронке СПБ АШ [SOURCE_CITY=СПБ],2026-09-04T13:11:11,0,0
2026-04-27-source-recalc-spb-other-квалы,2026-04-27,2026-04,5,источники,Другие,Квалы,0,49,0,Roistat report-24 апрель-июль: недельные суммы по воронке СПБ АШ [SOURCE_CITY=СПБ],2026-09-04T13:11:11,0,0
2026-04-27-source-recalc-spb-other-продажи,2026-04-27,2026-04,5,источники,Другие,Продажи,0,14,0,Roistat report-24 апрель-июль: недельные суммы по воронке СПБ АШ [SOURCE_CITY=СПБ],2026-09-04T13:11:11,0,0
2026-04-27-source-recalc-spb-cashback-лиды,2026-04-27,2026-04,5,источники,Рек/кешбэк,Лиды,0,1,0,Roistat report-24 апрель-июль: недельные суммы по воронке СПБ АШ [SOURCE_CITY=СПБ],2026-09-04T13:11:11,0,0
2026-04-27-source-recalc-spb-cashback-квалы,2026-04-27,2026-04,5,источники,Рек/кешбэк,Квалы,0,1,0,Roistat report-24 апрель-июль: недельные суммы по воронке СПБ АШ [SOURCE_CITY=СПБ],2026-09-04T13:11:11,0,0
2026-04-27-source-recalc-spb-yandexmaps-лиды,2026-04-27,2026-04,5,источники,Яндекс Карты,Лиды,0,40,0,Roistat report-24 апрель-июль: недельные суммы по воронке СПБ АШ [SOURCE_CITY=СПБ],2026-09-04T13:11:11,0,0
2026-04-27-source-recalc-spb-yandexmaps-квалы,2026-04-27,2026-04,5,источники,Яндекс Карты,Квалы,0,14,0,Roistat report-24 апрель-июль: недельные суммы по воронке СПБ АШ [SOURCE_CITY=СПБ],2026-09-04T13:11:11,0,0
2026-04-27-source-recalc-spb-yandexmaps-продажи,2026-04-27,2026-04,5,источники,Яндекс Карты,Продажи,0,4,0,Roistat report-24 апрель-июль: недельные суммы по воронке СПБ АШ [SOURCE_CITY=СПБ],2026-09-04T13:11:11,0,0
2026-05-01-source-recalc-msk-2gis-лиды,2026-05-01,2026-05,1,источники,2ГИС,Лиды,0,9,0,Roistat report-24 апрель-июль: недельные суммы по воронке МСК АШ [SOURCE_CITY=МСК],2026-09-04T13:11:11,0,0
2026-05-01-source-recalc-msk-2gis-квалы,2026-05-01,2026-05,1,источники,2ГИС,Квалы,0,3,0,Roistat report-24 апрель-июль: недельные суммы по воронке МСК АШ [SOURCE_CITY=МСК],2026-09-04T13:11:11,0,0
2026-05-01-source-recalc-msk-seo-лиды,2026-05-01,2026-05,1,источники,SEO,Лиды,0,2,0,Roistat report-24 апрель-июль: недельные суммы по воронке МСК АШ [SOURCE_CITY=МСК],2026-09-04T13:11:11,0,0
2026-05-01-source-recalc-msk-seo-квалы,2026-05-01,2026-05,1,источники,SEO,Квалы,0,2,0,Roistat report-24 апрель-июль: недельные суммы по воронке МСК АШ [SOURCE_CITY=МСК],2026-09-04T13:11:11,0,0
2026-05-01-source-recalc-msk-vk-лиды,2026-05-01,2026-05,1,источники,ВКонтакте,Лиды,0,1,0,Roistat report-24 апрель-июль: недельные суммы по воронке МСК АШ [SOURCE_CITY=МСК],2026-09-04T13:11:11,0,0
2026-05-01-source-recalc-msk-vk-квалы,2026-05-01,2026-05,1,источники,ВКонтакте,Квалы,0,1,0,Roistat report-24 апрель-июль: недельные суммы по воронке МСК АШ [SOURCE_CITY=МСК],2026-09-04T13:11:11,0,0
2026-05-01-source-recalc-msk-vk-продажи,2026-05-01,2026-05,1,источники,ВКонтакте,Продажи,0,1,0,Roistat report-24 апрель-июль: недельные суммы по воронке МСК АШ [SOURCE_CITY=МСК],2026-09-04T13:11:11,0,0
2026-05-01-source-recalc-msk-googlemaps-лиды,2026-05-01,2026-05,1,источники,Гугл Карты,Лиды,0,6,0,Roistat report-24 апрель-июль: недельные суммы по воронке МСК АШ [SOURCE_CITY=МСК],2026-09-04T13:11:11,0,0
2026-05-01-source-recalc-msk-googlemaps-квалы,2026-05-01,2026-05,1,источники,Гугл Карты,Квалы,0,2,0,Roistat report-24 апрель-июль: недельные суммы по воронке МСК АШ [SOURCE_CITY=МСК],2026-09-04T13:11:11,0,0
2026-05-01-source-recalc-msk-googlemaps-продажи,2026-05-01,2026-05,1,источники,Гугл Карты,Продажи,0,2,0,Roistat report-24 апрель-июль: недельные суммы по воронке МСК АШ [SOURCE_CITY=МСК],2026-09-04T13:11:11,0,0
2026-05-01-source-recalc-msk-direct-лиды,2026-05-01,2026-05,1,источники,Директ,Лиды,0,25,0,Roistat report-24 апрель-июль: недельные суммы по воронке МСК АШ [SOURCE_CITY=МСК],2026-09-04T13:11:11,0,0
2026-05-01-source-recalc-msk-direct-квалы,2026-05-01,2026-05,1,источники,Директ,Квалы,0,12,0,Roistat report-24 апрель-июль: недельные суммы по воронке МСК АШ [SOURCE_CITY=МСК],2026-09-04T13:11:11,0,0
2026-05-01-source-recalc-msk-direct-продажи,2026-05-01,2026-05,1,источники,Директ,Продажи,0,3,0,Roistat report-24 апрель-июль: недельные суммы по воронке МСК АШ [SOURCE_CITY=МСК],2026-09-04T13:11:11,0,0
2026-05-01-source-recalc-msk-other-лиды,2026-05-01,2026-05,1,источники,Другие,Лиды,0,54,0,Roistat report-24 апрель-июль: недельные суммы по воронке МСК АШ [SOURCE_CITY=МСК],2026-09-04T13:11:11,0,0
2026-05-01-source-recalc-msk-other-квалы,2026-05-01,2026-05,1,источники,Другие,Квалы,0,24,0,Roistat report-24 апрель-июль: недельные суммы по воронке МСК АШ [SOURCE_CITY=МСК],2026-09-04T13:11:11,0,0
2026-05-01-source-recalc-msk-other-продажи,2026-05-01,2026-05,1,источники,Другие,Продажи,0,10,0,Roistat report-24 апрель-июль: недельные суммы по воронке МСК АШ [SOURCE_CITY=МСК],2026-09-04T13:11:11,0,0
2026-05-01-source-recalc-msk-directvisits-лиды,2026-05-01,2026-05,1,источники,Прямые визиты,Лиды,0,1,0,Roistat report-24 апрель-июль: недельные суммы по воронке МСК АШ [SOURCE_CITY=МСК],2026-09-04T13:11:11,0,0
2026-05-01-source-recalc-msk-cashback-лиды,2026-05-01,2026-05,1,источники,Рек/кешбэк,Лиды,0,3,0,Roistat report-24 апрель-июль: недельные суммы по воронке МСК АШ [SOURCE_CITY=МСК],2026-09-04T13:11:11,0,0
2026-05-01-source-recalc-msk-cashback-квалы,2026-05-01,2026-05,1,источники,Рек/кешбэк,Квалы,0,1,0,Roistat report-24 апрель-июль: недельные суммы по воронке МСК АШ [SOURCE_CITY=МСК],2026-09-04T13:11:11,0,0
2026-05-01-source-recalc-msk-cashback-продажи,2026-05-01,2026-05,1,источники,Рек/кешбэк,Продажи,0,1,0,Roistat report-24 апрель-июль: недельные суммы по воронке МСК АШ [SOURCE_CITY=МСК],2026-09-04T13:11:11,0,0
2026-05-01-source-recalc-msk-yandexmaps-лиды,2026-05-01,2026-05,1,источники,Яндекс Карты,Лиды,0,34,0,Roistat report-24 апрель-июль: недельные суммы по воронке МСК АШ [SOURCE_CITY=МСК],2026-09-04T13:11:11,0,0
2026-05-01-source-recalc-msk-yandexmaps-квалы,2026-05-01,2026-05,1,источники,Яндекс Карты,Квалы,0,25,0,Roistat report-24 апрель-июль: недельные суммы по воронке МСК АШ [SOURCE_CITY=МСК],2026-09-04T13:11:11,0,0
2026-05-01-source-recalc-msk-yandexmaps-продажи,2026-05-01,2026-05,1,источники,Яндекс Карты,Продажи,0,6,0,Roistat report-24 апрель-июль: недельные суммы по воронке МСК АШ [SOURCE_CITY=МСК],2026-09-04T13:11:11,0,0
2026-05-01-source-recalc-spb-2gis-лиды,2026-05-01,2026-05,1,источники,2ГИС,Лиды,0,9,0,Roistat report-24 апрель-июль: недельные суммы по воронке СПБ АШ [SOURCE_CITY=СПБ],2026-09-04T13:11:11,0,0
2026-05-01-source-recalc-spb-2gis-квалы,2026-05-01,2026-05,1,источники,2ГИС,Квалы,0,6,0,Roistat report-24 апрель-июль: недельные суммы по воронке СПБ АШ [SOURCE_CITY=СПБ],2026-09-04T13:11:11,0,0
2026-05-01-source-recalc-spb-2gis-продажи,2026-05-01,2026-05,1,источники,2ГИС,Продажи,0,1,0,Roistat report-24 апрель-июль: недельные суммы по воронке СПБ АШ [SOURCE_CITY=СПБ],2026-09-04T13:11:11,0,0
2026-05-01-source-recalc-spb-seo-лиды,2026-05-01,2026-05,1,источники,SEO,Лиды,0,3,0,Roistat report-24 апрель-июль: недельные суммы по воронке СПБ АШ [SOURCE_CITY=СПБ],2026-09-04T13:11:11,0,0
2026-05-01-source-recalc-spb-googlemaps-лиды,2026-05-01,2026-05,1,источники,Гугл Карты,Лиды,0,3,0,Roistat report-24 апрель-июль: недельные суммы по воронке СПБ АШ [SOURCE_CITY=СПБ],2026-09-04T13:11:11,0,0
2026-05-01-source-recalc-spb-googlemaps-квалы,2026-05-01,2026-05,1,источники,Гугл Карты,Квалы,0,2,0,Roistat report-24 апрель-июль: недельные суммы по воронке СПБ АШ [SOURCE_CITY=СПБ],2026-09-04T13:11:11,0,0
2026-05-01-source-recalc-spb-direct-лиды,2026-05-01,2026-05,1,источники,Директ,Лиды,0,28,0,Roistat report-24 апрель-июль: недельные суммы по воронке СПБ АШ [SOURCE_CITY=СПБ],2026-09-04T13:11:11,0,0
2026-05-01-source-recalc-spb-direct-квалы,2026-05-01,2026-05,1,источники,Директ,Квалы,0,12,0,Roistat report-24 апрель-июль: недельные суммы по воронке СПБ АШ [SOURCE_CITY=СПБ],2026-09-04T13:11:11,0,0
2026-05-01-source-recalc-spb-other-лиды,2026-05-01,2026-05,1,источники,Другие,Лиды,0,70,0,Roistat report-24 апрель-июль: недельные суммы по воронке СПБ АШ [SOURCE_CITY=СПБ],2026-09-04T13:11:11,0,0
2026-05-01-source-recalc-spb-other-квалы,2026-05-01,2026-05,1,источники,Другие,Квалы,0,23,0,Roistat report-24 апрель-июль: недельные суммы по воронке СПБ АШ [SOURCE_CITY=СПБ],2026-09-04T13:11:11,0,0
2026-05-01-source-recalc-spb-other-продажи,2026-05-01,2026-05,1,источники,Другие,Продажи,0,5,0,Roistat report-24 апрель-июль: недельные суммы по воронке СПБ АШ [SOURCE_CITY=СПБ],2026-09-04T13:11:11,0,0
2026-05-01-source-recalc-spb-cashback-лиды,2026-05-01,2026-05,1,источники,Рек/кешбэк,Лиды,0,1,0,Roistat report-24 апрель-июль: недельные суммы по воронке СПБ АШ [SOURCE_CITY=СПБ],2026-09-04T13:11:11,0,0
2026-05-01-source-recalc-spb-yandexmaps-лиды,2026-05-01,2026-05,1,источники,Яндекс Карты,Лиды,0,15,0,Roistat report-24 апрель-июль: недельные суммы по воронке СПБ АШ [SOURCE_CITY=СПБ],2026-09-04T13:11:11,0,0
2026-05-01-source-recalc-spb-yandexmaps-квалы,2026-05-01,2026-05,1,источники,Яндекс Карты,Квалы,0,10,0,Roistat report-24 апрель-июль: недельные суммы по воронке СПБ АШ [SOURCE_CITY=СПБ],2026-09-04T13:11:11,0,0
2026-05-01-source-recalc-spb-yandexmaps-продажи,2026-05-01,2026-05,1,источники,Яндекс Карты,Продажи,0,4,0,Roistat report-24 апрель-июль: недельные суммы по воронке СПБ АШ [SOURCE_CITY=СПБ],2026-09-04T13:11:11,0,0
2026-05-11-source-recalc-msk-2gis-лиды,2026-05-11,2026-05,3,источники,2ГИС,Лиды,0,56,0,Roistat report-24 апрель-июль: недельные суммы по воронке МСК АШ [SOURCE_CITY=МСК],2026-09-04T13:11:11,0,0
2026-05-11-source-recalc-msk-2gis-квалы,2026-05-11,2026-05,3,источники,2ГИС,Квалы,0,24,0,Roistat report-24 апрель-июль: недельные суммы по воронке МСК АШ [SOURCE_CITY=МСК],2026-09-04T13:11:11,0,0
2026-05-11-source-recalc-msk-2gis-продажи,2026-05-11,2026-05,3,источники,2ГИС,Продажи,0,7,0,Roistat report-24 апрель-июль: недельные суммы по воронке МСК АШ [SOURCE_CITY=МСК],2026-09-04T13:11:11,0,0
2026-05-11-source-recalc-msk-seo-лиды,2026-05-11,2026-05,3,источники,SEO,Лиды,0,5,0,Roistat report-24 апрель-июль: недельные суммы по воронке МСК АШ [SOURCE_CITY=МСК],2026-09-04T13:11:11,0,0
2026-05-11-source-recalc-msk-seo-квалы,2026-05-11,2026-05,3,источники,SEO,Квалы,0,4,0,Roistat report-24 апрель-июль: недельные суммы по воронке МСК АШ [SOURCE_CITY=МСК],2026-09-04T13:11:11,0,0
2026-05-11-source-recalc-msk-seo-продажи,2026-05-11,2026-05,3,источники,SEO,Продажи,0,1,0,Roistat report-24 апрель-июль: недельные суммы по воронке МСК АШ [SOURCE_CITY=МСК],2026-09-04T13:11:11,0,0
2026-05-11-source-recalc-msk-googlemaps-лиды,2026-05-11,2026-05,3,источники,Гугл Карты,Лиды,0,10,0,Roistat report-24 апрель-июль: недельные суммы по воронке МСК АШ [SOURCE_CITY=МСК],2026-09-04T13:11:11,0,0
2026-05-11-source-recalc-msk-googlemaps-квалы,2026-05-11,2026-05,3,источники,Гугл Карты,Квалы,0,4,0,Roistat report-24 апрель-июль: недельные суммы по воронке МСК АШ [SOURCE_CITY=МСК],2026-09-04T13:11:11,0,0
2026-05-11-source-recalc-msk-direct-лиды,2026-05-11,2026-05,3,источники,Директ,Лиды,0,1,0,Roistat report-24 апрель-июль: недельные суммы по воронке МСК АШ [SOURCE_CITY=МСК],2026-09-04T13:11:11,0,0
2026-05-11-source-recalc-msk-other-лиды,2026-05-11,2026-05,3,источники,Другие,Лиды,0,299,0,Roistat report-24 апрель-июль: недельные суммы по воронке МСК АШ [SOURCE_CITY=МСК],2026-09-04T13:11:11,0,0
2026-05-11-source-recalc-msk-other-квалы,2026-05-11,2026-05,3,источники,Другие,Квалы,0,139,0,Roistat report-24 апрель-июль: недельные суммы по воронке МСК АШ [SOURCE_CITY=МСК],2026-09-04T13:11:11,0,0
2026-05-11-source-recalc-msk-other-продажи,2026-05-11,2026-05,3,источники,Другие,Продажи,0,61,0,Roistat report-24 апрель-июль: недельные суммы по воронке МСК АШ [SOURCE_CITY=МСК],2026-09-04T13:11:11,0,0
2026-05-11-source-recalc-msk-directvisits-лиды,2026-05-11,2026-05,3,источники,Прямые визиты,Лиды,0,23,0,Roistat report-24 апрель-июль: недельные суммы по воронке МСК АШ [SOURCE_CITY=МСК],2026-09-04T13:11:11,0,0
2026-05-11-source-recalc-msk-directvisits-квалы,2026-05-11,2026-05,3,источники,Прямые визиты,Квалы,0,11,0,Roistat report-24 апрель-июль: недельные суммы по воронке МСК АШ [SOURCE_CITY=МСК],2026-09-04T13:11:11,0,0
2026-05-11-source-recalc-msk-directvisits-продажи,2026-05-11,2026-05,3,источники,Прямые визиты,Продажи,0,3,0,Roistat report-24 апрель-июль: недельные суммы по воронке МСК АШ [SOURCE_CITY=МСК],2026-09-04T13:11:11,0,0
2026-05-11-source-recalc-msk-cashback-лиды,2026-05-11,2026-05,3,источники,Рек/кешбэк,Лиды,0,6,0,Roistat report-24 апрель-июль: недельные суммы по воронке МСК АШ [SOURCE_CITY=МСК],2026-09-04T13:11:11,0,0
2026-05-11-source-recalc-msk-cashback-квалы,2026-05-11,2026-05,3,источники,Рек/кешбэк,Квалы,0,6,0,Roistat report-24 апрель-июль: недельные суммы по воронке МСК АШ [SOURCE_CITY=МСК],2026-09-04T13:11:11,0,0
2026-05-11-source-recalc-msk-cashback-продажи,2026-05-11,2026-05,3,источники,Рек/кешбэк,Продажи,0,4,0,Roistat report-24 апрель-июль: недельные суммы по воронке МСК АШ [SOURCE_CITY=МСК],2026-09-04T13:11:11,0,0
2026-05-11-source-recalc-msk-yandexmaps-лиды,2026-05-11,2026-05,3,источники,Яндекс Карты,Лиды,0,139,0,Roistat report-24 апрель-июль: недельные суммы по воронке МСК АШ [SOURCE_CITY=МСК],2026-09-04T13:11:11,0,0
2026-05-11-source-recalc-msk-yandexmaps-квалы,2026-05-11,2026-05,3,источники,Яндекс Карты,Квалы,0,70,0,Roistat report-24 апрель-июль: недельные суммы по воронке МСК АШ [SOURCE_CITY=МСК],2026-09-04T13:11:11,0,0
2026-05-11-source-recalc-msk-yandexmaps-продажи,2026-05-11,2026-05,3,источники,Яндекс Карты,Продажи,0,10,0,Roistat report-24 апрель-июль: недельные суммы по воронке МСК АШ [SOURCE_CITY=МСК],2026-09-04T13:11:11,0,0
2026-05-11-source-recalc-spb-2gis-лиды,2026-05-11,2026-05,3,источники,2ГИС,Лиды,0,26,0,Roistat report-24 апрель-июль: недельные суммы по воронке СПБ АШ [SOURCE_CITY=СПБ],2026-09-04T13:11:11,0,0
2026-05-11-source-recalc-spb-2gis-квалы,2026-05-11,2026-05,3,источники,2ГИС,Квалы,0,11,0,Roistat report-24 апрель-июль: недельные суммы по воронке СПБ АШ [SOURCE_CITY=СПБ],2026-09-04T13:11:11,0,0
2026-05-11-source-recalc-spb-2gis-продажи,2026-05-11,2026-05,3,источники,2ГИС,Продажи,0,1,0,Roistat report-24 апрель-июль: недельные суммы по воронке СПБ АШ [SOURCE_CITY=СПБ],2026-09-04T13:11:11,0,0
2026-05-11-source-recalc-spb-seo-лиды,2026-05-11,2026-05,3,источники,SEO,Лиды,0,8,0,Roistat report-24 апрель-июль: недельные суммы по воронке СПБ АШ [SOURCE_CITY=СПБ],2026-09-04T13:11:11,0,0
2026-05-11-source-recalc-spb-seo-квалы,2026-05-11,2026-05,3,источники,SEO,Квалы,0,5,0,Roistat report-24 апрель-июль: недельные суммы по воронке СПБ АШ [SOURCE_CITY=СПБ],2026-09-04T13:11:11,0,0
2026-05-11-source-recalc-spb-zoon-лиды,2026-05-11,2026-05,3,источники,Zoon,Лиды,0,1,0,Roistat report-24 апрель-июль: недельные суммы по воронке СПБ АШ [SOURCE_CITY=СПБ],2026-09-04T13:11:11,0,0
2026-05-11-source-recalc-spb-googlemaps-лиды,2026-05-11,2026-05,3,источники,Гугл Карты,Лиды,0,33,0,Roistat report-24 апрель-июль: недельные суммы по воронке СПБ АШ [SOURCE_CITY=СПБ],2026-09-04T13:11:11,0,0
2026-05-11-source-recalc-spb-googlemaps-квалы,2026-05-11,2026-05,3,источники,Гугл Карты,Квалы,0,10,0,Roistat report-24 апрель-июль: недельные суммы по воронке СПБ АШ [SOURCE_CITY=СПБ],2026-09-04T13:11:11,0,0
2026-05-11-source-recalc-spb-googlemaps-продажи,2026-05-11,2026-05,3,источники,Гугл Карты,Продажи,0,2,0,Roistat report-24 апрель-июль: недельные суммы по воронке СПБ АШ [SOURCE_CITY=СПБ],2026-09-04T13:11:11,0,0
2026-05-11-source-recalc-spb-direct-лиды,2026-05-11,2026-05,3,источники,Директ,Лиды,0,2,0,Roistat report-24 апрель-июль: недельные суммы по воронке СПБ АШ [SOURCE_CITY=СПБ],2026-09-04T13:11:11,0,0
2026-05-11-source-recalc-spb-other-лиды,2026-05-11,2026-05,3,источники,Другие,Лиды,0,288,0,Roistat report-24 апрель-июль: недельные суммы по воронке СПБ АШ [SOURCE_CITY=СПБ],2026-09-04T13:11:11,0,0
2026-05-11-source-recalc-spb-other-квалы,2026-05-11,2026-05,3,источники,Другие,Квалы,0,102,0,Roistat report-24 апрель-июль: недельные суммы по воронке СПБ АШ [SOURCE_CITY=СПБ],2026-09-04T13:11:11,0,0
2026-05-11-source-recalc-spb-other-продажи,2026-05-11,2026-05,3,источники,Другие,Продажи,0,28,0,Roistat report-24 апрель-июль: недельные суммы по воронке СПБ АШ [SOURCE_CITY=СПБ],2026-09-04T13:11:11,0,0
2026-05-11-source-recalc-spb-directvisits-лиды,2026-05-11,2026-05,3,источники,Прямые визиты,Лиды,0,6,0,Roistat report-24 апрель-июль: недельные суммы по воронке СПБ АШ [SOURCE_CITY=СПБ],2026-09-04T13:11:11,0,0
2026-05-11-source-recalc-spb-directvisits-квалы,2026-05-11,2026-05,3,источники,Прямые визиты,Квалы,0,2,0,Roistat report-24 апрель-июль: недельные суммы по воронке СПБ АШ [SOURCE_CITY=СПБ],2026-09-04T13:11:11,0,0
2026-05-11-source-recalc-spb-cashback-лиды,2026-05-11,2026-05,3,источники,Рек/кешбэк,Лиды,0,2,0,Roistat report-24 апрель-июль: недельные суммы по воронке СПБ АШ [SOURCE_CITY=СПБ],2026-09-04T13:11:11,0,0
2026-05-11-source-recalc-spb-cashback-квалы,2026-05-11,2026-05,3,источники,Рек/кешбэк,Квалы,0,2,0,Roistat report-24 апрель-июль: недельные суммы по воронке СПБ АШ [SOURCE_CITY=СПБ],2026-09-04T13:11:11,0,0
2026-05-11-source-recalc-spb-cashback-продажи,2026-05-11,2026-05,3,источники,Рек/кешбэк,Продажи,0,2,0,Roistat report-24 апрель-июль: недельные суммы по воронке СПБ АШ [SOURCE_CITY=СПБ],2026-09-04T13:11:11,0,0
2026-05-11-source-recalc-spb-yandexmaps-лиды,2026-05-11,2026-05,3,источники,Яндекс Карты,Лиды,0,53,0,Roistat report-24 апрель-июль: недельные суммы по воронке СПБ АШ [SOURCE_CITY=СПБ],2026-09-04T13:11:11,0,0
2026-05-11-source-recalc-spb-yandexmaps-квалы,2026-05-11,2026-05,3,источники,Яндекс Карты,Квалы,0,18,0,Roistat report-24 апрель-июль: недельные суммы по воронке СПБ АШ [SOURCE_CITY=СПБ],2026-09-04T13:11:11,0,0
2026-05-11-source-recalc-spb-yandexmaps-продажи,2026-05-11,2026-05,3,источники,Яндекс Карты,Продажи,0,3,0,Roistat report-24 апрель-июль: недельные суммы по воронке СПБ АШ [SOURCE_CITY=СПБ],2026-09-04T13:11:11,0,0
2026-05-18-source-recalc-msk-2gis-лиды,2026-05-18,2026-05,4,источники,2ГИС,Лиды,0,59,0,Roistat report-24 апрель-июль: недельные суммы по воронке МСК АШ [SOURCE_CITY=МСК],2026-09-04T13:11:11,0,0
2026-05-18-source-recalc-msk-2gis-квалы,2026-05-18,2026-05,4,источники,2ГИС,Квалы,0,22,0,Roistat report-24 апрель-июль: недельные суммы по воронке МСК АШ [SOURCE_CITY=МСК],2026-09-04T13:11:11,0,0
2026-05-18-source-recalc-msk-2gis-продажи,2026-05-18,2026-05,4,источники,2ГИС,Продажи,0,7,0,Roistat report-24 апрель-июль: недельные суммы по воронке МСК АШ [SOURCE_CITY=МСК],2026-09-04T13:11:11,0,0
2026-05-18-source-recalc-msk-seo-лиды,2026-05-18,2026-05,4,источники,SEO,Лиды,0,3,0,Roistat report-24 апрель-июль: недельные суммы по воронке МСК АШ [SOURCE_CITY=МСК],2026-09-04T13:11:11,0,0
2026-05-18-source-recalc-msk-seo-квалы,2026-05-18,2026-05,4,источники,SEO,Квалы,0,2,0,Roistat report-24 апрель-июль: недельные суммы по воронке МСК АШ [SOURCE_CITY=МСК],2026-09-04T13:11:11,0,0
2026-05-18-source-recalc-msk-seo-продажи,2026-05-18,2026-05,4,источники,SEO,Продажи,0,1,0,Roistat report-24 апрель-июль: недельные суммы по воронке МСК АШ [SOURCE_CITY=МСК],2026-09-04T13:11:11,0,0
2026-05-18-source-recalc-msk-googlemaps-лиды,2026-05-18,2026-05,4,источники,Гугл Карты,Лиды,0,20,0,Roistat report-24 апрель-июль: недельные суммы по воронке МСК АШ [SOURCE_CITY=МСК],2026-09-04T13:11:11,0,0
2026-05-18-source-recalc-msk-googlemaps-квалы,2026-05-18,2026-05,4,источники,Гугл Карты,Квалы,0,6,0,Roistat report-24 апрель-июль: недельные суммы по воронке МСК АШ [SOURCE_CITY=МСК],2026-09-04T13:11:11,0,0
2026-05-18-source-recalc-msk-googlemaps-продажи,2026-05-18,2026-05,4,источники,Гугл Карты,Продажи,0,2,0,Roistat report-24 апрель-июль: недельные суммы по воронке МСК АШ [SOURCE_CITY=МСК],2026-09-04T13:11:11,0,0
2026-05-18-source-recalc-msk-other-лиды,2026-05-18,2026-05,4,источники,Другие,Лиды,0,300,0,Roistat report-24 апрель-июль: недельные суммы по воронке МСК АШ [SOURCE_CITY=МСК],2026-09-04T13:11:11,0,0
2026-05-18-source-recalc-msk-other-квалы,2026-05-18,2026-05,4,источники,Другие,Квалы,0,118,0,Roistat report-24 апрель-июль: недельные суммы по воронке МСК АШ [SOURCE_CITY=МСК],2026-09-04T13:11:11,0,0
2026-05-18-source-recalc-msk-other-продажи,2026-05-18,2026-05,4,источники,Другие,Продажи,0,60,0,Roistat report-24 апрель-июль: недельные суммы по воронке МСК АШ [SOURCE_CITY=МСК],2026-09-04T13:11:11,0,0
2026-05-18-source-recalc-msk-directvisits-лиды,2026-05-18,2026-05,4,источники,Прямые визиты,Лиды,0,18,0,Roistat report-24 апрель-июль: недельные суммы по воронке МСК АШ [SOURCE_CITY=МСК],2026-09-04T13:11:11,0,0
2026-05-18-source-recalc-msk-directvisits-квалы,2026-05-18,2026-05,4,источники,Прямые визиты,Квалы,0,7,0,Roistat report-24 апрель-июль: недельные суммы по воронке МСК АШ [SOURCE_CITY=МСК],2026-09-04T13:11:11,0,0
2026-05-18-source-recalc-msk-directvisits-продажи,2026-05-18,2026-05,4,источники,Прямые визиты,Продажи,0,4,0,Roistat report-24 апрель-июль: недельные суммы по воронке МСК АШ [SOURCE_CITY=МСК],2026-09-04T13:11:11,0,0
2026-05-18-source-recalc-msk-cashback-лиды,2026-05-18,2026-05,4,источники,Рек/кешбэк,Лиды,0,4,0,Roistat report-24 апрель-июль: недельные суммы по воронке МСК АШ [SOURCE_CITY=МСК],2026-09-04T13:11:11,0,0
2026-05-18-source-recalc-msk-cashback-квалы,2026-05-18,2026-05,4,источники,Рек/кешбэк,Квалы,0,4,0,Roistat report-24 апрель-июль: недельные суммы по воронке МСК АШ [SOURCE_CITY=МСК],2026-09-04T13:11:11,0,0
2026-05-18-source-recalc-msk-cashback-продажи,2026-05-18,2026-05,4,источники,Рек/кешбэк,Продажи,0,3,0,Roistat report-24 апрель-июль: недельные суммы по воронке МСК АШ [SOURCE_CITY=МСК],2026-09-04T13:11:11,0,0
2026-05-18-source-recalc-msk-yandexmaps-лиды,2026-05-18,2026-05,4,источники,Яндекс Карты,Лиды,0,111,0,Roistat report-24 апрель-июль: недельные суммы по воронке МСК АШ [SOURCE_CITY=МСК],2026-09-04T13:11:11,0,0
2026-05-18-source-recalc-msk-yandexmaps-квалы,2026-05-18,2026-05,4,источники,Яндекс Карты,Квалы,0,43,0,Roistat report-24 апрель-июль: недельные суммы по воронке МСК АШ [SOURCE_CITY=МСК],2026-09-04T13:11:11,0,0
2026-05-18-source-recalc-msk-yandexmaps-продажи,2026-05-18,2026-05,4,источники,Яндекс Карты,Продажи,0,13,0,Roistat report-24 апрель-июль: недельные суммы по воронке МСК АШ [SOURCE_CITY=МСК],2026-09-04T13:11:11,0,0
2026-05-18-source-recalc-spb-2gis-лиды,2026-05-18,2026-05,4,источники,2ГИС,Лиды,0,32,0,Roistat report-24 апрель-июль: недельные суммы по воронке СПБ АШ [SOURCE_CITY=СПБ],2026-09-04T13:11:11,0,0
2026-05-18-source-recalc-spb-2gis-квалы,2026-05-18,2026-05,4,источники,2ГИС,Квалы,0,7,0,Roistat report-24 апрель-июль: недельные суммы по воронке СПБ АШ [SOURCE_CITY=СПБ],2026-09-04T13:11:11,0,0
2026-05-18-source-recalc-spb-2gis-продажи,2026-05-18,2026-05,4,источники,2ГИС,Продажи,0,1,0,Roistat report-24 апрель-июль: недельные суммы по воронке СПБ АШ [SOURCE_CITY=СПБ],2026-09-04T13:11:11,0,0
2026-05-18-source-recalc-spb-seo-лиды,2026-05-18,2026-05,4,источники,SEO,Лиды,0,7,0,Roistat report-24 апрель-июль: недельные суммы по воронке СПБ АШ [SOURCE_CITY=СПБ],2026-09-04T13:11:11,0,0
2026-05-18-source-recalc-spb-seo-квалы,2026-05-18,2026-05,4,источники,SEO,Квалы,0,3,0,Roistat report-24 апрель-июль: недельные суммы по воронке СПБ АШ [SOURCE_CITY=СПБ],2026-09-04T13:11:11,0,0
2026-05-18-source-recalc-spb-googlemaps-лиды,2026-05-18,2026-05,4,источники,Гугл Карты,Лиды,0,15,0,Roistat report-24 апрель-июль: недельные суммы по воронке СПБ АШ [SOURCE_CITY=СПБ],2026-09-04T13:11:11,0,0
2026-05-18-source-recalc-spb-googlemaps-квалы,2026-05-18,2026-05,4,источники,Гугл Карты,Квалы,0,2,0,Roistat report-24 апрель-июль: недельные суммы по воронке СПБ АШ [SOURCE_CITY=СПБ],2026-09-04T13:11:11,0,0
2026-05-18-source-recalc-spb-googlemaps-продажи,2026-05-18,2026-05,4,источники,Гугл Карты,Продажи,0,1,0,Roistat report-24 апрель-июль: недельные суммы по воронке СПБ АШ [SOURCE_CITY=СПБ],2026-09-04T13:11:11,0,0
2026-05-18-source-recalc-spb-other-лиды,2026-05-18,2026-05,4,источники,Другие,Лиды,0,358,0,Roistat report-24 апрель-июль: недельные суммы по воронке СПБ АШ [SOURCE_CITY=СПБ],2026-09-04T13:11:11,0,0
2026-05-18-source-recalc-spb-other-квалы,2026-05-18,2026-05,4,источники,Другие,Квалы,0,98,0,Roistat report-24 апрель-июль: недельные суммы по воронке СПБ АШ [SOURCE_CITY=СПБ],2026-09-04T13:11:11,0,0
2026-05-18-source-recalc-spb-other-продажи,2026-05-18,2026-05,4,источники,Другие,Продажи,0,28,0,Roistat report-24 апрель-июль: недельные суммы по воронке СПБ АШ [SOURCE_CITY=СПБ],2026-09-04T13:11:11,0,0
2026-05-18-source-recalc-spb-directvisits-лиды,2026-05-18,2026-05,4,источники,Прямые визиты,Лиды,0,6,0,Roistat report-24 апрель-июль: недельные суммы по воронке СПБ АШ [SOURCE_CITY=СПБ],2026-09-04T13:11:11,0,0
2026-05-18-source-recalc-spb-directvisits-квалы,2026-05-18,2026-05,4,источники,Прямые визиты,Квалы,0,4,0,Roistat report-24 апрель-июль: недельные суммы по воронке СПБ АШ [SOURCE_CITY=СПБ],2026-09-04T13:11:11,0,0
2026-05-18-source-recalc-spb-cashback-лиды,2026-05-18,2026-05,4,источники,Рек/кешбэк,Лиды,0,4,0,Roistat report-24 апрель-июль: недельные суммы по воронке СПБ АШ [SOURCE_CITY=СПБ],2026-09-04T13:11:11,0,0
2026-05-18-source-recalc-spb-cashback-квалы,2026-05-18,2026-05,4,источники,Рек/кешбэк,Квалы,0,4,0,Roistat report-24 апрель-июль: недельные суммы по воронке СПБ АШ [SOURCE_CITY=СПБ],2026-09-04T13:11:11,0,0
2026-05-18-source-recalc-spb-cashback-продажи,2026-05-18,2026-05,4,источники,Рек/кешбэк,Продажи,0,3,0,Roistat report-24 апрель-июль: недельные суммы по воронке СПБ АШ [SOURCE_CITY=СПБ],2026-09-04T13:11:11,0,0
2026-05-18-source-recalc-spb-yandexmaps-лиды,2026-05-18,2026-05,4,источники,Яндекс Карты,Лиды,0,70,0,Roistat report-24 апрель-июль: недельные суммы по воронке СПБ АШ [SOURCE_CITY=СПБ],2026-09-04T13:11:11,0,0
2026-05-18-source-recalc-spb-yandexmaps-квалы,2026-05-18,2026-05,4,источники,Яндекс Карты,Квалы,0,23,0,Roistat report-24 апрель-июль: недельные суммы по воронке СПБ АШ [SOURCE_CITY=СПБ],2026-09-04T13:11:11,0,0
2026-05-18-source-recalc-spb-yandexmaps-продажи,2026-05-18,2026-05,4,источники,Яндекс Карты,Продажи,0,4,0,Roistat report-24 апрель-июль: недельные суммы по воронке СПБ АШ [SOURCE_CITY=СПБ],2026-09-04T13:11:11,0,0
2026-05-25-source-recalc-msk-2gis-лиды,2026-05-25,2026-05,5,источники,2ГИС,Лиды,0,53,0,Roistat report-24 апрель-июль: недельные суммы по воронке МСК АШ [SOURCE_CITY=МСК],2026-09-04T13:11:11,0,0
2026-05-25-source-recalc-msk-2gis-квалы,2026-05-25,2026-05,5,источники,2ГИС,Квалы,0,28,0,Roistat report-24 апрель-июль: недельные суммы по воронке МСК АШ [SOURCE_CITY=МСК],2026-09-04T13:11:11,0,0
2026-05-25-source-recalc-msk-2gis-продажи,2026-05-25,2026-05,5,источники,2ГИС,Продажи,0,9,0,Roistat report-24 апрель-июль: недельные суммы по воронке МСК АШ [SOURCE_CITY=МСК],2026-09-04T13:11:11,0,0
2026-05-25-source-recalc-msk-seo-лиды,2026-05-25,2026-05,5,источники,SEO,Лиды,0,3,0,Roistat report-24 апрель-июль: недельные суммы по воронке МСК АШ [SOURCE_CITY=МСК],2026-09-04T13:11:11,0,0
2026-05-25-source-recalc-msk-seo-квалы,2026-05-25,2026-05,5,источники,SEO,Квалы,0,2,0,Roistat report-24 апрель-июль: недельные суммы по воронке МСК АШ [SOURCE_CITY=МСК],2026-09-04T13:11:11,0,0
2026-05-25-source-recalc-msk-seo-продажи,2026-05-25,2026-05,5,источники,SEO,Продажи,0,1,0,Roistat report-24 апрель-июль: недельные суммы по воронке МСК АШ [SOURCE_CITY=МСК],2026-09-04T13:11:11,0,0
2026-05-25-source-recalc-msk-googlemaps-лиды,2026-05-25,2026-05,5,источники,Гугл Карты,Лиды,0,17,0,Roistat report-24 апрель-июль: недельные суммы по воронке МСК АШ [SOURCE_CITY=МСК],2026-09-04T13:11:11,0,0
2026-05-25-source-recalc-msk-googlemaps-квалы,2026-05-25,2026-05,5,источники,Гугл Карты,Квалы,0,6,0,Roistat report-24 апрель-июль: недельные суммы по воронке МСК АШ [SOURCE_CITY=МСК],2026-09-04T13:11:11,0,0
2026-05-25-source-recalc-msk-googlemaps-продажи,2026-05-25,2026-05,5,источники,Гугл Карты,Продажи,0,1,0,Roistat report-24 апрель-июль: недельные суммы по воронке МСК АШ [SOURCE_CITY=МСК],2026-09-04T13:11:11,0,0
2026-05-25-source-recalc-msk-other-лиды,2026-05-25,2026-05,5,источники,Другие,Лиды,0,311,0,Roistat report-24 апрель-июль: недельные суммы по воронке МСК АШ [SOURCE_CITY=МСК],2026-09-04T13:11:11,0,0
2026-05-25-source-recalc-msk-other-квалы,2026-05-25,2026-05,5,источники,Другие,Квалы,0,153,0,Roistat report-24 апрель-июль: недельные суммы по воронке МСК АШ [SOURCE_CITY=МСК],2026-09-04T13:11:11,0,0
2026-05-25-source-recalc-msk-other-продажи,2026-05-25,2026-05,5,источники,Другие,Продажи,0,68,0,Roistat report-24 апрель-июль: недельные суммы по воронке МСК АШ [SOURCE_CITY=МСК],2026-09-04T13:11:11,0,0
2026-05-25-source-recalc-msk-directvisits-лиды,2026-05-25,2026-05,5,источники,Прямые визиты,Лиды,0,23,0,Roistat report-24 апрель-июль: недельные суммы по воронке МСК АШ [SOURCE_CITY=МСК],2026-09-04T13:11:11,0,0
2026-05-25-source-recalc-msk-directvisits-квалы,2026-05-25,2026-05,5,источники,Прямые визиты,Квалы,0,11,0,Roistat report-24 апрель-июль: недельные суммы по воронке МСК АШ [SOURCE_CITY=МСК],2026-09-04T13:11:11,0,0
2026-05-25-source-recalc-msk-directvisits-продажи,2026-05-25,2026-05,5,источники,Прямые визиты,Продажи,0,3,0,Roistat report-24 апрель-июль: недельные суммы по воронке МСК АШ [SOURCE_CITY=МСК],2026-09-04T13:11:11,0,0
2026-05-25-source-recalc-msk-cashback-лиды,2026-05-25,2026-05,5,источники,Рек/кешбэк,Лиды,0,9,0,Roistat report-24 апрель-июль: недельные суммы по воронке МСК АШ [SOURCE_CITY=МСК],2026-09-04T13:11:11,0,0
2026-05-25-source-recalc-msk-cashback-квалы,2026-05-25,2026-05,5,источники,Рек/кешбэк,Квалы,0,9,0,Roistat report-24 апрель-июль: недельные суммы по воронке МСК АШ [SOURCE_CITY=МСК],2026-09-04T13:11:11,0,0
2026-05-25-source-recalc-msk-cashback-продажи,2026-05-25,2026-05,5,источники,Рек/кешбэк,Продажи,0,6,0,Roistat report-24 апрель-июль: недельные суммы по воронке МСК АШ [SOURCE_CITY=МСК],2026-09-04T13:11:11,0,0
2026-05-25-source-recalc-msk-yandexmaps-лиды,2026-05-25,2026-05,5,источники,Яндекс Карты,Лиды,0,117,0,Roistat report-24 апрель-июль: недельные суммы по воронке МСК АШ [SOURCE_CITY=МСК],2026-09-04T13:11:11,0,0
2026-05-25-source-recalc-msk-yandexmaps-квалы,2026-05-25,2026-05,5,источники,Яндекс Карты,Квалы,0,56,0,Roistat report-24 апрель-июль: недельные суммы по воронке МСК АШ [SOURCE_CITY=МСК],2026-09-04T13:11:11,0,0
2026-05-25-source-recalc-msk-yandexmaps-продажи,2026-05-25,2026-05,5,источники,Яндекс Карты,Продажи,0,16,0,Roistat report-24 апрель-июль: недельные суммы по воронке МСК АШ [SOURCE_CITY=МСК],2026-09-04T13:11:11,0,0
2026-05-25-source-recalc-spb-2gis-лиды,2026-05-25,2026-05,5,источники,2ГИС,Лиды,0,47,0,Roistat report-24 апрель-июль: недельные суммы по воронке СПБ АШ [SOURCE_CITY=СПБ],2026-09-04T13:11:11,0,0
2026-05-25-source-recalc-spb-2gis-квалы,2026-05-25,2026-05,5,источники,2ГИС,Квалы,0,12,0,Roistat report-24 апрель-июль: недельные суммы по воронке СПБ АШ [SOURCE_CITY=СПБ],2026-09-04T13:11:11,0,0
2026-05-25-source-recalc-spb-2gis-продажи,2026-05-25,2026-05,5,источники,2ГИС,Продажи,0,1,0,Roistat report-24 апрель-июль: недельные суммы по воронке СПБ АШ [SOURCE_CITY=СПБ],2026-09-04T13:11:11,0,0
2026-05-25-source-recalc-spb-zoon-лиды,2026-05-25,2026-05,5,источники,Zoon,Лиды,0,1,0,Roistat report-24 апрель-июль: недельные суммы по воронке СПБ АШ [SOURCE_CITY=СПБ],2026-09-04T13:11:11,0,0
2026-05-25-source-recalc-spb-googlemaps-лиды,2026-05-25,2026-05,5,источники,Гугл Карты,Лиды,0,20,0,Roistat report-24 апрель-июль: недельные суммы по воронке СПБ АШ [SOURCE_CITY=СПБ],2026-09-04T13:11:11,0,0
2026-05-25-source-recalc-spb-googlemaps-квалы,2026-05-25,2026-05,5,источники,Гугл Карты,Квалы,0,4,0,Roistat report-24 апрель-июль: недельные суммы по воронке СПБ АШ [SOURCE_CITY=СПБ],2026-09-04T13:11:11,0,0
2026-05-25-source-recalc-spb-googlemaps-продажи,2026-05-25,2026-05,5,источники,Гугл Карты,Продажи,0,2,0,Roistat report-24 апрель-июль: недельные суммы по воронке СПБ АШ [SOURCE_CITY=СПБ],2026-09-04T13:11:11,0,0
2026-05-25-source-recalc-spb-direct-лиды,2026-05-25,2026-05,5,источники,Директ,Лиды,0,2,0,Roistat report-24 апрель-июль: недельные суммы по воронке СПБ АШ [SOURCE_CITY=СПБ],2026-09-04T13:11:11,0,0
2026-05-25-source-recalc-spb-other-лиды,2026-05-25,2026-05,5,источники,Другие,Лиды,0,346,0,Roistat report-24 апрель-июль: недельные суммы по воронке СПБ АШ [SOURCE_CITY=СПБ],2026-09-04T13:11:11,0,0
2026-05-25-source-recalc-spb-other-квалы,2026-05-25,2026-05,5,источники,Другие,Квалы,0,113,0,Roistat report-24 апрель-июль: недельные суммы по воронке СПБ АШ [SOURCE_CITY=СПБ],2026-09-04T13:11:11,0,0
2026-05-25-source-recalc-spb-other-продажи,2026-05-25,2026-05,5,источники,Другие,Продажи,0,37,0,Roistat report-24 апрель-июль: недельные суммы по воронке СПБ АШ [SOURCE_CITY=СПБ],2026-09-04T13:11:11,0,0
2026-05-25-source-recalc-spb-directvisits-лиды,2026-05-25,2026-05,5,источники,Прямые визиты,Лиды,0,5,0,Roistat report-24 апрель-июль: недельные суммы по воронке СПБ АШ [SOURCE_CITY=СПБ],2026-09-04T13:11:11,0,0
2026-05-25-source-recalc-spb-directvisits-квалы,2026-05-25,2026-05,5,источники,Прямые визиты,Квалы,0,4,0,Roistat report-24 апрель-июль: недельные суммы по воронке СПБ АШ [SOURCE_CITY=СПБ],2026-09-04T13:11:11,0,0
2026-05-25-source-recalc-spb-cashback-лиды,2026-05-25,2026-05,5,источники,Рек/кешбэк,Лиды,0,4,0,Roistat report-24 апрель-июль: недельные суммы по воронке СПБ АШ [SOURCE_CITY=СПБ],2026-09-04T13:11:11,0,0
2026-05-25-source-recalc-spb-cashback-квалы,2026-05-25,2026-05,5,источники,Рек/кешбэк,Квалы,0,4,0,Roistat report-24 апрель-июль: недельные суммы по воронке СПБ АШ [SOURCE_CITY=СПБ],2026-09-04T13:11:11,0,0
2026-05-25-source-recalc-spb-cashback-продажи,2026-05-25,2026-05,5,источники,Рек/кешбэк,Продажи,0,4,0,Roistat report-24 апрель-июль: недельные суммы по воронке СПБ АШ [SOURCE_CITY=СПБ],2026-09-04T13:11:11,0,0
2026-05-25-source-recalc-spb-yandexmaps-лиды,2026-05-25,2026-05,5,источники,Яндекс Карты,Лиды,0,54,0,Roistat report-24 апрель-июль: недельные суммы по воронке СПБ АШ [SOURCE_CITY=СПБ],2026-09-04T13:11:11,0,0
2026-05-25-source-recalc-spb-yandexmaps-квалы,2026-05-25,2026-05,5,источники,Яндекс Карты,Квалы,0,20,0,Roistat report-24 апрель-июль: недельные суммы по воронке СПБ АШ [SOURCE_CITY=СПБ],2026-09-04T13:11:11,0,0
2026-06-01-source-recalc-msk-2gis-лиды,2026-06-01,2026-06,1,источники,2ГИС,Лиды,0,66,0,Roistat report-24 апрель-июль: недельные суммы по воронке МСК АШ [SOURCE_CITY=МСК],2026-09-04T13:11:11,0,0
2026-06-01-source-recalc-msk-2gis-квалы,2026-06-01,2026-06,1,источники,2ГИС,Квалы,0,19,0,Roistat report-24 апрель-июль: недельные суммы по воронке МСК АШ [SOURCE_CITY=МСК],2026-09-04T13:11:11,0,0
2026-06-01-source-recalc-msk-2gis-продажи,2026-06-01,2026-06,1,источники,2ГИС,Продажи,0,5,0,Roistat report-24 апрель-июль: недельные суммы по воронке МСК АШ [SOURCE_CITY=МСК],2026-09-04T13:11:11,0,0
2026-06-01-source-recalc-msk-googlemaps-лиды,2026-06-01,2026-06,1,источники,Гугл Карты,Лиды,0,27,0,Roistat report-24 апрель-июль: недельные суммы по воронке МСК АШ [SOURCE_CITY=МСК],2026-09-04T13:11:11,0,0
2026-06-01-source-recalc-msk-googlemaps-квалы,2026-06-01,2026-06,1,источники,Гугл Карты,Квалы,0,5,0,Roistat report-24 апрель-июль: недельные суммы по воронке МСК АШ [SOURCE_CITY=МСК],2026-09-04T13:11:11,0,0
2026-06-01-source-recalc-msk-googlemaps-продажи,2026-06-01,2026-06,1,источники,Гугл Карты,Продажи,0,5,0,Roistat report-24 апрель-июль: недельные суммы по воронке МСК АШ [SOURCE_CITY=МСК],2026-09-04T13:11:11,0,0
2026-06-01-source-recalc-msk-direct-лиды,2026-06-01,2026-06,1,источники,Директ,Лиды,0,1,0,Roistat report-24 апрель-июль: недельные суммы по воронке МСК АШ [SOURCE_CITY=МСК],2026-09-04T13:11:11,0,0
2026-06-01-source-recalc-msk-other-лиды,2026-06-01,2026-06,1,источники,Другие,Лиды,0,336,0,Roistat report-24 апрель-июль: недельные суммы по воронке МСК АШ [SOURCE_CITY=МСК],2026-09-04T13:11:11,0,0
2026-06-01-source-recalc-msk-other-квалы,2026-06-01,2026-06,1,источники,Другие,Квалы,0,148,0,Roistat report-24 апрель-июль: недельные суммы по воронке МСК АШ [SOURCE_CITY=МСК],2026-09-04T13:11:11,0,0
2026-06-01-source-recalc-msk-other-продажи,2026-06-01,2026-06,1,источники,Другие,Продажи,0,64,0,Roistat report-24 апрель-июль: недельные суммы по воронке МСК АШ [SOURCE_CITY=МСК],2026-09-04T13:11:11,0,0
2026-06-01-source-recalc-msk-directvisits-лиды,2026-06-01,2026-06,1,источники,Прямые визиты,Лиды,0,19,0,Roistat report-24 апрель-июль: недельные суммы по воронке МСК АШ [SOURCE_CITY=МСК],2026-09-04T13:11:11,0,0
2026-06-01-source-recalc-msk-directvisits-квалы,2026-06-01,2026-06,1,источники,Прямые визиты,Квалы,0,8,0,Roistat report-24 апрель-июль: недельные суммы по воронке МСК АШ [SOURCE_CITY=МСК],2026-09-04T13:11:11,0,0
2026-06-01-source-recalc-msk-directvisits-продажи,2026-06-01,2026-06,1,источники,Прямые визиты,Продажи,0,2,0,Roistat report-24 апрель-июль: недельные суммы по воронке МСК АШ [SOURCE_CITY=МСК],2026-09-04T13:11:11,0,0
2026-06-01-source-recalc-msk-cashback-лиды,2026-06-01,2026-06,1,источники,Рек/кешбэк,Лиды,0,10,0,Roistat report-24 апрель-июль: недельные суммы по воронке МСК АШ [SOURCE_CITY=МСК],2026-09-04T13:11:11,0,0
2026-06-01-source-recalc-msk-cashback-квалы,2026-06-01,2026-06,1,источники,Рек/кешбэк,Квалы,0,7,0,Roistat report-24 апрель-июль: недельные суммы по воронке МСК АШ [SOURCE_CITY=МСК],2026-09-04T13:11:11,0,0
2026-06-01-source-recalc-msk-cashback-продажи,2026-06-01,2026-06,1,источники,Рек/кешбэк,Продажи,0,8,0,Roistat report-24 апрель-июль: недельные суммы по воронке МСК АШ [SOURCE_CITY=МСК],2026-09-04T13:11:11,0,0
2026-06-01-source-recalc-msk-yandexmaps-лиды,2026-06-01,2026-06,1,источники,Яндекс Карты,Лиды,0,127,0,Roistat report-24 апрель-июль: недельные суммы по воронке МСК АШ [SOURCE_CITY=МСК],2026-09-04T13:11:11,0,0
2026-06-01-source-recalc-msk-yandexmaps-квалы,2026-06-01,2026-06,1,источники,Яндекс Карты,Квалы,0,61,0,Roistat report-24 апрель-июль: недельные суммы по воронке МСК АШ [SOURCE_CITY=МСК],2026-09-04T13:11:11,0,0
2026-06-01-source-recalc-msk-yandexmaps-продажи,2026-06-01,2026-06,1,источники,Яндекс Карты,Продажи,0,4,0,Roistat report-24 апрель-июль: недельные суммы по воронке МСК АШ [SOURCE_CITY=МСК],2026-09-04T13:11:11,0,0
2026-06-01-source-recalc-spb-2gis-лиды,2026-06-01,2026-06,1,источники,2ГИС,Лиды,0,37,0,Roistat report-24 апрель-июль: недельные суммы по воронке СПБ АШ [SOURCE_CITY=СПБ],2026-09-04T13:11:11,0,0
2026-06-01-source-recalc-spb-2gis-квалы,2026-06-01,2026-06,1,источники,2ГИС,Квалы,0,10,0,Roistat report-24 апрель-июль: недельные суммы по воронке СПБ АШ [SOURCE_CITY=СПБ],2026-09-04T13:11:11,0,0
2026-06-01-source-recalc-spb-2gis-продажи,2026-06-01,2026-06,1,источники,2ГИС,Продажи,0,3,0,Roistat report-24 апрель-июль: недельные суммы по воронке СПБ АШ [SOURCE_CITY=СПБ],2026-09-04T13:11:11,0,0
2026-06-01-source-recalc-spb-seo-лиды,2026-06-01,2026-06,1,источники,SEO,Лиды,0,1,0,Roistat report-24 апрель-июль: недельные суммы по воронке СПБ АШ [SOURCE_CITY=СПБ],2026-09-04T13:11:11,0,0
2026-06-01-source-recalc-spb-seo-квалы,2026-06-01,2026-06,1,источники,SEO,Квалы,0,1,0,Roistat report-24 апрель-июль: недельные суммы по воронке СПБ АШ [SOURCE_CITY=СПБ],2026-09-04T13:11:11,0,0
2026-06-01-source-recalc-spb-vk-лиды,2026-06-01,2026-06,1,источники,ВКонтакте,Лиды,0,1,0,Roistat report-24 апрель-июль: недельные суммы по воронке СПБ АШ [SOURCE_CITY=СПБ],2026-09-04T13:11:11,0,0
2026-06-01-source-recalc-spb-vk-квалы,2026-06-01,2026-06,1,источники,ВКонтакте,Квалы,0,1,0,Roistat report-24 апрель-июль: недельные суммы по воронке СПБ АШ [SOURCE_CITY=СПБ],2026-09-04T13:11:11,0,0
2026-06-01-source-recalc-spb-googlemaps-лиды,2026-06-01,2026-06,1,источники,Гугл Карты,Лиды,0,21,0,Roistat report-24 апрель-июль: недельные суммы по воронке СПБ АШ [SOURCE_CITY=СПБ],2026-09-04T13:11:11,0,0
2026-06-01-source-recalc-spb-googlemaps-квалы,2026-06-01,2026-06,1,источники,Гугл Карты,Квалы,0,4,0,Roistat report-24 апрель-июль: недельные суммы по воронке СПБ АШ [SOURCE_CITY=СПБ],2026-09-04T13:11:11,0,0
2026-06-01-source-recalc-spb-googlemaps-продажи,2026-06-01,2026-06,1,источники,Гугл Карты,Продажи,0,2,0,Roistat report-24 апрель-июль: недельные суммы по воронке СПБ АШ [SOURCE_CITY=СПБ],2026-09-04T13:11:11,0,0
2026-06-01-source-recalc-spb-direct-лиды,2026-06-01,2026-06,1,источники,Директ,Лиды,0,3,0,Roistat report-24 апрель-июль: недельные суммы по воронке СПБ АШ [SOURCE_CITY=СПБ],2026-09-04T13:11:11,0,0
2026-06-01-source-recalc-spb-other-лиды,2026-06-01,2026-06,1,источники,Другие,Лиды,0,261,0,Roistat report-24 апрель-июль: недельные суммы по воронке СПБ АШ [SOURCE_CITY=СПБ],2026-09-04T13:11:11,0,0
2026-06-01-source-recalc-spb-other-квалы,2026-06-01,2026-06,1,источники,Другие,Квалы,0,107,0,Roistat report-24 апрель-июль: недельные суммы по воронке СПБ АШ [SOURCE_CITY=СПБ],2026-09-04T13:11:11,0,0
2026-06-01-source-recalc-spb-other-продажи,2026-06-01,2026-06,1,источники,Другие,Продажи,0,26,0,Roistat report-24 апрель-июль: недельные суммы по воронке СПБ АШ [SOURCE_CITY=СПБ],2026-09-04T13:11:11,0,0
2026-06-01-source-recalc-spb-directvisits-лиды,2026-06-01,2026-06,1,источники,Прямые визиты,Лиды,0,6,0,Roistat report-24 апрель-июль: недельные суммы по воронке СПБ АШ [SOURCE_CITY=СПБ],2026-09-04T13:11:11,0,0
2026-06-01-source-recalc-spb-directvisits-квалы,2026-06-01,2026-06,1,источники,Прямые визиты,Квалы,0,3,0,Roistat report-24 апрель-июль: недельные суммы по воронке СПБ АШ [SOURCE_CITY=СПБ],2026-09-04T13:11:11,0,0
2026-06-01-source-recalc-spb-directvisits-продажи,2026-06-01,2026-06,1,источники,Прямые визиты,Продажи,0,1,0,Roistat report-24 апрель-июль: недельные суммы по воронке СПБ АШ [SOURCE_CITY=СПБ],2026-09-04T13:11:11,0,0
2026-06-01-source-recalc-spb-cashback-лиды,2026-06-01,2026-06,1,источники,Рек/кешбэк,Лиды,0,4,0,Roistat report-24 апрель-июль: недельные суммы по воронке СПБ АШ [SOURCE_CITY=СПБ],2026-09-04T13:11:11,0,0
2026-06-01-source-recalc-spb-cashback-квалы,2026-06-01,2026-06,1,источники,Рек/кешбэк,Квалы,0,4,0,Roistat report-24 апрель-июль: недельные суммы по воронке СПБ АШ [SOURCE_CITY=СПБ],2026-09-04T13:11:11,0,0
2026-06-01-source-recalc-spb-cashback-продажи,2026-06-01,2026-06,1,источники,Рек/кешбэк,Продажи,0,3,0,Roistat report-24 апрель-июль: недельные суммы по воронке СПБ АШ [SOURCE_CITY=СПБ],2026-09-04T13:11:11,0,0
2026-06-01-source-recalc-spb-yandexmaps-лиды,2026-06-01,2026-06,1,источники,Яндекс Карты,Лиды,0,86,0,Roistat report-24 апрель-июль: недельные суммы по воронке СПБ АШ [SOURCE_CITY=СПБ],2026-09-04T13:11:11,0,0
2026-06-01-source-recalc-spb-yandexmaps-квалы,2026-06-01,2026-06,1,источники,Яндекс Карты,Квалы,0,40,0,Roistat report-24 апрель-июль: недельные суммы по воронке СПБ АШ [SOURCE_CITY=СПБ],2026-09-04T13:11:11,0,0
2026-06-01-source-recalc-spb-yandexmaps-продажи,2026-06-01,2026-06,1,источники,Яндекс Карты,Продажи,0,4,0,Roistat report-24 апрель-июль: недельные суммы по воронке СПБ АШ [SOURCE_CITY=СПБ],2026-09-04T13:11:11,0,0
2026-06-08-source-recalc-msk-2gis-лиды,2026-06-08,2026-06,2,источники,2ГИС,Лиды,0,43,0,Roistat report-24 апрель-июль: недельные суммы по воронке МСК АШ [SOURCE_CITY=МСК],2026-09-04T13:11:11,0,0
2026-06-08-source-recalc-msk-2gis-квалы,2026-06-08,2026-06,2,источники,2ГИС,Квалы,0,21,0,Roistat report-24 апрель-июль: недельные суммы по воронке МСК АШ [SOURCE_CITY=МСК],2026-09-04T13:11:11,0,0
2026-06-08-source-recalc-msk-2gis-продажи,2026-06-08,2026-06,2,источники,2ГИС,Продажи,0,9,0,Roistat report-24 апрель-июль: недельные суммы по воронке МСК АШ [SOURCE_CITY=МСК],2026-09-04T13:11:11,0,0
2026-06-08-source-recalc-msk-seo-лиды,2026-06-08,2026-06,2,источники,SEO,Лиды,0,1,0,Roistat report-24 апрель-июль: недельные суммы по воронке МСК АШ [SOURCE_CITY=МСК],2026-09-04T13:11:11,0,0
2026-06-08-source-recalc-msk-seo-квалы,2026-06-08,2026-06,2,источники,SEO,Квалы,0,1,0,Roistat report-24 апрель-июль: недельные суммы по воронке МСК АШ [SOURCE_CITY=МСК],2026-09-04T13:11:11,0,0
2026-06-08-source-recalc-msk-seo-продажи,2026-06-08,2026-06,2,источники,SEO,Продажи,0,1,0,Roistat report-24 апрель-июль: недельные суммы по воронке МСК АШ [SOURCE_CITY=МСК],2026-09-04T13:11:11,0,0
2026-06-08-source-recalc-msk-vk-лиды,2026-06-08,2026-06,2,источники,ВКонтакте,Лиды,0,1,0,Roistat report-24 апрель-июль: недельные суммы по воронке МСК АШ [SOURCE_CITY=МСК],2026-09-04T13:11:11,0,0
2026-06-08-source-recalc-msk-googlemaps-лиды,2026-06-08,2026-06,2,источники,Гугл Карты,Лиды,0,19,0,Roistat report-24 апрель-июль: недельные суммы по воронке МСК АШ [SOURCE_CITY=МСК],2026-09-04T13:11:11,0,0
2026-06-08-source-recalc-msk-googlemaps-квалы,2026-06-08,2026-06,2,источники,Гугл Карты,Квалы,0,15,0,Roistat report-24 апрель-июль: недельные суммы по воронке МСК АШ [SOURCE_CITY=МСК],2026-09-04T13:11:11,0,0
2026-06-08-source-recalc-msk-googlemaps-продажи,2026-06-08,2026-06,2,источники,Гугл Карты,Продажи,0,5,0,Roistat report-24 апрель-июль: недельные суммы по воронке МСК АШ [SOURCE_CITY=МСК],2026-09-04T13:11:11,0,0
2026-06-08-source-recalc-msk-direct-лиды,2026-06-08,2026-06,2,источники,Директ,Лиды,0,2,0,Roistat report-24 апрель-июль: недельные суммы по воронке МСК АШ [SOURCE_CITY=МСК],2026-09-04T13:11:11,0,0
2026-06-08-source-recalc-msk-other-лиды,2026-06-08,2026-06,2,источники,Другие,Лиды,0,311,0,Roistat report-24 апрель-июль: недельные суммы по воронке МСК АШ [SOURCE_CITY=МСК],2026-09-04T13:11:11,0,0
2026-06-08-source-recalc-msk-other-квалы,2026-06-08,2026-06,2,источники,Другие,Квалы,0,166,0,Roistat report-24 апрель-июль: недельные суммы по воронке МСК АШ [SOURCE_CITY=МСК],2026-09-04T13:11:11,0,0
2026-06-08-source-recalc-msk-other-продажи,2026-06-08,2026-06,2,источники,Другие,Продажи,0,81,0,Roistat report-24 апрель-июль: недельные суммы по воронке МСК АШ [SOURCE_CITY=МСК],2026-09-04T13:11:11,0,0
2026-06-08-source-recalc-msk-directvisits-лиды,2026-06-08,2026-06,2,источники,Прямые визиты,Лиды,0,26,0,Roistat report-24 апрель-июль: недельные суммы по воронке МСК АШ [SOURCE_CITY=МСК],2026-09-04T13:11:11,0,0
2026-06-08-source-recalc-msk-directvisits-квалы,2026-06-08,2026-06,2,источники,Прямые визиты,Квалы,0,8,0,Roistat report-24 апрель-июль: недельные суммы по воронке МСК АШ [SOURCE_CITY=МСК],2026-09-04T13:11:11,0,0
2026-06-08-source-recalc-msk-directvisits-продажи,2026-06-08,2026-06,2,источники,Прямые визиты,Продажи,0,2,0,Roistat report-24 апрель-июль: недельные суммы по воронке МСК АШ [SOURCE_CITY=МСК],2026-09-04T13:11:11,0,0
2026-06-08-source-recalc-msk-cashback-лиды,2026-06-08,2026-06,2,источники,Рек/кешбэк,Лиды,0,15,0,Roistat report-24 апрель-июль: недельные суммы по воронке МСК АШ [SOURCE_CITY=МСК],2026-09-04T13:11:11,0,0
2026-06-08-source-recalc-msk-cashback-квалы,2026-06-08,2026-06,2,источники,Рек/кешбэк,Квалы,0,11,0,Roistat report-24 апрель-июль: недельные суммы по воронке МСК АШ [SOURCE_CITY=МСК],2026-09-04T13:11:11,0,0
2026-06-08-source-recalc-msk-cashback-продажи,2026-06-08,2026-06,2,источники,Рек/кешбэк,Продажи,0,6,0,Roistat report-24 апрель-июль: недельные суммы по воронке МСК АШ [SOURCE_CITY=МСК],2026-09-04T13:11:11,0,0
2026-06-08-source-recalc-msk-yandexmaps-лиды,2026-06-08,2026-06,2,источники,Яндекс Карты,Лиды,0,160,0,Roistat report-24 апрель-июль: недельные суммы по воронке МСК АШ [SOURCE_CITY=МСК],2026-09-04T13:11:11,0,0
2026-06-08-source-recalc-msk-yandexmaps-квалы,2026-06-08,2026-06,2,источники,Яндекс Карты,Квалы,0,72,0,Roistat report-24 апрель-июль: недельные суммы по воронке МСК АШ [SOURCE_CITY=МСК],2026-09-04T13:11:11,0,0
2026-06-08-source-recalc-msk-yandexmaps-продажи,2026-06-08,2026-06,2,источники,Яндекс Карты,Продажи,0,13,0,Roistat report-24 апрель-июль: недельные суммы по воронке МСК АШ [SOURCE_CITY=МСК],2026-09-04T13:11:11,0,0
2026-06-08-source-recalc-spb-2gis-лиды,2026-06-08,2026-06,2,источники,2ГИС,Лиды,0,31,0,Roistat report-24 апрель-июль: недельные суммы по воронке СПБ АШ [SOURCE_CITY=СПБ],2026-09-04T13:11:11,0,0
2026-06-08-source-recalc-spb-2gis-квалы,2026-06-08,2026-06,2,источники,2ГИС,Квалы,0,12,0,Roistat report-24 апрель-июль: недельные суммы по воронке СПБ АШ [SOURCE_CITY=СПБ],2026-09-04T13:11:11,0,0
2026-06-08-source-recalc-spb-2gis-продажи,2026-06-08,2026-06,2,источники,2ГИС,Продажи,0,1,0,Roistat report-24 апрель-июль: недельные суммы по воронке СПБ АШ [SOURCE_CITY=СПБ],2026-09-04T13:11:11,0,0
2026-06-08-source-recalc-spb-zoon-лиды,2026-06-08,2026-06,2,источники,Zoon,Лиды,0,1,0,Roistat report-24 апрель-июль: недельные суммы по воронке СПБ АШ [SOURCE_CITY=СПБ],2026-09-04T13:11:11,0,0
2026-06-08-source-recalc-spb-googlemaps-лиды,2026-06-08,2026-06,2,источники,Гугл Карты,Лиды,0,10,0,Roistat report-24 апрель-июль: недельные суммы по воронке СПБ АШ [SOURCE_CITY=СПБ],2026-09-04T13:11:11,0,0
2026-06-08-source-recalc-spb-googlemaps-квалы,2026-06-08,2026-06,2,источники,Гугл Карты,Квалы,0,2,0,Roistat report-24 апрель-июль: недельные суммы по воронке СПБ АШ [SOURCE_CITY=СПБ],2026-09-04T13:11:11,0,0
2026-06-08-source-recalc-spb-googlemaps-продажи,2026-06-08,2026-06,2,источники,Гугл Карты,Продажи,0,1,0,Roistat report-24 апрель-июль: недельные суммы по воронке СПБ АШ [SOURCE_CITY=СПБ],2026-09-04T13:11:11,0,0
2026-06-08-source-recalc-spb-other-лиды,2026-06-08,2026-06,2,источники,Другие,Лиды,0,301,0,Roistat report-24 апрель-июль: недельные суммы по воронке СПБ АШ [SOURCE_CITY=СПБ],2026-09-04T13:11:11,0,0
2026-06-08-source-recalc-spb-other-квалы,2026-06-08,2026-06,2,источники,Другие,Квалы,0,122,0,Roistat report-24 апрель-июль: недельные суммы по воронке СПБ АШ [SOURCE_CITY=СПБ],2026-09-04T13:11:11,0,0
2026-06-08-source-recalc-spb-other-продажи,2026-06-08,2026-06,2,источники,Другие,Продажи,0,35,0,Roistat report-24 апрель-июль: недельные суммы по воронке СПБ АШ [SOURCE_CITY=СПБ],2026-09-04T13:11:11,0,0
2026-06-08-source-recalc-spb-directvisits-лиды,2026-06-08,2026-06,2,источники,Прямые визиты,Лиды,0,4,0,Roistat report-24 апрель-июль: недельные суммы по воронке СПБ АШ [SOURCE_CITY=СПБ],2026-09-04T13:11:11,0,0
2026-06-08-source-recalc-spb-directvisits-квалы,2026-06-08,2026-06,2,источники,Прямые визиты,Квалы,0,2,0,Roistat report-24 апрель-июль: недельные суммы по воронке СПБ АШ [SOURCE_CITY=СПБ],2026-09-04T13:11:11,0,0
2026-06-08-source-recalc-spb-directvisits-продажи,2026-06-08,2026-06,2,источники,Прямые визиты,Продажи,0,1,0,Roistat report-24 апрель-июль: недельные суммы по воронке СПБ АШ [SOURCE_CITY=СПБ],2026-09-04T13:11:11,0,0
2026-06-08-source-recalc-spb-cashback-лиды,2026-06-08,2026-06,2,источники,Рек/кешбэк,Лиды,0,2,0,Roistat report-24 апрель-июль: недельные суммы по воронке СПБ АШ [SOURCE_CITY=СПБ],2026-09-04T13:11:11,0,0
2026-06-08-source-recalc-spb-cashback-квалы,2026-06-08,2026-06,2,источники,Рек/кешбэк,Квалы,0,1,0,Roistat report-24 апрель-июль: недельные суммы по воронке СПБ АШ [SOURCE_CITY=СПБ],2026-09-04T13:11:11,0,0
2026-06-08-source-recalc-spb-cashback-продажи,2026-06-08,2026-06,2,источники,Рек/кешбэк,Продажи,0,1,0,Roistat report-24 апрель-июль: недельные суммы по воронке СПБ АШ [SOURCE_CITY=СПБ],2026-09-04T13:11:11,0,0
2026-06-08-source-recalc-spb-yandexmaps-лиды,2026-06-08,2026-06,2,источники,Яндекс Карты,Лиды,0,67,0,Roistat report-24 апрель-июль: недельные суммы по воронке СПБ АШ [SOURCE_CITY=СПБ],2026-09-04T13:11:11,0,0
2026-06-08-source-recalc-spb-yandexmaps-квалы,2026-06-08,2026-06,2,источники,Яндекс Карты,Квалы,0,17,0,Roistat report-24 апрель-июль: недельные суммы по воронке СПБ АШ [SOURCE_CITY=СПБ],2026-09-04T13:11:11,0,0
2026-06-15-source-recalc-msk-2gis-лиды,2026-06-15,2026-06,3,источники,2ГИС,Лиды,0,48,0,Roistat report-24 апрель-июль: недельные суммы по воронке МСК АШ [SOURCE_CITY=МСК],2026-09-04T13:11:11,0,0
2026-06-15-source-recalc-msk-2gis-квалы,2026-06-15,2026-06,3,источники,2ГИС,Квалы,0,20,0,Roistat report-24 апрель-июль: недельные суммы по воронке МСК АШ [SOURCE_CITY=МСК],2026-09-04T13:11:11,0,0
2026-06-15-source-recalc-msk-2gis-продажи,2026-06-15,2026-06,3,источники,2ГИС,Продажи,0,9,0,Roistat report-24 апрель-июль: недельные суммы по воронке МСК АШ [SOURCE_CITY=МСК],2026-09-04T13:11:11,0,0
2026-06-15-source-recalc-msk-googlemaps-лиды,2026-06-15,2026-06,3,источники,Гугл Карты,Лиды,0,12,0,Roistat report-24 апрель-июль: недельные суммы по воронке МСК АШ [SOURCE_CITY=МСК],2026-09-04T13:11:11,0,0
2026-06-15-source-recalc-msk-googlemaps-квалы,2026-06-15,2026-06,3,источники,Гугл Карты,Квалы,0,4,0,Roistat report-24 апрель-июль: недельные суммы по воронке МСК АШ [SOURCE_CITY=МСК],2026-09-04T13:11:11,0,0
2026-06-15-source-recalc-msk-googlemaps-продажи,2026-06-15,2026-06,3,источники,Гугл Карты,Продажи,0,1,0,Roistat report-24 апрель-июль: недельные суммы по воронке МСК АШ [SOURCE_CITY=МСК],2026-09-04T13:11:11,0,0
2026-06-15-source-recalc-msk-other-лиды,2026-06-15,2026-06,3,источники,Другие,Лиды,0,354,0,Roistat report-24 апрель-июль: недельные суммы по воронке МСК АШ [SOURCE_CITY=МСК],2026-09-04T13:11:11,0,0
2026-06-15-source-recalc-msk-other-квалы,2026-06-15,2026-06,3,источники,Другие,Квалы,0,172,0,Roistat report-24 апрель-июль: недельные суммы по воронке МСК АШ [SOURCE_CITY=МСК],2026-09-04T13:11:11,0,0
2026-06-15-source-recalc-msk-other-продажи,2026-06-15,2026-06,3,источники,Другие,Продажи,0,72,0,Roistat report-24 апрель-июль: недельные суммы по воронке МСК АШ [SOURCE_CITY=МСК],2026-09-04T13:11:11,0,0
2026-06-15-source-recalc-msk-directvisits-лиды,2026-06-15,2026-06,3,источники,Прямые визиты,Лиды,0,19,0,Roistat report-24 апрель-июль: недельные суммы по воронке МСК АШ [SOURCE_CITY=МСК],2026-09-04T13:11:11,0,0
2026-06-15-source-recalc-msk-directvisits-квалы,2026-06-15,2026-06,3,источники,Прямые визиты,Квалы,0,9,0,Roistat report-24 апрель-июль: недельные суммы по воронке МСК АШ [SOURCE_CITY=МСК],2026-09-04T13:11:11,0,0
2026-06-15-source-recalc-msk-directvisits-продажи,2026-06-15,2026-06,3,источники,Прямые визиты,Продажи,0,5,0,Roistat report-24 апрель-июль: недельные суммы по воронке МСК АШ [SOURCE_CITY=МСК],2026-09-04T13:11:11,0,0
2026-06-15-source-recalc-msk-cashback-лиды,2026-06-15,2026-06,3,источники,Рек/кешбэк,Лиды,0,9,0,Roistat report-24 апрель-июль: недельные суммы по воронке МСК АШ [SOURCE_CITY=МСК],2026-09-04T13:11:11,0,0
2026-06-15-source-recalc-msk-cashback-квалы,2026-06-15,2026-06,3,источники,Рек/кешбэк,Квалы,0,8,0,Roistat report-24 апрель-июль: недельные суммы по воронке МСК АШ [SOURCE_CITY=МСК],2026-09-04T13:11:11,0,0
2026-06-15-source-recalc-msk-cashback-продажи,2026-06-15,2026-06,3,источники,Рек/кешбэк,Продажи,0,5,0,Roistat report-24 апрель-июль: недельные суммы по воронке МСК АШ [SOURCE_CITY=МСК],2026-09-04T13:11:11,0,0
2026-06-15-source-recalc-msk-yandexmaps-лиды,2026-06-15,2026-06,3,источники,Яндекс Карты,Лиды,0,137,0,Roistat report-24 апрель-июль: недельные суммы по воронке МСК АШ [SOURCE_CITY=МСК],2026-09-04T13:11:11,0,0
2026-06-15-source-recalc-msk-yandexmaps-квалы,2026-06-15,2026-06,3,источники,Яндекс Карты,Квалы,0,51,0,Roistat report-24 апрель-июль: недельные суммы по воронке МСК АШ [SOURCE_CITY=МСК],2026-09-04T13:11:11,0,0
2026-06-15-source-recalc-msk-yandexmaps-продажи,2026-06-15,2026-06,3,источники,Яндекс Карты,Продажи,0,11,0,Roistat report-24 апрель-июль: недельные суммы по воронке МСК АШ [SOURCE_CITY=МСК],2026-09-04T13:11:11,0,0
2026-06-15-source-recalc-spb-2gis-лиды,2026-06-15,2026-06,3,источники,2ГИС,Лиды,0,38,0,Roistat report-24 апрель-июль: недельные суммы по воронке СПБ АШ [SOURCE_CITY=СПБ],2026-09-04T13:11:11,0,0
2026-06-15-source-recalc-spb-2gis-квалы,2026-06-15,2026-06,3,источники,2ГИС,Квалы,0,11,0,Roistat report-24 апрель-июль: недельные суммы по воронке СПБ АШ [SOURCE_CITY=СПБ],2026-09-04T13:11:11,0,0
2026-06-15-source-recalc-spb-2gis-продажи,2026-06-15,2026-06,3,источники,2ГИС,Продажи,0,3,0,Roistat report-24 апрель-июль: недельные суммы по воронке СПБ АШ [SOURCE_CITY=СПБ],2026-09-04T13:11:11,0,0
2026-06-15-source-recalc-spb-seo-лиды,2026-06-15,2026-06,3,источники,SEO,Лиды,0,1,0,Roistat report-24 апрель-июль: недельные суммы по воронке СПБ АШ [SOURCE_CITY=СПБ],2026-09-04T13:11:11,0,0
2026-06-15-source-recalc-spb-seo-квалы,2026-06-15,2026-06,3,источники,SEO,Квалы,0,1,0,Roistat report-24 апрель-июль: недельные суммы по воронке СПБ АШ [SOURCE_CITY=СПБ],2026-09-04T13:11:11,0,0
2026-06-15-source-recalc-spb-googlemaps-лиды,2026-06-15,2026-06,3,источники,Гугл Карты,Лиды,0,30,0,Roistat report-24 апрель-июль: недельные суммы по воронке СПБ АШ [SOURCE_CITY=СПБ],2026-09-04T13:11:11,0,0
2026-06-15-source-recalc-spb-googlemaps-квалы,2026-06-15,2026-06,3,источники,Гугл Карты,Квалы,0,14,0,Roistat report-24 апрель-июль: недельные суммы по воронке СПБ АШ [SOURCE_CITY=СПБ],2026-09-04T13:11:11,0,0
2026-06-15-source-recalc-spb-googlemaps-продажи,2026-06-15,2026-06,3,источники,Гугл Карты,Продажи,0,1,0,Roistat report-24 апрель-июль: недельные суммы по воронке СПБ АШ [SOURCE_CITY=СПБ],2026-09-04T13:11:11,0,0
2026-06-15-source-recalc-spb-direct-лиды,2026-06-15,2026-06,3,источники,Директ,Лиды,0,3,0,Roistat report-24 апрель-июль: недельные суммы по воронке СПБ АШ [SOURCE_CITY=СПБ],2026-09-04T13:11:11,0,0
2026-06-15-source-recalc-spb-other-лиды,2026-06-15,2026-06,3,источники,Другие,Лиды,0,344,0,Roistat report-24 апрель-июль: недельные суммы по воронке СПБ АШ [SOURCE_CITY=СПБ],2026-09-04T13:11:11,0,0
2026-06-15-source-recalc-spb-other-квалы,2026-06-15,2026-06,3,источники,Другие,Квалы,0,122,0,Roistat report-24 апрель-июль: недельные суммы по воронке СПБ АШ [SOURCE_CITY=СПБ],2026-09-04T13:11:11,0,0
2026-06-15-source-recalc-spb-other-продажи,2026-06-15,2026-06,3,источники,Другие,Продажи,0,37,0,Roistat report-24 апрель-июль: недельные суммы по воронке СПБ АШ [SOURCE_CITY=СПБ],2026-09-04T13:11:11,0,0
2026-06-15-source-recalc-spb-directvisits-лиды,2026-06-15,2026-06,3,источники,Прямые визиты,Лиды,0,7,0,Roistat report-24 апрель-июль: недельные суммы по воронке СПБ АШ [SOURCE_CITY=СПБ],2026-09-04T13:11:11,0,0
2026-06-15-source-recalc-spb-directvisits-квалы,2026-06-15,2026-06,3,источники,Прямые визиты,Квалы,0,3,0,Roistat report-24 апрель-июль: недельные суммы по воронке СПБ АШ [SOURCE_CITY=СПБ],2026-09-04T13:11:11,0,0
2026-06-15-source-recalc-spb-cashback-лиды,2026-06-15,2026-06,3,источники,Рек/кешбэк,Лиды,0,6,0,Roistat report-24 апрель-июль: недельные суммы по воронке СПБ АШ [SOURCE_CITY=СПБ],2026-09-04T13:11:11,0,0
2026-06-15-source-recalc-spb-cashback-квалы,2026-06-15,2026-06,3,источники,Рек/кешбэк,Квалы,0,6,0,Roistat report-24 апрель-июль: недельные суммы по воронке СПБ АШ [SOURCE_CITY=СПБ],2026-09-04T13:11:11,0,0
2026-06-15-source-recalc-spb-cashback-продажи,2026-06-15,2026-06,3,источники,Рек/кешбэк,Продажи,0,5,0,Roistat report-24 апрель-июль: недельные суммы по воронке СПБ АШ [SOURCE_CITY=СПБ],2026-09-04T13:11:11,0,0
2026-06-15-source-recalc-spb-yandexmaps-лиды,2026-06-15,2026-06,3,источники,Яндекс Карты,Лиды,0,49,0,Roistat report-24 апрель-июль: недельные суммы по воронке СПБ АШ [SOURCE_CITY=СПБ],2026-09-04T13:11:11,0,0
2026-06-15-source-recalc-spb-yandexmaps-квалы,2026-06-15,2026-06,3,источники,Яндекс Карты,Квалы,0,17,0,Roistat report-24 апрель-июль: недельные суммы по воронке СПБ АШ [SOURCE_CITY=СПБ],2026-09-04T13:11:11,0,0
2026-06-22-source-recalc-msk-2gis-лиды,2026-06-22,2026-06,4,источники,2ГИС,Лиды,0,50,0,Roistat report-24 апрель-июль: недельные суммы по воронке МСК АШ [SOURCE_CITY=МСК],2026-09-04T13:11:11,0,0
2026-06-22-source-recalc-msk-2gis-квалы,2026-06-22,2026-06,4,источники,2ГИС,Квалы,0,19,0,Roistat report-24 апрель-июль: недельные суммы по воронке МСК АШ [SOURCE_CITY=МСК],2026-09-04T13:11:11,0,0
2026-06-22-source-recalc-msk-2gis-продажи,2026-06-22,2026-06,4,источники,2ГИС,Продажи,0,5,0,Roistat report-24 апрель-июль: недельные суммы по воронке МСК АШ [SOURCE_CITY=МСК],2026-09-04T13:11:11,0,0
2026-06-22-source-recalc-msk-googlemaps-лиды,2026-06-22,2026-06,4,источники,Гугл Карты,Лиды,0,48,0,Roistat report-24 апрель-июль: недельные суммы по воронке МСК АШ [SOURCE_CITY=МСК],2026-09-04T13:11:11,0,0
2026-06-22-source-recalc-msk-googlemaps-квалы,2026-06-22,2026-06,4,источники,Гугл Карты,Квалы,0,16,0,Roistat report-24 апрель-июль: недельные суммы по воронке МСК АШ [SOURCE_CITY=МСК],2026-09-04T13:11:11,0,0
2026-06-22-source-recalc-msk-googlemaps-продажи,2026-06-22,2026-06,4,источники,Гугл Карты,Продажи,0,4,0,Roistat report-24 апрель-июль: недельные суммы по воронке МСК АШ [SOURCE_CITY=МСК],2026-09-04T13:11:11,0,0
2026-06-22-source-recalc-msk-other-лиды,2026-06-22,2026-06,4,источники,Другие,Лиды,0,339,0,Roistat report-24 апрель-июль: недельные суммы по воронке МСК АШ [SOURCE_CITY=МСК],2026-09-04T13:11:11,0,0
2026-06-22-source-recalc-msk-other-квалы,2026-06-22,2026-06,4,источники,Другие,Квалы,0,181,0,Roistat report-24 апрель-июль: недельные суммы по воронке МСК АШ [SOURCE_CITY=МСК],2026-09-04T13:11:11,0,0
2026-06-22-source-recalc-msk-other-продажи,2026-06-22,2026-06,4,источники,Другие,Продажи,0,69,0,Roistat report-24 апрель-июль: недельные суммы по воронке МСК АШ [SOURCE_CITY=МСК],2026-09-04T13:11:11,0,0
2026-06-22-source-recalc-msk-directvisits-лиды,2026-06-22,2026-06,4,источники,Прямые визиты,Лиды,0,38,0,Roistat report-24 апрель-июль: недельные суммы по воронке МСК АШ [SOURCE_CITY=МСК],2026-09-04T13:11:11,0,0
2026-06-22-source-recalc-msk-directvisits-квалы,2026-06-22,2026-06,4,источники,Прямые визиты,Квалы,0,17,0,Roistat report-24 апрель-июль: недельные суммы по воронке МСК АШ [SOURCE_CITY=МСК],2026-09-04T13:11:11,0,0
2026-06-22-source-recalc-msk-directvisits-продажи,2026-06-22,2026-06,4,источники,Прямые визиты,Продажи,0,4,0,Roistat report-24 апрель-июль: недельные суммы по воронке МСК АШ [SOURCE_CITY=МСК],2026-09-04T13:11:11,0,0
2026-06-22-source-recalc-msk-cashback-лиды,2026-06-22,2026-06,4,источники,Рек/кешбэк,Лиды,0,11,0,Roistat report-24 апрель-июль: недельные суммы по воронке МСК АШ [SOURCE_CITY=МСК],2026-09-04T13:11:11,0,0
2026-06-22-source-recalc-msk-cashback-квалы,2026-06-22,2026-06,4,источники,Рек/кешбэк,Квалы,0,8,0,Roistat report-24 апрель-июль: недельные суммы по воронке МСК АШ [SOURCE_CITY=МСК],2026-09-04T13:11:11,0,0
2026-06-22-source-recalc-msk-cashback-продажи,2026-06-22,2026-06,4,источники,Рек/кешбэк,Продажи,0,7,0,Roistat report-24 апрель-июль: недельные суммы по воронке МСК АШ [SOURCE_CITY=МСК],2026-09-04T13:11:11,0,0
2026-06-22-source-recalc-msk-yandexmaps-лиды,2026-06-22,2026-06,4,источники,Яндекс Карты,Лиды,0,127,0,Roistat report-24 апрель-июль: недельные суммы по воронке МСК АШ [SOURCE_CITY=МСК],2026-09-04T13:11:11,0,0
2026-06-22-source-recalc-msk-yandexmaps-квалы,2026-06-22,2026-06,4,источники,Яндекс Карты,Квалы,0,67,0,Roistat report-24 апрель-июль: недельные суммы по воронке МСК АШ [SOURCE_CITY=МСК],2026-09-04T13:11:11,0,0
2026-06-22-source-recalc-msk-yandexmaps-продажи,2026-06-22,2026-06,4,источники,Яндекс Карты,Продажи,0,10,0,Roistat report-24 апрель-июль: недельные суммы по воронке МСК АШ [SOURCE_CITY=МСК],2026-09-04T13:11:11,0,0
2026-06-22-source-recalc-spb-2gis-лиды,2026-06-22,2026-06,4,источники,2ГИС,Лиды,0,37,0,Roistat report-24 апрель-июль: недельные суммы по воронке СПБ АШ [SOURCE_CITY=СПБ],2026-09-04T13:11:11,0,0
2026-06-22-source-recalc-spb-2gis-квалы,2026-06-22,2026-06,4,источники,2ГИС,Квалы,0,16,0,Roistat report-24 апрель-июль: недельные суммы по воронке СПБ АШ [SOURCE_CITY=СПБ],2026-09-04T13:11:11,0,0
2026-06-22-source-recalc-spb-2gis-продажи,2026-06-22,2026-06,4,источники,2ГИС,Продажи,0,3,0,Roistat report-24 апрель-июль: недельные суммы по воронке СПБ АШ [SOURCE_CITY=СПБ],2026-09-04T13:11:11,0,0
2026-06-22-source-recalc-spb-seo-лиды,2026-06-22,2026-06,4,источники,SEO,Лиды,0,6,0,Roistat report-24 апрель-июль: недельные суммы по воронке СПБ АШ [SOURCE_CITY=СПБ],2026-09-04T13:11:11,0,0
2026-06-22-source-recalc-spb-seo-квалы,2026-06-22,2026-06,4,источники,SEO,Квалы,0,3,0,Roistat report-24 апрель-июль: недельные суммы по воронке СПБ АШ [SOURCE_CITY=СПБ],2026-09-04T13:11:11,0,0
2026-06-22-source-recalc-spb-seo-продажи,2026-06-22,2026-06,4,источники,SEO,Продажи,0,2,0,Roistat report-24 апрель-июль: недельные суммы по воронке СПБ АШ [SOURCE_CITY=СПБ],2026-09-04T13:11:11,0,0
2026-06-22-source-recalc-spb-zoon-лиды,2026-06-22,2026-06,4,источники,Zoon,Лиды,0,1,0,Roistat report-24 апрель-июль: недельные суммы по воронке СПБ АШ [SOURCE_CITY=СПБ],2026-09-04T13:11:11,0,0
2026-06-22-source-recalc-spb-vk-лиды,2026-06-22,2026-06,4,источники,ВКонтакте,Лиды,0,2,0,Roistat report-24 апрель-июль: недельные суммы по воронке СПБ АШ [SOURCE_CITY=СПБ],2026-09-04T13:11:11,0,0
2026-06-22-source-recalc-spb-googlemaps-лиды,2026-06-22,2026-06,4,источники,Гугл Карты,Лиды,0,12,0,Roistat report-24 апрель-июль: недельные суммы по воронке СПБ АШ [SOURCE_CITY=СПБ],2026-09-04T13:11:11,0,0
2026-06-22-source-recalc-spb-googlemaps-квалы,2026-06-22,2026-06,4,источники,Гугл Карты,Квалы,0,5,0,Roistat report-24 апрель-июль: недельные суммы по воронке СПБ АШ [SOURCE_CITY=СПБ],2026-09-04T13:11:11,0,0
2026-06-22-source-recalc-spb-googlemaps-продажи,2026-06-22,2026-06,4,источники,Гугл Карты,Продажи,0,1,0,Roistat report-24 апрель-июль: недельные суммы по воронке СПБ АШ [SOURCE_CITY=СПБ],2026-09-04T13:11:11,0,0
2026-06-22-source-recalc-spb-direct-лиды,2026-06-22,2026-06,4,источники,Директ,Лиды,0,1,0,Roistat report-24 апрель-июль: недельные суммы по воронке СПБ АШ [SOURCE_CITY=СПБ],2026-09-04T13:11:11,0,0
2026-06-22-source-recalc-spb-other-лиды,2026-06-22,2026-06,4,источники,Другие,Лиды,0,339,0,Roistat report-24 апрель-июль: недельные суммы по воронке СПБ АШ [SOURCE_CITY=СПБ],2026-09-04T13:11:11,0,0
2026-06-22-source-recalc-spb-other-квалы,2026-06-22,2026-06,4,источники,Другие,Квалы,0,134,0,Roistat report-24 апрель-июль: недельные суммы по воронке СПБ АШ [SOURCE_CITY=СПБ],2026-09-04T13:11:11,0,0
2026-06-22-source-recalc-spb-other-продажи,2026-06-22,2026-06,4,источники,Другие,Продажи,0,40,0,Roistat report-24 апрель-июль: недельные суммы по воронке СПБ АШ [SOURCE_CITY=СПБ],2026-09-04T13:11:11,0,0
2026-06-22-source-recalc-spb-directvisits-лиды,2026-06-22,2026-06,4,источники,Прямые визиты,Лиды,0,8,0,Roistat report-24 апрель-июль: недельные суммы по воронке СПБ АШ [SOURCE_CITY=СПБ],2026-09-04T13:11:11,0,0
2026-06-22-source-recalc-spb-directvisits-квалы,2026-06-22,2026-06,4,источники,Прямые визиты,Квалы,0,5,0,Roistat report-24 апрель-июль: недельные суммы по воронке СПБ АШ [SOURCE_CITY=СПБ],2026-09-04T13:11:11,0,0
2026-06-22-source-recalc-spb-directvisits-продажи,2026-06-22,2026-06,4,источники,Прямые визиты,Продажи,0,2,0,Roistat report-24 апрель-июль: недельные суммы по воронке СПБ АШ [SOURCE_CITY=СПБ],2026-09-04T13:11:11,0,0
2026-06-22-source-recalc-spb-cashback-лиды,2026-06-22,2026-06,4,источники,Рек/кешбэк,Лиды,0,4,0,Roistat report-24 апрель-июль: недельные суммы по воронке СПБ АШ [SOURCE_CITY=СПБ],2026-09-04T13:11:11,0,0
2026-06-22-source-recalc-spb-cashback-квалы,2026-06-22,2026-06,4,источники,Рек/кешбэк,Квалы,0,2,0,Roistat report-24 апрель-июль: недельные суммы по воронке СПБ АШ [SOURCE_CITY=СПБ],2026-09-04T13:11:11,0,0
2026-06-22-source-recalc-spb-cashback-продажи,2026-06-22,2026-06,4,источники,Рек/кешбэк,Продажи,0,3,0,Roistat report-24 апрель-июль: недельные суммы по воронке СПБ АШ [SOURCE_CITY=СПБ],2026-09-04T13:11:11,0,0
2026-06-22-source-recalc-spb-yandexmaps-лиды,2026-06-22,2026-06,4,источники,Яндекс Карты,Лиды,0,63,0,Roistat report-24 апрель-июль: недельные суммы по воронке СПБ АШ [SOURCE_CITY=СПБ],2026-09-04T13:11:11,0,0
2026-06-22-source-recalc-spb-yandexmaps-квалы,2026-06-22,2026-06,4,источники,Яндекс Карты,Квалы,0,28,0,Roistat report-24 апрель-июль: недельные суммы по воронке СПБ АШ [SOURCE_CITY=СПБ],2026-09-04T13:11:11,0,0
2026-06-22-source-recalc-spb-yandexmaps-продажи,2026-06-22,2026-06,4,источники,Яндекс Карты,Продажи,0,4,0,Roistat report-24 апрель-июль: недельные суммы по воронке СПБ АШ [SOURCE_CITY=СПБ],2026-09-04T13:11:11,0,0
2026-06-29-source-recalc-msk-2gis-лиды,2026-06-29,2026-06,5,источники,2ГИС,Лиды,0,11,0,Roistat report-24 апрель-июль: недельные суммы по воронке МСК АШ [SOURCE_CITY=МСК],2026-09-04T13:11:11,0,0
2026-06-29-source-recalc-msk-2gis-квалы,2026-06-29,2026-06,5,источники,2ГИС,Квалы,0,7,0,Roistat report-24 апрель-июль: недельные суммы по воронке МСК АШ [SOURCE_CITY=МСК],2026-09-04T13:11:11,0,0
2026-06-29-source-recalc-msk-2gis-продажи,2026-06-29,2026-06,5,источники,2ГИС,Продажи,0,3,0,Roistat report-24 апрель-июль: недельные суммы по воронке МСК АШ [SOURCE_CITY=МСК],2026-09-04T13:11:11,0,0
2026-06-29-source-recalc-msk-seo-лиды,2026-06-29,2026-06,5,источники,SEO,Лиды,0,1,0,Roistat report-24 апрель-июль: недельные суммы по воронке МСК АШ [SOURCE_CITY=МСК],2026-09-04T13:11:11,0,0
2026-06-29-source-recalc-msk-seo-квалы,2026-06-29,2026-06,5,источники,SEO,Квалы,0,1,0,Roistat report-24 апрель-июль: недельные суммы по воронке МСК АШ [SOURCE_CITY=МСК],2026-09-04T13:11:11,0,0
2026-06-29-source-recalc-msk-googlemaps-лиды,2026-06-29,2026-06,5,источники,Гугл Карты,Лиды,0,6,0,Roistat report-24 апрель-июль: недельные суммы по воронке МСК АШ [SOURCE_CITY=МСК],2026-09-04T13:11:11,0,0
2026-06-29-source-recalc-msk-googlemaps-квалы,2026-06-29,2026-06,5,источники,Гугл Карты,Квалы,0,2,0,Roistat report-24 апрель-июль: недельные суммы по воронке МСК АШ [SOURCE_CITY=МСК],2026-09-04T13:11:11,0,0
2026-06-29-source-recalc-msk-googlemaps-продажи,2026-06-29,2026-06,5,источники,Гугл Карты,Продажи,0,1,0,Roistat report-24 апрель-июль: недельные суммы по воронке МСК АШ [SOURCE_CITY=МСК],2026-09-04T13:11:11,0,0
2026-06-29-source-recalc-msk-direct-лиды,2026-06-29,2026-06,5,источники,Директ,Лиды,0,1,0,Roistat report-24 апрель-июль: недельные суммы по воронке МСК АШ [SOURCE_CITY=МСК],2026-09-04T13:11:11,0,0
2026-06-29-source-recalc-msk-other-лиды,2026-06-29,2026-06,5,источники,Другие,Лиды,0,124,0,Roistat report-24 апрель-июль: недельные суммы по воронке МСК АШ [SOURCE_CITY=МСК],2026-09-04T13:11:11,0,0
2026-06-29-source-recalc-msk-other-квалы,2026-06-29,2026-06,5,источники,Другие,Квалы,0,58,0,Roistat report-24 апрель-июль: недельные суммы по воронке МСК АШ [SOURCE_CITY=МСК],2026-09-04T13:11:11,0,0
2026-06-29-source-recalc-msk-other-продажи,2026-06-29,2026-06,5,источники,Другие,Продажи,0,35,0,Roistat report-24 апрель-июль: недельные суммы по воронке МСК АШ [SOURCE_CITY=МСК],2026-09-04T13:11:11,0,0
2026-06-29-source-recalc-msk-directvisits-лиды,2026-06-29,2026-06,5,источники,Прямые визиты,Лиды,0,6,0,Roistat report-24 апрель-июль: недельные суммы по воронке МСК АШ [SOURCE_CITY=МСК],2026-09-04T13:11:11,0,0
2026-06-29-source-recalc-msk-directvisits-квалы,2026-06-29,2026-06,5,источники,Прямые визиты,Квалы,0,3,0,Roistat report-24 апрель-июль: недельные суммы по воронке МСК АШ [SOURCE_CITY=МСК],2026-09-04T13:11:11,0,0
2026-06-29-source-recalc-msk-directvisits-продажи,2026-06-29,2026-06,5,источники,Прямые визиты,Продажи,0,1,0,Roistat report-24 апрель-июль: недельные суммы по воронке МСК АШ [SOURCE_CITY=МСК],2026-09-04T13:11:11,0,0
2026-06-29-source-recalc-msk-cashback-лиды,2026-06-29,2026-06,5,источники,Рек/кешбэк,Лиды,0,4,0,Roistat report-24 апрель-июль: недельные суммы по воронке МСК АШ [SOURCE_CITY=МСК],2026-09-04T13:11:11,0,0
2026-06-29-source-recalc-msk-cashback-квалы,2026-06-29,2026-06,5,источники,Рек/кешбэк,Квалы,0,4,0,Roistat report-24 апрель-июль: недельные суммы по воронке МСК АШ [SOURCE_CITY=МСК],2026-09-04T13:11:11,0,0
2026-06-29-source-recalc-msk-cashback-продажи,2026-06-29,2026-06,5,источники,Рек/кешбэк,Продажи,0,4,0,Roistat report-24 апрель-июль: недельные суммы по воронке МСК АШ [SOURCE_CITY=МСК],2026-09-04T13:11:11,0,0
2026-06-29-source-recalc-msk-yandexmaps-лиды,2026-06-29,2026-06,5,источники,Яндекс Карты,Лиды,0,39,0,Roistat report-24 апрель-июль: недельные суммы по воронке МСК АШ [SOURCE_CITY=МСК],2026-09-04T13:11:11,0,0
2026-06-29-source-recalc-msk-yandexmaps-квалы,2026-06-29,2026-06,5,источники,Яндекс Карты,Квалы,0,23,0,Roistat report-24 апрель-июль: недельные суммы по воронке МСК АШ [SOURCE_CITY=МСК],2026-09-04T13:11:11,0,0
2026-06-29-source-recalc-msk-yandexmaps-продажи,2026-06-29,2026-06,5,источники,Яндекс Карты,Продажи,0,8,0,Roistat report-24 апрель-июль: недельные суммы по воронке МСК АШ [SOURCE_CITY=МСК],2026-09-04T13:11:11,0,0
2026-06-29-source-recalc-spb-2gis-лиды,2026-06-29,2026-06,5,источники,2ГИС,Лиды,0,15,0,Roistat report-24 апрель-июль: недельные суммы по воронке СПБ АШ [SOURCE_CITY=СПБ],2026-09-04T13:11:11,0,0
2026-06-29-source-recalc-spb-2gis-квалы,2026-06-29,2026-06,5,источники,2ГИС,Квалы,0,6,0,Roistat report-24 апрель-июль: недельные суммы по воронке СПБ АШ [SOURCE_CITY=СПБ],2026-09-04T13:11:11,0,0
2026-06-29-source-recalc-spb-seo-лиды,2026-06-29,2026-06,5,источники,SEO,Лиды,0,1,0,Roistat report-24 апрель-июль: недельные суммы по воронке СПБ АШ [SOURCE_CITY=СПБ],2026-09-04T13:11:11,0,0
2026-06-29-source-recalc-spb-googlemaps-лиды,2026-06-29,2026-06,5,источники,Гугл Карты,Лиды,0,5,0,Roistat report-24 апрель-июль: недельные суммы по воронке СПБ АШ [SOURCE_CITY=СПБ],2026-09-04T13:11:11,0,0
2026-06-29-source-recalc-spb-googlemaps-квалы,2026-06-29,2026-06,5,источники,Гугл Карты,Квалы,0,2,0,Roistat report-24 апрель-июль: недельные суммы по воронке СПБ АШ [SOURCE_CITY=СПБ],2026-09-04T13:11:11,0,0
2026-06-29-source-recalc-spb-other-лиды,2026-06-29,2026-06,5,источники,Другие,Лиды,0,126,0,Roistat report-24 апрель-июль: недельные суммы по воронке СПБ АШ [SOURCE_CITY=СПБ],2026-09-04T13:11:11,0,0
2026-06-29-source-recalc-spb-other-квалы,2026-06-29,2026-06,5,источники,Другие,Квалы,0,40,0,Roistat report-24 апрель-июль: недельные суммы по воронке СПБ АШ [SOURCE_CITY=СПБ],2026-09-04T13:11:11,0,0
2026-06-29-source-recalc-spb-other-продажи,2026-06-29,2026-06,5,источники,Другие,Продажи,0,15,0,Roistat report-24 апрель-июль: недельные суммы по воронке СПБ АШ [SOURCE_CITY=СПБ],2026-09-04T13:11:11,0,0
2026-06-29-source-recalc-spb-directvisits-лиды,2026-06-29,2026-06,5,источники,Прямые визиты,Лиды,0,1,0,Roistat report-24 апрель-июль: недельные суммы по воронке СПБ АШ [SOURCE_CITY=СПБ],2026-09-04T13:11:11,0,0
2026-06-29-source-recalc-spb-cashback-лиды,2026-06-29,2026-06,5,источники,Рек/кешбэк,Лиды,0,2,0,Roistat report-24 апрель-июль: недельные суммы по воронке СПБ АШ [SOURCE_CITY=СПБ],2026-09-04T13:11:11,0,0
2026-06-29-source-recalc-spb-cashback-квалы,2026-06-29,2026-06,5,источники,Рек/кешбэк,Квалы,0,2,0,Roistat report-24 апрель-июль: недельные суммы по воронке СПБ АШ [SOURCE_CITY=СПБ],2026-09-04T13:11:11,0,0
2026-06-29-source-recalc-spb-cashback-продажи,2026-06-29,2026-06,5,источники,Рек/кешбэк,Продажи,0,1,0,Roistat report-24 апрель-июль: недельные суммы по воронке СПБ АШ [SOURCE_CITY=СПБ],2026-09-04T13:11:11,0,0
2026-06-29-source-recalc-spb-yandexmaps-лиды,2026-06-29,2026-06,5,источники,Яндекс Карты,Лиды,0,35,0,Roistat report-24 апрель-июль: недельные суммы по воронке СПБ АШ [SOURCE_CITY=СПБ],2026-09-04T13:11:11,0,0
2026-06-29-source-recalc-spb-yandexmaps-квалы,2026-06-29,2026-06,5,источники,Яндекс Карты,Квалы,0,10,0,Roistat report-24 апрель-июль: недельные суммы по воронке СПБ АШ [SOURCE_CITY=СПБ],2026-09-04T13:11:11,0,0
2026-06-29-source-recalc-spb-yandexmaps-продажи,2026-06-29,2026-06,5,источники,Яндекс Карты,Продажи,0,1,0,Roistat report-24 апрель-июль: недельные суммы по воронке СПБ АШ [SOURCE_CITY=СПБ],2026-09-04T13:11:11,0,0
2026-07-01-source-recalc-msk-2gis-лиды,2026-07-01,2026-07,1,источники,2ГИС,Лиды,0,17,0,Roistat report-24 апрель-июль: недельные суммы по воронке МСК АШ [SOURCE_CITY=МСК],2026-09-04T13:11:11,0,0
2026-07-01-source-recalc-msk-2gis-квалы,2026-07-01,2026-07,1,источники,2ГИС,Квалы,0,3,0,Roistat report-24 апрель-июль: недельные суммы по воронке МСК АШ [SOURCE_CITY=МСК],2026-09-04T13:11:11,0,0
2026-07-01-source-recalc-msk-2gis-продажи,2026-07-01,2026-07,1,источники,2ГИС,Продажи,0,1,0,Roistat report-24 апрель-июль: недельные суммы по воронке МСК АШ [SOURCE_CITY=МСК],2026-09-04T13:11:11,0,0
2026-07-01-source-recalc-msk-googlemaps-лиды,2026-07-01,2026-07,1,источники,Гугл Карты,Лиды,0,23,0,Roistat report-24 апрель-июль: недельные суммы по воронке МСК АШ [SOURCE_CITY=МСК],2026-09-04T13:11:11,0,0
2026-07-01-source-recalc-msk-googlemaps-квалы,2026-07-01,2026-07,1,источники,Гугл Карты,Квалы,0,9,0,Roistat report-24 апрель-июль: недельные суммы по воронке МСК АШ [SOURCE_CITY=МСК],2026-09-04T13:11:11,0,0
2026-07-01-source-recalc-msk-googlemaps-продажи,2026-07-01,2026-07,1,источники,Гугл Карты,Продажи,0,2,0,Roistat report-24 апрель-июль: недельные суммы по воронке МСК АШ [SOURCE_CITY=МСК],2026-09-04T13:11:11,0,0
2026-07-01-source-recalc-msk-other-лиды,2026-07-01,2026-07,1,источники,Другие,Лиды,0,230,0,Roistat report-24 апрель-июль: недельные суммы по воронке МСК АШ [SOURCE_CITY=МСК],2026-09-04T13:11:11,0,0
2026-07-01-source-recalc-msk-other-квалы,2026-07-01,2026-07,1,источники,Другие,Квалы,0,120,0,Roistat report-24 апрель-июль: недельные суммы по воронке МСК АШ [SOURCE_CITY=МСК],2026-09-04T13:11:11,0,0
2026-07-01-source-recalc-msk-other-продажи,2026-07-01,2026-07,1,источники,Другие,Продажи,0,54,0,Roistat report-24 апрель-июль: недельные суммы по воронке МСК АШ [SOURCE_CITY=МСК],2026-09-04T13:11:11,0,0
2026-07-01-source-recalc-msk-directvisits-лиды,2026-07-01,2026-07,1,источники,Прямые визиты,Лиды,0,19,0,Roistat report-24 апрель-июль: недельные суммы по воронке МСК АШ [SOURCE_CITY=МСК],2026-09-04T13:11:11,0,0
2026-07-01-source-recalc-msk-directvisits-квалы,2026-07-01,2026-07,1,источники,Прямые визиты,Квалы,0,10,0,Roistat report-24 апрель-июль: недельные суммы по воронке МСК АШ [SOURCE_CITY=МСК],2026-09-04T13:11:11,0,0
2026-07-01-source-recalc-msk-directvisits-продажи,2026-07-01,2026-07,1,источники,Прямые визиты,Продажи,0,5,0,Roistat report-24 апрель-июль: недельные суммы по воронке МСК АШ [SOURCE_CITY=МСК],2026-09-04T13:11:11,0,0
2026-07-01-source-recalc-msk-cashback-лиды,2026-07-01,2026-07,1,источники,Рек/кешбэк,Лиды,0,7,0,Roistat report-24 апрель-июль: недельные суммы по воронке МСК АШ [SOURCE_CITY=МСК],2026-09-04T13:11:11,0,0
2026-07-01-source-recalc-msk-cashback-квалы,2026-07-01,2026-07,1,источники,Рек/кешбэк,Квалы,0,7,0,Roistat report-24 апрель-июль: недельные суммы по воронке МСК АШ [SOURCE_CITY=МСК],2026-09-04T13:11:11,0,0
2026-07-01-source-recalc-msk-cashback-продажи,2026-07-01,2026-07,1,источники,Рек/кешбэк,Продажи,0,4,0,Roistat report-24 апрель-июль: недельные суммы по воронке МСК АШ [SOURCE_CITY=МСК],2026-09-04T13:11:11,0,0
2026-07-01-source-recalc-msk-yandexmaps-лиды,2026-07-01,2026-07,1,источники,Яндекс Карты,Лиды,0,93,0,Roistat report-24 апрель-июль: недельные суммы по воронке МСК АШ [SOURCE_CITY=МСК],2026-09-04T13:11:11,0,0
2026-07-01-source-recalc-msk-yandexmaps-квалы,2026-07-01,2026-07,1,источники,Яндекс Карты,Квалы,0,40,0,Roistat report-24 апрель-июль: недельные суммы по воронке МСК АШ [SOURCE_CITY=МСК],2026-09-04T13:11:11,0,0
2026-07-01-source-recalc-msk-yandexmaps-продажи,2026-07-01,2026-07,1,источники,Яндекс Карты,Продажи,0,10,0,Roistat report-24 апрель-июль: недельные суммы по воронке МСК АШ [SOURCE_CITY=МСК],2026-09-04T13:11:11,0,0
2026-07-01-source-recalc-spb-2gis-лиды,2026-07-01,2026-07,1,источники,2ГИС,Лиды,0,24,0,Roistat report-24 апрель-июль: недельные суммы по воронке СПБ АШ [SOURCE_CITY=СПБ],2026-09-04T13:11:11,0,0
2026-07-01-source-recalc-spb-2gis-квалы,2026-07-01,2026-07,1,источники,2ГИС,Квалы,0,9,0,Roistat report-24 апрель-июль: недельные суммы по воронке СПБ АШ [SOURCE_CITY=СПБ],2026-09-04T13:11:11,0,0
2026-07-01-source-recalc-spb-2gis-продажи,2026-07-01,2026-07,1,источники,2ГИС,Продажи,0,1,0,Roistat report-24 апрель-июль: недельные суммы по воронке СПБ АШ [SOURCE_CITY=СПБ],2026-09-04T13:11:11,0,0
2026-07-01-source-recalc-spb-seo-лиды,2026-07-01,2026-07,1,источники,SEO,Лиды,0,4,0,Roistat report-24 апрель-июль: недельные суммы по воронке СПБ АШ [SOURCE_CITY=СПБ],2026-09-04T13:11:11,0,0
2026-07-01-source-recalc-spb-seo-квалы,2026-07-01,2026-07,1,источники,SEO,Квалы,0,1,0,Roistat report-24 апрель-июль: недельные суммы по воронке СПБ АШ [SOURCE_CITY=СПБ],2026-09-04T13:11:11,0,0
2026-07-01-source-recalc-spb-googlemaps-лиды,2026-07-01,2026-07,1,источники,Гугл Карты,Лиды,0,9,0,Roistat report-24 апрель-июль: недельные суммы по воронке СПБ АШ [SOURCE_CITY=СПБ],2026-09-04T13:11:11,0,0
2026-07-01-source-recalc-spb-googlemaps-квалы,2026-07-01,2026-07,1,источники,Гугл Карты,Квалы,0,3,0,Roistat report-24 апрель-июль: недельные суммы по воронке СПБ АШ [SOURCE_CITY=СПБ],2026-09-04T13:11:11,0,0
2026-07-01-source-recalc-spb-direct-лиды,2026-07-01,2026-07,1,источники,Директ,Лиды,0,2,0,Roistat report-24 апрель-июль: недельные суммы по воронке СПБ АШ [SOURCE_CITY=СПБ],2026-09-04T13:11:11,0,0
2026-07-01-source-recalc-spb-direct-квалы,2026-07-01,2026-07,1,источники,Директ,Квалы,0,1,0,Roistat report-24 апрель-июль: недельные суммы по воронке СПБ АШ [SOURCE_CITY=СПБ],2026-09-04T13:11:11,0,0
2026-07-01-source-recalc-spb-other-лиды,2026-07-01,2026-07,1,источники,Другие,Лиды,0,189,0,Roistat report-24 апрель-июль: недельные суммы по воронке СПБ АШ [SOURCE_CITY=СПБ],2026-09-04T13:11:11,0,0
2026-07-01-source-recalc-spb-other-квалы,2026-07-01,2026-07,1,источники,Другие,Квалы,0,58,0,Roistat report-24 апрель-июль: недельные суммы по воронке СПБ АШ [SOURCE_CITY=СПБ],2026-09-04T13:11:11,0,0
2026-07-01-source-recalc-spb-other-продажи,2026-07-01,2026-07,1,источники,Другие,Продажи,0,17,0,Roistat report-24 апрель-июль: недельные суммы по воронке СПБ АШ [SOURCE_CITY=СПБ],2026-09-04T13:11:11,0,0
2026-07-01-source-recalc-spb-directvisits-лиды,2026-07-01,2026-07,1,источники,Прямые визиты,Лиды,0,4,0,Roistat report-24 апрель-июль: недельные суммы по воронке СПБ АШ [SOURCE_CITY=СПБ],2026-09-04T13:11:11,0,0
2026-07-01-source-recalc-spb-directvisits-квалы,2026-07-01,2026-07,1,источники,Прямые визиты,Квалы,0,2,0,Roistat report-24 апрель-июль: недельные суммы по воронке СПБ АШ [SOURCE_CITY=СПБ],2026-09-04T13:11:11,0,0
2026-07-01-source-recalc-spb-directvisits-продажи,2026-07-01,2026-07,1,источники,Прямые визиты,Продажи,0,2,0,Roistat report-24 апрель-июль: недельные суммы по воронке СПБ АШ [SOURCE_CITY=СПБ],2026-09-04T13:11:11,0,0
2026-07-01-source-recalc-spb-cashback-лиды,2026-07-01,2026-07,1,источники,Рек/кешбэк,Лиды,0,5,0,Roistat report-24 апрель-июль: недельные суммы по воронке СПБ АШ [SOURCE_CITY=СПБ],2026-09-04T13:11:11,0,0
2026-07-01-source-recalc-spb-cashback-квалы,2026-07-01,2026-07,1,источники,Рек/кешбэк,Квалы,0,3,0,Roistat report-24 апрель-июль: недельные суммы по воронке СПБ АШ [SOURCE_CITY=СПБ],2026-09-04T13:11:11,0,0
2026-07-01-source-recalc-spb-cashback-продажи,2026-07-01,2026-07,1,источники,Рек/кешбэк,Продажи,0,3,0,Roistat report-24 апрель-июль: недельные суммы по воронке СПБ АШ [SOURCE_CITY=СПБ],2026-09-04T13:11:11,0,0
2026-07-01-source-recalc-spb-yandexmaps-лиды,2026-07-01,2026-07,1,источники,Яндекс Карты,Лиды,0,76,0,Roistat report-24 апрель-июль: недельные суммы по воронке СПБ АШ [SOURCE_CITY=СПБ],2026-09-04T13:11:11,0,0
2026-07-01-source-recalc-spb-yandexmaps-квалы,2026-07-01,2026-07,1,источники,Яндекс Карты,Квалы,0,25,0,Roistat report-24 апрель-июль: недельные суммы по воронке СПБ АШ [SOURCE_CITY=СПБ],2026-09-04T13:11:11,0,0
2026-07-01-source-recalc-spb-yandexmaps-продажи,2026-07-01,2026-07,1,источники,Яндекс Карты,Продажи,0,3,0,Roistat report-24 апрель-июль: недельные суммы по воронке СПБ АШ [SOURCE_CITY=СПБ],2026-09-04T13:11:11,0,0
2026-07-06-source-recalc-msk-2gis-лиды,2026-07-06,2026-07,2,источники,2ГИС,Лиды,0,65,0,Roistat report-24 апрель-июль: недельные суммы по воронке МСК АШ [SOURCE_CITY=МСК],2026-09-04T13:11:11,0,0
2026-07-06-source-recalc-msk-2gis-квалы,2026-07-06,2026-07,2,источники,2ГИС,Квалы,0,28,0,Roistat report-24 апрель-июль: недельные суммы по воронке МСК АШ [SOURCE_CITY=МСК],2026-09-04T13:11:11,0,0
2026-07-06-source-recalc-msk-2gis-продажи,2026-07-06,2026-07,2,источники,2ГИС,Продажи,0,4,0,Roistat report-24 апрель-июль: недельные суммы по воронке МСК АШ [SOURCE_CITY=МСК],2026-09-04T13:11:11,0,0
2026-07-06-source-recalc-msk-seo-лиды,2026-07-06,2026-07,2,источники,SEO,Лиды,0,4,0,Roistat report-24 апрель-июль: недельные суммы по воронке МСК АШ [SOURCE_CITY=МСК],2026-09-04T13:11:11,0,0
2026-07-06-source-recalc-msk-seo-квалы,2026-07-06,2026-07,2,источники,SEO,Квалы,0,3,0,Roistat report-24 апрель-июль: недельные суммы по воронке МСК АШ [SOURCE_CITY=МСК],2026-09-04T13:11:11,0,0
2026-07-06-source-recalc-msk-seo-продажи,2026-07-06,2026-07,2,источники,SEO,Продажи,0,1,0,Roistat report-24 апрель-июль: недельные суммы по воронке МСК АШ [SOURCE_CITY=МСК],2026-09-04T13:11:11,0,0
2026-07-06-source-recalc-msk-googlemaps-лиды,2026-07-06,2026-07,2,источники,Гугл Карты,Лиды,0,47,0,Roistat report-24 апрель-июль: недельные суммы по воронке МСК АШ [SOURCE_CITY=МСК],2026-09-04T13:11:11,0,0
2026-07-06-source-recalc-msk-googlemaps-квалы,2026-07-06,2026-07,2,источники,Гугл Карты,Квалы,0,12,0,Roistat report-24 апрель-июль: недельные суммы по воронке МСК АШ [SOURCE_CITY=МСК],2026-09-04T13:11:11,0,0
2026-07-06-source-recalc-msk-googlemaps-продажи,2026-07-06,2026-07,2,источники,Гугл Карты,Продажи,0,2,0,Roistat report-24 апрель-июль: недельные суммы по воронке МСК АШ [SOURCE_CITY=МСК],2026-09-04T13:11:11,0,0
2026-07-06-source-recalc-msk-direct-лиды,2026-07-06,2026-07,2,источники,Директ,Лиды,0,2,0,Roistat report-24 апрель-июль: недельные суммы по воронке МСК АШ [SOURCE_CITY=МСК],2026-09-04T13:11:11,0,0
2026-07-06-source-recalc-msk-direct-квалы,2026-07-06,2026-07,2,источники,Директ,Квалы,0,1,0,Roistat report-24 апрель-июль: недельные суммы по воронке МСК АШ [SOURCE_CITY=МСК],2026-09-04T13:11:11,0,0
2026-07-06-source-recalc-msk-other-лиды,2026-07-06,2026-07,2,источники,Другие,Лиды,0,367,0,Roistat report-24 апрель-июль: недельные суммы по воронке МСК АШ [SOURCE_CITY=МСК],2026-09-04T13:11:11,0,0
2026-07-06-source-recalc-msk-other-квалы,2026-07-06,2026-07,2,источники,Другие,Квалы,0,175,0,Roistat report-24 апрель-июль: недельные суммы по воронке МСК АШ [SOURCE_CITY=МСК],2026-09-04T13:11:11,0,0
2026-07-06-source-recalc-msk-other-продажи,2026-07-06,2026-07,2,источники,Другие,Продажи,0,65,0,Roistat report-24 апрель-июль: недельные суммы по воронке МСК АШ [SOURCE_CITY=МСК],2026-09-04T13:11:11,0,0
2026-07-06-source-recalc-msk-directvisits-лиды,2026-07-06,2026-07,2,источники,Прямые визиты,Лиды,0,42,0,Roistat report-24 апрель-июль: недельные суммы по воронке МСК АШ [SOURCE_CITY=МСК],2026-09-04T13:11:11,0,0
2026-07-06-source-recalc-msk-directvisits-квалы,2026-07-06,2026-07,2,источники,Прямые визиты,Квалы,0,16,0,Roistat report-24 апрель-июль: недельные суммы по воронке МСК АШ [SOURCE_CITY=МСК],2026-09-04T13:11:11,0,0
2026-07-06-source-recalc-msk-directvisits-продажи,2026-07-06,2026-07,2,источники,Прямые визиты,Продажи,0,3,0,Roistat report-24 апрель-июль: недельные суммы по воронке МСК АШ [SOURCE_CITY=МСК],2026-09-04T13:11:11,0,0
2026-07-06-source-recalc-msk-cashback-лиды,2026-07-06,2026-07,2,источники,Рек/кешбэк,Лиды,0,6,0,Roistat report-24 апрель-июль: недельные суммы по воронке МСК АШ [SOURCE_CITY=МСК],2026-09-04T13:11:11,0,0
2026-07-06-source-recalc-msk-cashback-квалы,2026-07-06,2026-07,2,источники,Рек/кешбэк,Квалы,0,6,0,Roistat report-24 апрель-июль: недельные суммы по воронке МСК АШ [SOURCE_CITY=МСК],2026-09-04T13:11:11,0,0
2026-07-06-source-recalc-msk-cashback-продажи,2026-07-06,2026-07,2,источники,Рек/кешбэк,Продажи,0,3,0,Roistat report-24 апрель-июль: недельные суммы по воронке МСК АШ [SOURCE_CITY=МСК],2026-09-04T13:11:11,0,0
2026-07-06-source-recalc-msk-yandexmaps-лиды,2026-07-06,2026-07,2,источники,Яндекс Карты,Лиды,0,201,0,Roistat report-24 апрель-июль: недельные суммы по воронке МСК АШ [SOURCE_CITY=МСК],2026-09-04T13:11:11,0,0
2026-07-06-source-recalc-msk-yandexmaps-квалы,2026-07-06,2026-07,2,источники,Яндекс Карты,Квалы,0,73,0,Roistat report-24 апрель-июль: недельные суммы по воронке МСК АШ [SOURCE_CITY=МСК],2026-09-04T13:11:11,0,0
2026-07-06-source-recalc-msk-yandexmaps-продажи,2026-07-06,2026-07,2,источники,Яндекс Карты,Продажи,0,17,0,Roistat report-24 апрель-июль: недельные суммы по воронке МСК АШ [SOURCE_CITY=МСК],2026-09-04T13:11:11,0,0
2026-07-06-source-recalc-spb-2gis-лиды,2026-07-06,2026-07,2,источники,2ГИС,Лиды,0,32,0,Roistat report-24 апрель-июль: недельные суммы по воронке СПБ АШ [SOURCE_CITY=СПБ],2026-09-04T13:11:11,0,0
2026-07-06-source-recalc-spb-2gis-квалы,2026-07-06,2026-07,2,источники,2ГИС,Квалы,0,12,0,Roistat report-24 апрель-июль: недельные суммы по воронке СПБ АШ [SOURCE_CITY=СПБ],2026-09-04T13:11:11,0,0
2026-07-06-source-recalc-spb-2gis-продажи,2026-07-06,2026-07,2,источники,2ГИС,Продажи,0,1,0,Roistat report-24 апрель-июль: недельные суммы по воронке СПБ АШ [SOURCE_CITY=СПБ],2026-09-04T13:11:11,0,0
2026-07-06-source-recalc-spb-seo-лиды,2026-07-06,2026-07,2,источники,SEO,Лиды,0,8,0,Roistat report-24 апрель-июль: недельные суммы по воронке СПБ АШ [SOURCE_CITY=СПБ],2026-09-04T13:11:11,0,0
2026-07-06-source-recalc-spb-seo-квалы,2026-07-06,2026-07,2,источники,SEO,Квалы,0,1,0,Roistat report-24 апрель-июль: недельные суммы по воронке СПБ АШ [SOURCE_CITY=СПБ],2026-09-04T13:11:11,0,0
2026-07-06-source-recalc-spb-googlemaps-лиды,2026-07-06,2026-07,2,источники,Гугл Карты,Лиды,0,21,0,Roistat report-24 апрель-июль: недельные суммы по воронке СПБ АШ [SOURCE_CITY=СПБ],2026-09-04T13:11:11,0,0
2026-07-06-source-recalc-spb-googlemaps-квалы,2026-07-06,2026-07,2,источники,Гугл Карты,Квалы,0,10,0,Roistat report-24 апрель-июль: недельные суммы по воронке СПБ АШ [SOURCE_CITY=СПБ],2026-09-04T13:11:11,0,0
2026-07-06-source-recalc-spb-googlemaps-продажи,2026-07-06,2026-07,2,источники,Гугл Карты,Продажи,0,1,0,Roistat report-24 апрель-июль: недельные суммы по воронке СПБ АШ [SOURCE_CITY=СПБ],2026-09-04T13:11:11,0,0
2026-07-06-source-recalc-spb-direct-лиды,2026-07-06,2026-07,2,источники,Директ,Лиды,0,2,0,Roistat report-24 апрель-июль: недельные суммы по воронке СПБ АШ [SOURCE_CITY=СПБ],2026-09-04T13:11:11,0,0
2026-07-06-source-recalc-spb-direct-квалы,2026-07-06,2026-07,2,источники,Директ,Квалы,0,1,0,Roistat report-24 апрель-июль: недельные суммы по воронке СПБ АШ [SOURCE_CITY=СПБ],2026-09-04T13:11:11,0,0
2026-07-06-source-recalc-spb-other-лиды,2026-07-06,2026-07,2,источники,Другие,Лиды,0,306,0,Roistat report-24 апрель-июль: недельные суммы по воронке СПБ АШ [SOURCE_CITY=СПБ],2026-09-04T13:11:11,0,0
2026-07-06-source-recalc-spb-other-квалы,2026-07-06,2026-07,2,источники,Другие,Квалы,0,93,0,Roistat report-24 апрель-июль: недельные суммы по воронке СПБ АШ [SOURCE_CITY=СПБ],2026-09-04T13:11:11,0,0
2026-07-06-source-recalc-spb-other-продажи,2026-07-06,2026-07,2,источники,Другие,Продажи,0,29,0,Roistat report-24 апрель-июль: недельные суммы по воронке СПБ АШ [SOURCE_CITY=СПБ],2026-09-04T13:11:11,0,0
2026-07-06-source-recalc-spb-directvisits-лиды,2026-07-06,2026-07,2,источники,Прямые визиты,Лиды,0,12,0,Roistat report-24 апрель-июль: недельные суммы по воронке СПБ АШ [SOURCE_CITY=СПБ],2026-09-04T13:11:11,0,0
2026-07-06-source-recalc-spb-directvisits-квалы,2026-07-06,2026-07,2,источники,Прямые визиты,Квалы,0,5,0,Roistat report-24 апрель-июль: недельные суммы по воронке СПБ АШ [SOURCE_CITY=СПБ],2026-09-04T13:11:11,0,0
2026-07-06-source-recalc-spb-cashback-лиды,2026-07-06,2026-07,2,источники,Рек/кешбэк,Лиды,0,6,0,Roistat report-24 апрель-июль: недельные суммы по воронке СПБ АШ [SOURCE_CITY=СПБ],2026-09-04T13:11:11,0,0
2026-07-06-source-recalc-spb-cashback-квалы,2026-07-06,2026-07,2,источники,Рек/кешбэк,Квалы,0,6,0,Roistat report-24 апрель-июль: недельные суммы по воронке СПБ АШ [SOURCE_CITY=СПБ],2026-09-04T13:11:11,0,0
2026-07-06-source-recalc-spb-cashback-продажи,2026-07-06,2026-07,2,источники,Рек/кешбэк,Продажи,0,4,0,Roistat report-24 апрель-июль: недельные суммы по воронке СПБ АШ [SOURCE_CITY=СПБ],2026-09-04T13:11:11,0,0
2026-07-06-source-recalc-spb-yandexmaps-лиды,2026-07-06,2026-07,2,источники,Яндекс Карты,Лиды,0,91,0,Roistat report-24 апрель-июль: недельные суммы по воронке СПБ АШ [SOURCE_CITY=СПБ],2026-09-04T13:11:11,0,0
2026-07-06-source-recalc-spb-yandexmaps-квалы,2026-07-06,2026-07,2,источники,Яндекс Карты,Квалы,0,43,0,Roistat report-24 апрель-июль: недельные суммы по воронке СПБ АШ [SOURCE_CITY=СПБ],2026-09-04T13:11:11,0,0
2026-07-06-source-recalc-spb-yandexmaps-продажи,2026-07-06,2026-07,2,источники,Яндекс Карты,Продажи,0,2,0,Roistat report-24 апрель-июль: недельные суммы по воронке СПБ АШ [SOURCE_CITY=СПБ],2026-09-04T13:11:11,0,0
2026-07-13-source-recalc-msk-2gis-лиды,2026-07-13,2026-07,3,источники,2ГИС,Лиды,0,52,0,Roistat report-24 апрель-июль: недельные суммы по воронке МСК АШ [SOURCE_CITY=МСК],2026-09-04T13:11:11,0,0
2026-07-13-source-recalc-msk-2gis-квалы,2026-07-13,2026-07,3,источники,2ГИС,Квалы,0,15,0,Roistat report-24 апрель-июль: недельные суммы по воронке МСК АШ [SOURCE_CITY=МСК],2026-09-04T13:11:11,0,0
2026-07-13-source-recalc-msk-2gis-продажи,2026-07-13,2026-07,3,источники,2ГИС,Продажи,0,6,0,Roistat report-24 апрель-июль: недельные суммы по воронке МСК АШ [SOURCE_CITY=МСК],2026-09-04T13:11:11,0,0
2026-07-13-source-recalc-msk-googlemaps-лиды,2026-07-13,2026-07,3,источники,Гугл Карты,Лиды,0,33,0,Roistat report-24 апрель-июль: недельные суммы по воронке МСК АШ [SOURCE_CITY=МСК],2026-09-04T13:11:11,0,0
2026-07-13-source-recalc-msk-googlemaps-квалы,2026-07-13,2026-07,3,источники,Гугл Карты,Квалы,0,7,0,Roistat report-24 апрель-июль: недельные суммы по воронке МСК АШ [SOURCE_CITY=МСК],2026-09-04T13:11:11,0,0
2026-07-13-source-recalc-msk-googlemaps-продажи,2026-07-13,2026-07,3,источники,Гугл Карты,Продажи,0,1,0,Roistat report-24 апрель-июль: недельные суммы по воронке МСК АШ [SOURCE_CITY=МСК],2026-09-04T13:11:11,0,0
2026-07-13-source-recalc-msk-direct-лиды,2026-07-13,2026-07,3,источники,Директ,Лиды,0,8,0,Roistat report-24 апрель-июль: недельные суммы по воронке МСК АШ [SOURCE_CITY=МСК],2026-09-04T13:11:11,0,0
2026-07-13-source-recalc-msk-other-лиды,2026-07-13,2026-07,3,источники,Другие,Лиды,0,302,0,Roistat report-24 апрель-июль: недельные суммы по воронке МСК АШ [SOURCE_CITY=МСК],2026-09-04T13:11:11,0,0
2026-07-13-source-recalc-msk-other-квалы,2026-07-13,2026-07,3,источники,Другие,Квалы,0,127,0,Roistat report-24 апрель-июль: недельные суммы по воронке МСК АШ [SOURCE_CITY=МСК],2026-09-04T13:11:11,0,0
2026-07-13-source-recalc-msk-other-продажи,2026-07-13,2026-07,3,источники,Другие,Продажи,0,66,0,Roistat report-24 апрель-июль: недельные суммы по воронке МСК АШ [SOURCE_CITY=МСК],2026-09-04T13:11:11,0,0
2026-07-13-source-recalc-msk-directvisits-лиды,2026-07-13,2026-07,3,источники,Прямые визиты,Лиды,0,32,0,Roistat report-24 апрель-июль: недельные суммы по воронке МСК АШ [SOURCE_CITY=МСК],2026-09-04T13:11:11,0,0
2026-07-13-source-recalc-msk-directvisits-квалы,2026-07-13,2026-07,3,источники,Прямые визиты,Квалы,0,8,0,Roistat report-24 апрель-июль: недельные суммы по воронке МСК АШ [SOURCE_CITY=МСК],2026-09-04T13:11:11,0,0
2026-07-13-source-recalc-msk-directvisits-продажи,2026-07-13,2026-07,3,источники,Прямые визиты,Продажи,0,3,0,Roistat report-24 апрель-июль: недельные суммы по воронке МСК АШ [SOURCE_CITY=МСК],2026-09-04T13:11:11,0,0
2026-07-13-source-recalc-msk-cashback-лиды,2026-07-13,2026-07,3,источники,Рек/кешбэк,Лиды,0,3,0,Roistat report-24 апрель-июль: недельные суммы по воронке МСК АШ [SOURCE_CITY=МСК],2026-09-04T13:11:11,0,0
2026-07-13-source-recalc-msk-cashback-квалы,2026-07-13,2026-07,3,источники,Рек/кешбэк,Квалы,0,3,0,Roistat report-24 апрель-июль: недельные суммы по воронке МСК АШ [SOURCE_CITY=МСК],2026-09-04T13:11:11,0,0
2026-07-13-source-recalc-msk-cashback-продажи,2026-07-13,2026-07,3,источники,Рек/кешбэк,Продажи,0,3,0,Roistat report-24 апрель-июль: недельные суммы по воронке МСК АШ [SOURCE_CITY=МСК],2026-09-04T13:11:11,0,0
2026-07-13-source-recalc-msk-yandexmaps-лиды,2026-07-13,2026-07,3,источники,Яндекс Карты,Лиды,0,183,0,Roistat report-24 апрель-июль: недельные суммы по воронке МСК АШ [SOURCE_CITY=МСК],2026-09-04T13:11:11,0,0
2026-07-13-source-recalc-msk-yandexmaps-квалы,2026-07-13,2026-07,3,источники,Яндекс Карты,Квалы,0,61,0,Roistat report-24 апрель-июль: недельные суммы по воронке МСК АШ [SOURCE_CITY=МСК],2026-09-04T13:11:11,0,0
2026-07-13-source-recalc-msk-yandexmaps-продажи,2026-07-13,2026-07,3,источники,Яндекс Карты,Продажи,0,19,0,Roistat report-24 апрель-июль: недельные суммы по воронке МСК АШ [SOURCE_CITY=МСК],2026-09-04T13:11:11,0,0
2026-07-13-source-recalc-spb-2gis-лиды,2026-07-13,2026-07,3,источники,2ГИС,Лиды,0,47,0,Roistat report-24 апрель-июль: недельные суммы по воронке СПБ АШ [SOURCE_CITY=СПБ],2026-09-04T13:11:11,0,0
2026-07-13-source-recalc-spb-2gis-квалы,2026-07-13,2026-07,3,источники,2ГИС,Квалы,0,15,0,Roistat report-24 апрель-июль: недельные суммы по воронке СПБ АШ [SOURCE_CITY=СПБ],2026-09-04T13:11:11,0,0
2026-07-13-source-recalc-spb-2gis-продажи,2026-07-13,2026-07,3,источники,2ГИС,Продажи,0,3,0,Roistat report-24 апрель-июль: недельные суммы по воронке СПБ АШ [SOURCE_CITY=СПБ],2026-09-04T13:11:11,0,0
2026-07-13-source-recalc-spb-seo-лиды,2026-07-13,2026-07,3,источники,SEO,Лиды,0,5,0,Roistat report-24 апрель-июль: недельные суммы по воронке СПБ АШ [SOURCE_CITY=СПБ],2026-09-04T13:11:11,0,0
2026-07-13-source-recalc-spb-seo-квалы,2026-07-13,2026-07,3,источники,SEO,Квалы,0,1,0,Roistat report-24 апрель-июль: недельные суммы по воронке СПБ АШ [SOURCE_CITY=СПБ],2026-09-04T13:11:11,0,0
2026-07-13-source-recalc-spb-googlemaps-лиды,2026-07-13,2026-07,3,источники,Гугл Карты,Лиды,0,17,0,Roistat report-24 апрель-июль: недельные суммы по воронке СПБ АШ [SOURCE_CITY=СПБ],2026-09-04T13:11:11,0,0
2026-07-13-source-recalc-spb-googlemaps-квалы,2026-07-13,2026-07,3,источники,Гугл Карты,Квалы,0,2,0,Roistat report-24 апрель-июль: недельные суммы по воронке СПБ АШ [SOURCE_CITY=СПБ],2026-09-04T13:11:11,0,0
2026-07-13-source-recalc-spb-googlemaps-продажи,2026-07-13,2026-07,3,источники,Гугл Карты,Продажи,0,1,0,Roistat report-24 апрель-июль: недельные суммы по воронке СПБ АШ [SOURCE_CITY=СПБ],2026-09-04T13:11:11,0,0
2026-07-13-source-recalc-spb-direct-лиды,2026-07-13,2026-07,3,источники,Директ,Лиды,0,5,0,Roistat report-24 апрель-июль: недельные суммы по воронке СПБ АШ [SOURCE_CITY=СПБ],2026-09-04T13:11:11,0,0
2026-07-13-source-recalc-spb-direct-квалы,2026-07-13,2026-07,3,источники,Директ,Квалы,0,2,0,Roistat report-24 апрель-июль: недельные суммы по воронке СПБ АШ [SOURCE_CITY=СПБ],2026-09-04T13:11:11,0,0
2026-07-13-source-recalc-spb-other-лиды,2026-07-13,2026-07,3,источники,Другие,Лиды,0,341,0,Roistat report-24 апрель-июль: недельные суммы по воронке СПБ АШ [SOURCE_CITY=СПБ],2026-09-04T13:11:11,0,0
2026-07-13-source-recalc-spb-other-квалы,2026-07-13,2026-07,3,источники,Другие,Квалы,0,96,0,Roistat report-24 апрель-июль: недельные суммы по воронке СПБ АШ [SOURCE_CITY=СПБ],2026-09-04T13:11:11,0,0
2026-07-13-source-recalc-spb-other-продажи,2026-07-13,2026-07,3,источники,Другие,Продажи,0,29,0,Roistat report-24 апрель-июль: недельные суммы по воронке СПБ АШ [SOURCE_CITY=СПБ],2026-09-04T13:11:11,0,0
2026-07-13-source-recalc-spb-directvisits-лиды,2026-07-13,2026-07,3,источники,Прямые визиты,Лиды,0,4,0,Roistat report-24 апрель-июль: недельные суммы по воронке СПБ АШ [SOURCE_CITY=СПБ],2026-09-04T13:11:11,0,0
2026-07-13-source-recalc-spb-directvisits-квалы,2026-07-13,2026-07,3,источники,Прямые визиты,Квалы,0,3,0,Roistat report-24 апрель-июль: недельные суммы по воронке СПБ АШ [SOURCE_CITY=СПБ],2026-09-04T13:11:11,0,0
2026-07-13-source-recalc-spb-directvisits-продажи,2026-07-13,2026-07,3,источники,Прямые визиты,Продажи,0,1,0,Roistat report-24 апрель-июль: недельные суммы по воронке СПБ АШ [SOURCE_CITY=СПБ],2026-09-04T13:11:11,0,0
2026-07-13-source-recalc-spb-cashback-лиды,2026-07-13,2026-07,3,источники,Рек/кешбэк,Лиды,0,3,0,Roistat report-24 апрель-июль: недельные суммы по воронке СПБ АШ [SOURCE_CITY=СПБ],2026-09-04T13:11:11,0,0
2026-07-13-source-recalc-spb-cashback-квалы,2026-07-13,2026-07,3,источники,Рек/кешбэк,Квалы,0,3,0,Roistat report-24 апрель-июль: недельные суммы по воронке СПБ АШ [SOURCE_CITY=СПБ],2026-09-04T13:11:11,0,0
2026-07-13-source-recalc-spb-cashback-продажи,2026-07-13,2026-07,3,источники,Рек/кешбэк,Продажи,0,2,0,Roistat report-24 апрель-июль: недельные суммы по воронке СПБ АШ [SOURCE_CITY=СПБ],2026-09-04T13:11:11,0,0
2026-07-13-source-recalc-spb-yandexmaps-лиды,2026-07-13,2026-07,3,источники,Яндекс Карты,Лиды,0,102,0,Roistat report-24 апрель-июль: недельные суммы по воронке СПБ АШ [SOURCE_CITY=СПБ],2026-09-04T13:11:11,0,0
2026-07-13-source-recalc-spb-yandexmaps-квалы,2026-07-13,2026-07,3,источники,Яндекс Карты,Квалы,0,41,0,Roistat report-24 апрель-июль: недельные суммы по воронке СПБ АШ [SOURCE_CITY=СПБ],2026-09-04T13:11:11,0,0
2026-07-13-source-recalc-spb-yandexmaps-продажи,2026-07-13,2026-07,3,источники,Яндекс Карты,Продажи,0,9,0,Roistat report-24 апрель-июль: недельные суммы по воронке СПБ АШ [SOURCE_CITY=СПБ],2026-09-04T13:11:11,0,0
2026-07-20-source-recalc-msk-2gis-лиды,2026-07-20,2026-07,4,источники,2ГИС,Лиды,0,41,0,Roistat report-24 апрель-июль: недельные суммы по воронке МСК АШ [SOURCE_CITY=МСК],2026-09-04T13:11:11,0,0
2026-07-20-source-recalc-msk-2gis-квалы,2026-07-20,2026-07,4,источники,2ГИС,Квалы,0,14,0,Roistat report-24 апрель-июль: недельные суммы по воронке МСК АШ [SOURCE_CITY=МСК],2026-09-04T13:11:11,0,0
2026-07-20-source-recalc-msk-2gis-продажи,2026-07-20,2026-07,4,источники,2ГИС,Продажи,0,3,0,Roistat report-24 апрель-июль: недельные суммы по воронке МСК АШ [SOURCE_CITY=МСК],2026-09-04T13:11:11,0,0
2026-07-20-source-recalc-msk-seo-лиды,2026-07-20,2026-07,4,источники,SEO,Лиды,0,4,0,Roistat report-24 апрель-июль: недельные суммы по воронке МСК АШ [SOURCE_CITY=МСК],2026-09-04T13:11:11,0,0
2026-07-20-source-recalc-msk-seo-квалы,2026-07-20,2026-07,4,источники,SEO,Квалы,0,3,0,Roistat report-24 апрель-июль: недельные суммы по воронке МСК АШ [SOURCE_CITY=МСК],2026-09-04T13:11:11,0,0
2026-07-20-source-recalc-msk-seo-продажи,2026-07-20,2026-07,4,источники,SEO,Продажи,0,3,0,Roistat report-24 апрель-июль: недельные суммы по воронке МСК АШ [SOURCE_CITY=МСК],2026-09-04T13:11:11,0,0
2026-07-20-source-recalc-msk-vk-лиды,2026-07-20,2026-07,4,источники,ВКонтакте,Лиды,0,1,0,Roistat report-24 апрель-июль: недельные суммы по воронке МСК АШ [SOURCE_CITY=МСК],2026-09-04T13:11:11,0,0
2026-07-20-source-recalc-msk-googlemaps-лиды,2026-07-20,2026-07,4,источники,Гугл Карты,Лиды,0,25,0,Roistat report-24 апрель-июль: недельные суммы по воронке МСК АШ [SOURCE_CITY=МСК],2026-09-04T13:11:11,0,0
2026-07-20-source-recalc-msk-googlemaps-квалы,2026-07-20,2026-07,4,источники,Гугл Карты,Квалы,0,5,0,Roistat report-24 апрель-июль: недельные суммы по воронке МСК АШ [SOURCE_CITY=МСК],2026-09-04T13:11:11,0,0
2026-07-20-source-recalc-msk-googlemaps-продажи,2026-07-20,2026-07,4,источники,Гугл Карты,Продажи,0,4,0,Roistat report-24 апрель-июль: недельные суммы по воронке МСК АШ [SOURCE_CITY=МСК],2026-09-04T13:11:11,0,0
2026-07-20-source-recalc-msk-other-лиды,2026-07-20,2026-07,4,источники,Другие,Лиды,0,363,0,Roistat report-24 апрель-июль: недельные суммы по воронке МСК АШ [SOURCE_CITY=МСК],2026-09-04T13:11:11,0,0
2026-07-20-source-recalc-msk-other-квалы,2026-07-20,2026-07,4,источники,Другие,Квалы,0,154,0,Roistat report-24 апрель-июль: недельные суммы по воронке МСК АШ [SOURCE_CITY=МСК],2026-09-04T13:11:11,0,0
2026-07-20-source-recalc-msk-other-продажи,2026-07-20,2026-07,4,источники,Другие,Продажи,0,78,0,Roistat report-24 апрель-июль: недельные суммы по воронке МСК АШ [SOURCE_CITY=МСК],2026-09-04T13:11:11,0,0
2026-07-20-source-recalc-msk-directvisits-лиды,2026-07-20,2026-07,4,источники,Прямые визиты,Лиды,0,16,0,Roistat report-24 апрель-июль: недельные суммы по воронке МСК АШ [SOURCE_CITY=МСК],2026-09-04T13:11:11,0,0
2026-07-20-source-recalc-msk-directvisits-квалы,2026-07-20,2026-07,4,источники,Прямые визиты,Квалы,0,6,0,Roistat report-24 апрель-июль: недельные суммы по воронке МСК АШ [SOURCE_CITY=МСК],2026-09-04T13:11:11,0,0
2026-07-20-source-recalc-msk-directvisits-продажи,2026-07-20,2026-07,4,источники,Прямые визиты,Продажи,0,2,0,Roistat report-24 апрель-июль: недельные суммы по воронке МСК АШ [SOURCE_CITY=МСК],2026-09-04T13:11:11,0,0
2026-07-20-source-recalc-msk-cashback-лиды,2026-07-20,2026-07,4,источники,Рек/кешбэк,Лиды,0,8,0,Roistat report-24 апрель-июль: недельные суммы по воронке МСК АШ [SOURCE_CITY=МСК],2026-09-04T13:11:11,0,0
2026-07-20-source-recalc-msk-cashback-квалы,2026-07-20,2026-07,4,источники,Рек/кешбэк,Квалы,0,7,0,Roistat report-24 апрель-июль: недельные суммы по воронке МСК АШ [SOURCE_CITY=МСК],2026-09-04T13:11:11,0,0
2026-07-20-source-recalc-msk-cashback-продажи,2026-07-20,2026-07,4,источники,Рек/кешбэк,Продажи,0,6,0,Roistat report-24 апрель-июль: недельные суммы по воронке МСК АШ [SOURCE_CITY=МСК],2026-09-04T13:11:11,0,0
2026-07-20-source-recalc-msk-yandexmaps-лиды,2026-07-20,2026-07,4,источники,Яндекс Карты,Лиды,0,127,0,Roistat report-24 апрель-июль: недельные суммы по воронке МСК АШ [SOURCE_CITY=МСК],2026-09-04T13:11:11,0,0
2026-07-20-source-recalc-msk-yandexmaps-квалы,2026-07-20,2026-07,4,источники,Яндекс Карты,Квалы,0,48,0,Roistat report-24 апрель-июль: недельные суммы по воронке МСК АШ [SOURCE_CITY=МСК],2026-09-04T13:11:11,0,0
2026-07-20-source-recalc-msk-yandexmaps-продажи,2026-07-20,2026-07,4,источники,Яндекс Карты,Продажи,0,11,0,Roistat report-24 апрель-июль: недельные суммы по воронке МСК АШ [SOURCE_CITY=МСК],2026-09-04T13:11:11,0,0
2026-07-20-source-recalc-spb-2gis-лиды,2026-07-20,2026-07,4,источники,2ГИС,Лиды,0,28,0,Roistat report-24 апрель-июль: недельные суммы по воронке СПБ АШ [SOURCE_CITY=СПБ],2026-09-04T13:11:11,0,0
2026-07-20-source-recalc-spb-2gis-квалы,2026-07-20,2026-07,4,источники,2ГИС,Квалы,0,12,0,Roistat report-24 апрель-июль: недельные суммы по воронке СПБ АШ [SOURCE_CITY=СПБ],2026-09-04T13:11:11,0,0
2026-07-20-source-recalc-spb-2gis-продажи,2026-07-20,2026-07,4,источники,2ГИС,Продажи,0,1,0,Roistat report-24 апрель-июль: недельные суммы по воронке СПБ АШ [SOURCE_CITY=СПБ],2026-09-04T13:11:11,0,0
2026-07-20-source-recalc-spb-seo-лиды,2026-07-20,2026-07,4,источники,SEO,Лиды,0,6,0,Roistat report-24 апрель-июль: недельные суммы по воронке СПБ АШ [SOURCE_CITY=СПБ],2026-09-04T13:11:11,0,0
2026-07-20-source-recalc-spb-seo-квалы,2026-07-20,2026-07,4,источники,SEO,Квалы,0,4,0,Roistat report-24 апрель-июль: недельные суммы по воронке СПБ АШ [SOURCE_CITY=СПБ],2026-09-04T13:11:11,0,0
2026-07-20-source-recalc-spb-seo-продажи,2026-07-20,2026-07,4,источники,SEO,Продажи,0,3,0,Roistat report-24 апрель-июль: недельные суммы по воронке СПБ АШ [SOURCE_CITY=СПБ],2026-09-04T13:11:11,0,0
2026-07-20-source-recalc-spb-zoon-лиды,2026-07-20,2026-07,4,источники,Zoon,Лиды,0,1,0,Roistat report-24 апрель-июль: недельные суммы по воронке СПБ АШ [SOURCE_CITY=СПБ],2026-09-04T13:11:11,0,0
2026-07-20-source-recalc-spb-googlemaps-лиды,2026-07-20,2026-07,4,источники,Гугл Карты,Лиды,0,18,0,Roistat report-24 апрель-июль: недельные суммы по воронке СПБ АШ [SOURCE_CITY=СПБ],2026-09-04T13:11:11,0,0
2026-07-20-source-recalc-spb-googlemaps-квалы,2026-07-20,2026-07,4,источники,Гугл Карты,Квалы,0,9,0,Roistat report-24 апрель-июль: недельные суммы по воронке СПБ АШ [SOURCE_CITY=СПБ],2026-09-04T13:11:11,0,0
2026-07-20-source-recalc-spb-googlemaps-продажи,2026-07-20,2026-07,4,источники,Гугл Карты,Продажи,0,3,0,Roistat report-24 апрель-июль: недельные суммы по воронке СПБ АШ [SOURCE_CITY=СПБ],2026-09-04T13:11:11,0,0
2026-07-20-source-recalc-spb-direct-лиды,2026-07-20,2026-07,4,источники,Директ,Лиды,0,1,0,Roistat report-24 апрель-июль: недельные суммы по воронке СПБ АШ [SOURCE_CITY=СПБ],2026-09-04T13:11:11,0,0
2026-07-20-source-recalc-spb-other-лиды,2026-07-20,2026-07,4,источники,Другие,Лиды,0,285,0,Roistat report-24 апрель-июль: недельные суммы по воронке СПБ АШ [SOURCE_CITY=СПБ],2026-09-04T13:11:11,0,0
2026-07-20-source-recalc-spb-other-квалы,2026-07-20,2026-07,4,источники,Другие,Квалы,0,84,0,Roistat report-24 апрель-июль: недельные суммы по воронке СПБ АШ [SOURCE_CITY=СПБ],2026-09-04T13:11:11,0,0
2026-07-20-source-recalc-spb-other-продажи,2026-07-20,2026-07,4,источники,Другие,Продажи,0,36,0,Roistat report-24 апрель-июль: недельные суммы по воронке СПБ АШ [SOURCE_CITY=СПБ],2026-09-04T13:11:11,0,0
2026-07-20-source-recalc-spb-directvisits-лиды,2026-07-20,2026-07,4,источники,Прямые визиты,Лиды,0,5,0,Roistat report-24 апрель-июль: недельные суммы по воронке СПБ АШ [SOURCE_CITY=СПБ],2026-09-04T13:11:11,0,0
2026-07-20-source-recalc-spb-directvisits-квалы,2026-07-20,2026-07,4,источники,Прямые визиты,Квалы,0,3,0,Roistat report-24 апрель-июль: недельные суммы по воронке СПБ АШ [SOURCE_CITY=СПБ],2026-09-04T13:11:11,0,0
2026-07-20-source-recalc-spb-directvisits-продажи,2026-07-20,2026-07,4,источники,Прямые визиты,Продажи,0,1,0,Roistat report-24 апрель-июль: недельные суммы по воронке СПБ АШ [SOURCE_CITY=СПБ],2026-09-04T13:11:11,0,0
2026-07-20-source-recalc-spb-cashback-лиды,2026-07-20,2026-07,4,источники,Рек/кешбэк,Лиды,0,4,0,Roistat report-24 апрель-июль: недельные суммы по воронке СПБ АШ [SOURCE_CITY=СПБ],2026-09-04T13:11:11,0,0
2026-07-20-source-recalc-spb-cashback-квалы,2026-07-20,2026-07,4,источники,Рек/кешбэк,Квалы,0,3,0,Roistat report-24 апрель-июль: недельные суммы по воронке СПБ АШ [SOURCE_CITY=СПБ],2026-09-04T13:11:11,0,0
2026-07-20-source-recalc-spb-cashback-продажи,2026-07-20,2026-07,4,источники,Рек/кешбэк,Продажи,0,3,0,Roistat report-24 апрель-июль: недельные суммы по воронке СПБ АШ [SOURCE_CITY=СПБ],2026-09-04T13:11:11,0,0
2026-07-20-source-recalc-spb-yandexmaps-лиды,2026-07-20,2026-07,4,источники,Яндекс Карты,Лиды,0,64,0,Roistat report-24 апрель-июль: недельные суммы по воронке СПБ АШ [SOURCE_CITY=СПБ],2026-09-04T13:11:11,0,0
2026-07-20-source-recalc-spb-yandexmaps-квалы,2026-07-20,2026-07,4,источники,Яндекс Карты,Квалы,0,32,0,Roistat report-24 апрель-июль: недельные суммы по воронке СПБ АШ [SOURCE_CITY=СПБ],2026-09-04T13:11:11,0,0
2026-07-20-source-recalc-spb-yandexmaps-продажи,2026-07-20,2026-07,4,источники,Яндекс Карты,Продажи,0,5,0,Roistat report-24 апрель-июль: недельные суммы по воронке СПБ АШ [SOURCE_CITY=СПБ],2026-09-04T13:11:11,0,0
2026-07-27-source-recalc-msk-2gis-лиды,2026-07-27,2026-07,5,источники,2ГИС,Лиды,0,42,0,Roistat report-24 апрель-июль: недельные суммы по воронке МСК АШ [SOURCE_CITY=МСК],2026-09-04T13:11:11,0,0
2026-07-27-source-recalc-msk-2gis-квалы,2026-07-27,2026-07,5,источники,2ГИС,Квалы,0,14,0,Roistat report-24 апрель-июль: недельные суммы по воронке МСК АШ [SOURCE_CITY=МСК],2026-09-04T13:11:11,0,0
2026-07-27-source-recalc-msk-2gis-продажи,2026-07-27,2026-07,5,источники,2ГИС,Продажи,0,4,0,Roistat report-24 апрель-июль: недельные суммы по воронке МСК АШ [SOURCE_CITY=МСК],2026-09-04T13:11:11,0,0
2026-07-27-source-recalc-msk-seo-лиды,2026-07-27,2026-07,5,источники,SEO,Лиды,0,1,0,Roistat report-24 апрель-июль: недельные суммы по воронке МСК АШ [SOURCE_CITY=МСК],2026-09-04T13:11:11,0,0
2026-07-27-source-recalc-msk-seo-квалы,2026-07-27,2026-07,5,источники,SEO,Квалы,0,1,0,Roistat report-24 апрель-июль: недельные суммы по воронке МСК АШ [SOURCE_CITY=МСК],2026-09-04T13:11:11,0,0
2026-07-27-source-recalc-msk-seo-продажи,2026-07-27,2026-07,5,источники,SEO,Продажи,0,1,0,Roistat report-24 апрель-июль: недельные суммы по воронке МСК АШ [SOURCE_CITY=МСК],2026-09-04T13:11:11,0,0
2026-07-27-source-recalc-msk-googlemaps-лиды,2026-07-27,2026-07,5,источники,Гугл Карты,Лиды,0,16,0,Roistat report-24 апрель-июль: недельные суммы по воронке МСК АШ [SOURCE_CITY=МСК],2026-09-04T13:11:11,0,0
2026-07-27-source-recalc-msk-googlemaps-квалы,2026-07-27,2026-07,5,источники,Гугл Карты,Квалы,0,5,0,Roistat report-24 апрель-июль: недельные суммы по воронке МСК АШ [SOURCE_CITY=МСК],2026-09-04T13:11:11,0,0
2026-07-27-source-recalc-msk-googlemaps-продажи,2026-07-27,2026-07,5,источники,Гугл Карты,Продажи,0,1,0,Roistat report-24 апрель-июль: недельные суммы по воронке МСК АШ [SOURCE_CITY=МСК],2026-09-04T13:11:11,0,0
2026-07-27-source-recalc-msk-other-лиды,2026-07-27,2026-07,5,источники,Другие,Лиды,0,247,0,Roistat report-24 апрель-июль: недельные суммы по воронке МСК АШ [SOURCE_CITY=МСК],2026-09-04T13:11:11,0,0
2026-07-27-source-recalc-msk-other-квалы,2026-07-27,2026-07,5,источники,Другие,Квалы,0,106,0,Roistat report-24 апрель-июль: недельные суммы по воронке МСК АШ [SOURCE_CITY=МСК],2026-09-04T13:11:11,0,0
2026-07-27-source-recalc-msk-other-продажи,2026-07-27,2026-07,5,источники,Другие,Продажи,0,46,0,Roistat report-24 апрель-июль: недельные суммы по воронке МСК АШ [SOURCE_CITY=МСК],2026-09-04T13:11:11,0,0
2026-07-27-source-recalc-msk-directvisits-лиды,2026-07-27,2026-07,5,источники,Прямые визиты,Лиды,0,9,0,Roistat report-24 апрель-июль: недельные суммы по воронке МСК АШ [SOURCE_CITY=МСК],2026-09-04T13:11:11,0,0
2026-07-27-source-recalc-msk-directvisits-квалы,2026-07-27,2026-07,5,источники,Прямые визиты,Квалы,0,2,0,Roistat report-24 апрель-июль: недельные суммы по воронке МСК АШ [SOURCE_CITY=МСК],2026-09-04T13:11:11,0,0
2026-07-27-source-recalc-msk-directvisits-продажи,2026-07-27,2026-07,5,источники,Прямые визиты,Продажи,0,1,0,Roistat report-24 апрель-июль: недельные суммы по воронке МСК АШ [SOURCE_CITY=МСК],2026-09-04T13:11:11,0,0
2026-07-27-source-recalc-msk-cashback-лиды,2026-07-27,2026-07,5,источники,Рек/кешбэк,Лиды,0,11,0,Roistat report-24 апрель-июль: недельные суммы по воронке МСК АШ [SOURCE_CITY=МСК],2026-09-04T13:11:11,0,0
2026-07-27-source-recalc-msk-cashback-квалы,2026-07-27,2026-07,5,источники,Рек/кешбэк,Квалы,0,9,0,Roistat report-24 апрель-июль: недельные суммы по воронке МСК АШ [SOURCE_CITY=МСК],2026-09-04T13:11:11,0,0
2026-07-27-source-recalc-msk-cashback-продажи,2026-07-27,2026-07,5,источники,Рек/кешбэк,Продажи,0,6,0,Roistat report-24 апрель-июль: недельные суммы по воронке МСК АШ [SOURCE_CITY=МСК],2026-09-04T13:11:11,0,0
2026-07-27-source-recalc-msk-yandexmaps-лиды,2026-07-27,2026-07,5,источники,Яндекс Карты,Лиды,0,101,0,Roistat report-24 апрель-июль: недельные суммы по воронке МСК АШ [SOURCE_CITY=МСК],2026-09-04T13:11:11,0,0
2026-07-27-source-recalc-msk-yandexmaps-квалы,2026-07-27,2026-07,5,источники,Яндекс Карты,Квалы,0,40,0,Roistat report-24 апрель-июль: недельные суммы по воронке МСК АШ [SOURCE_CITY=МСК],2026-09-04T13:11:11,0,0
2026-07-27-source-recalc-msk-yandexmaps-продажи,2026-07-27,2026-07,5,источники,Яндекс Карты,Продажи,0,12,0,Roistat report-24 апрель-июль: недельные суммы по воронке МСК АШ [SOURCE_CITY=МСК],2026-09-04T13:11:11,0,0
2026-07-27-source-recalc-spb-2gis-лиды,2026-07-27,2026-07,5,источники,2ГИС,Лиды,0,35,0,Roistat report-24 апрель-июль: недельные суммы по воронке СПБ АШ [SOURCE_CITY=СПБ],2026-09-04T13:11:11,0,0
2026-07-27-source-recalc-spb-2gis-квалы,2026-07-27,2026-07,5,источники,2ГИС,Квалы,0,11,0,Roistat report-24 апрель-июль: недельные суммы по воронке СПБ АШ [SOURCE_CITY=СПБ],2026-09-04T13:11:11,0,0
2026-07-27-source-recalc-spb-2gis-продажи,2026-07-27,2026-07,5,источники,2ГИС,Продажи,0,1,0,Roistat report-24 апрель-июль: недельные суммы по воронке СПБ АШ [SOURCE_CITY=СПБ],2026-09-04T13:11:11,0,0
2026-07-27-source-recalc-spb-seo-лиды,2026-07-27,2026-07,5,источники,SEO,Лиды,0,2,0,Roistat report-24 апрель-июль: недельные суммы по воронке СПБ АШ [SOURCE_CITY=СПБ],2026-09-04T13:11:11,0,0
2026-07-27-source-recalc-spb-seo-квалы,2026-07-27,2026-07,5,источники,SEO,Квалы,0,1,0,Roistat report-24 апрель-июль: недельные суммы по воронке СПБ АШ [SOURCE_CITY=СПБ],2026-09-04T13:11:11,0,0
2026-07-27-source-recalc-spb-seo-продажи,2026-07-27,2026-07,5,источники,SEO,Продажи,0,1,0,Roistat report-24 апрель-июль: недельные суммы по воронке СПБ АШ [SOURCE_CITY=СПБ],2026-09-04T13:11:11,0,0
2026-07-27-source-recalc-spb-googlemaps-лиды,2026-07-27,2026-07,5,источники,Гугл Карты,Лиды,0,12,0,Roistat report-24 апрель-июль: недельные суммы по воронке СПБ АШ [SOURCE_CITY=СПБ],2026-09-04T13:11:11,0,0
2026-07-27-source-recalc-spb-googlemaps-квалы,2026-07-27,2026-07,5,источники,Гугл Карты,Квалы,0,6,0,Roistat report-24 апрель-июль: недельные суммы по воронке СПБ АШ [SOURCE_CITY=СПБ],2026-09-04T13:11:11,0,0
2026-07-27-source-recalc-spb-other-лиды,2026-07-27,2026-07,5,источники,Другие,Лиды,0,224,0,Roistat report-24 апрель-июль: недельные суммы по воронке СПБ АШ [SOURCE_CITY=СПБ],2026-09-04T13:11:11,0,0
2026-07-27-source-recalc-spb-other-квалы,2026-07-27,2026-07,5,источники,Другие,Квалы,0,78,0,Roistat report-24 апрель-июль: недельные суммы по воронке СПБ АШ [SOURCE_CITY=СПБ],2026-09-04T13:11:11,0,0
2026-07-27-source-recalc-spb-other-продажи,2026-07-27,2026-07,5,источники,Другие,Продажи,0,28,0,Roistat report-24 апрель-июль: недельные суммы по воронке СПБ АШ [SOURCE_CITY=СПБ],2026-09-04T13:11:11,0,0
2026-07-27-source-recalc-spb-directvisits-лиды,2026-07-27,2026-07,5,источники,Прямые визиты,Лиды,0,12,0,Roistat report-24 апрель-июль: недельные суммы по воронке СПБ АШ [SOURCE_CITY=СПБ],2026-09-04T13:11:11,0,0
2026-07-27-source-recalc-spb-directvisits-квалы,2026-07-27,2026-07,5,источники,Прямые визиты,Квалы,0,4,0,Roistat report-24 апрель-июль: недельные суммы по воронке СПБ АШ [SOURCE_CITY=СПБ],2026-09-04T13:11:11,0,0
2026-07-27-source-recalc-spb-directvisits-продажи,2026-07-27,2026-07,5,источники,Прямые визиты,Продажи,0,1,0,Roistat report-24 апрель-июль: недельные суммы по воронке СПБ АШ [SOURCE_CITY=СПБ],2026-09-04T13:11:11,0,0
2026-07-27-source-recalc-spb-cashback-лиды,2026-07-27,2026-07,5,источники,Рек/кешбэк,Лиды,0,4,0,Roistat report-24 апрель-июль: недельные суммы по воронке СПБ АШ [SOURCE_CITY=СПБ],2026-09-04T13:11:11,0,0
2026-07-27-source-recalc-spb-cashback-квалы,2026-07-27,2026-07,5,источники,Рек/кешбэк,Квалы,0,4,0,Roistat report-24 апрель-июль: недельные суммы по воронке СПБ АШ [SOURCE_CITY=СПБ],2026-09-04T13:11:11,0,0
2026-07-27-source-recalc-spb-cashback-продажи,2026-07-27,2026-07,5,источники,Рек/кешбэк,Продажи,0,4,0,Roistat report-24 апрель-июль: недельные суммы по воронке СПБ АШ [SOURCE_CITY=СПБ],2026-09-04T13:11:11,0,0
2026-07-27-source-recalc-spb-yandexmaps-лиды,2026-07-27,2026-07,5,источники,Яндекс Карты,Лиды,0,75,0,Roistat report-24 апрель-июль: недельные суммы по воронке СПБ АШ [SOURCE_CITY=СПБ],2026-09-04T13:11:11,0,0
2026-07-27-source-recalc-spb-yandexmaps-квалы,2026-07-27,2026-07,5,источники,Яндекс Карты,Квалы,0,30,0,Roistat report-24 апрель-июль: недельные суммы по воронке СПБ АШ [SOURCE_CITY=СПБ],2026-09-04T13:11:11,0,0
2026-07-27-source-recalc-spb-yandexmaps-продажи,2026-07-27,2026-07,5,источники,Яндекс Карты,Продажи,0,5,0,Roistat report-24 апрель-июль: недельные суммы по воронке СПБ АШ [SOURCE_CITY=СПБ],2026-09-04T13:11:11,0,0
2026-09-01-source-recalc-msk-2gis-лиды,2026-09-01,2026-09,1,источники,2ГИС,Лиды,0,34,0,Roistat report-24 1-3 сентября: недельные суммы по воронке МСК АШ [SOURCE_CITY=МСК],2026-09-04T13:11:11,0,0
2026-09-01-source-recalc-msk-2gis-квалы,2026-09-01,2026-09,1,источники,2ГИС,Квалы,0,10,0,Roistat report-24 1-3 сентября: недельные суммы по воронке МСК АШ [SOURCE_CITY=МСК],2026-09-04T13:11:11,0,0
2026-09-01-source-recalc-msk-2gis-продажи,2026-09-01,2026-09,1,источники,2ГИС,Продажи,0,4,0,Roistat report-24 1-3 сентября: недельные суммы по воронке МСК АШ [SOURCE_CITY=МСК],2026-09-04T13:11:11,0,0
2026-09-01-source-recalc-msk-seo-лиды,2026-09-01,2026-09,1,источники,SEO,Лиды,0,2,0,Roistat report-24 1-3 сентября: недельные суммы по воронке МСК АШ [SOURCE_CITY=МСК],2026-09-04T13:11:11,0,0
2026-09-01-source-recalc-msk-seo-квалы,2026-09-01,2026-09,1,источники,SEO,Квалы,0,1,0,Roistat report-24 1-3 сентября: недельные суммы по воронке МСК АШ [SOURCE_CITY=МСК],2026-09-04T13:11:11,0,0
2026-09-01-source-recalc-msk-seo-продажи,2026-09-01,2026-09,1,источники,SEO,Продажи,0,1,0,Roistat report-24 1-3 сентября: недельные суммы по воронке МСК АШ [SOURCE_CITY=МСК],2026-09-04T13:11:11,0,0
2026-09-01-source-recalc-msk-googlemaps-лиды,2026-09-01,2026-09,1,источники,Гугл Карты,Лиды,0,16,0,Roistat report-24 1-3 сентября: недельные суммы по воронке МСК АШ [SOURCE_CITY=МСК],2026-09-04T13:11:11,0,0
2026-09-01-source-recalc-msk-googlemaps-квалы,2026-09-01,2026-09,1,источники,Гугл Карты,Квалы,0,4,0,Roistat report-24 1-3 сентября: недельные суммы по воронке МСК АШ [SOURCE_CITY=МСК],2026-09-04T13:11:11,0,0
2026-09-01-source-recalc-msk-googlemaps-продажи,2026-09-01,2026-09,1,источники,Гугл Карты,Продажи,0,1,0,Roistat report-24 1-3 сентября: недельные суммы по воронке МСК АШ [SOURCE_CITY=МСК],2026-09-04T13:11:11,0,0
2026-09-01-source-recalc-msk-other-лиды,2026-09-01,2026-09,1,источники,Другие,Лиды,0,164,0,Roistat report-24 1-3 сентября: недельные суммы по воронке МСК АШ [SOURCE_CITY=МСК],2026-09-04T13:11:11,0,0
2026-09-01-source-recalc-msk-other-квалы,2026-09-01,2026-09,1,источники,Другие,Квалы,0,76,0,Roistat report-24 1-3 сентября: недельные суммы по воронке МСК АШ [SOURCE_CITY=МСК],2026-09-04T13:11:11,0,0
2026-09-01-source-recalc-msk-other-продажи,2026-09-01,2026-09,1,источники,Другие,Продажи,0,10,0,Roistat report-24 1-3 сентября: недельные суммы по воронке МСК АШ [SOURCE_CITY=МСК],2026-09-04T13:11:11,0,0
2026-09-01-source-recalc-msk-directvisits-лиды,2026-09-01,2026-09,1,источники,Прямые визиты,Лиды,0,3,0,Roistat report-24 1-3 сентября: недельные суммы по воронке МСК АШ [SOURCE_CITY=МСК]; Авито вынесено: -23,2026-09-04T13:11:11,0,0
2026-09-01-source-recalc-msk-directvisits-квалы,2026-09-01,2026-09,1,источники,Прямые визиты,Квалы,0,0,0,Roistat report-24 1-3 сентября: недельные суммы по воронке МСК АШ [SOURCE_CITY=МСК]; Авито вынесено: -11,2026-09-04T13:11:11,0,0
2026-09-01-source-recalc-msk-directvisits-продажи,2026-09-01,2026-09,1,источники,Прямые визиты,Продажи,0,2,0,Roistat report-24 1-3 сентября: недельные суммы по воронке МСК АШ [SOURCE_CITY=МСК],2026-09-04T13:11:11,0,0
2026-09-01-source-recalc-msk-cashback-лиды,2026-09-01,2026-09,1,источники,Рек/кешбэк,Лиды,0,4,0,Roistat report-24 1-3 сентября: недельные суммы по воронке МСК АШ [SOURCE_CITY=МСК],2026-09-04T13:11:11,0,0
2026-09-01-source-recalc-msk-cashback-квалы,2026-09-01,2026-09,1,источники,Рек/кешбэк,Квалы,0,1,0,Roistat report-24 1-3 сентября: недельные суммы по воронке МСК АШ [SOURCE_CITY=МСК],2026-09-04T13:11:11,0,0
2026-09-01-source-recalc-msk-cashback-продажи,2026-09-01,2026-09,1,источники,Рек/кешбэк,Продажи,0,1,0,Roistat report-24 1-3 сентября: недельные суммы по воронке МСК АШ [SOURCE_CITY=МСК],2026-09-04T13:11:11,0,0
2026-09-01-source-recalc-msk-yandexmaps-лиды,2026-09-01,2026-09,1,источники,Яндекс Карты,Лиды,0,94,0,Roistat report-24 1-3 сентября: недельные суммы по воронке МСК АШ [SOURCE_CITY=МСК],2026-09-04T13:11:11,0,0
2026-09-01-source-recalc-msk-yandexmaps-квалы,2026-09-01,2026-09,1,источники,Яндекс Карты,Квалы,0,50,0,Roistat report-24 1-3 сентября: недельные суммы по воронке МСК АШ [SOURCE_CITY=МСК],2026-09-04T13:11:11,0,0
2026-09-01-source-recalc-msk-yandexmaps-продажи,2026-09-01,2026-09,1,источники,Яндекс Карты,Продажи,0,4,0,Roistat report-24 1-3 сентября: недельные суммы по воронке МСК АШ [SOURCE_CITY=МСК],2026-09-04T13:11:11,0,0
2026-09-01-source-recalc-spb-2gis-лиды,2026-09-01,2026-09,1,источники,2ГИС,Лиды,0,21,0,Roistat report-24 1-3 сентября: недельные суммы по воронке СПБ АШ [SOURCE_CITY=СПБ],2026-09-04T13:11:11,0,0
2026-09-01-source-recalc-spb-2gis-квалы,2026-09-01,2026-09,1,источники,2ГИС,Квалы,0,12,0,Roistat report-24 1-3 сентября: недельные суммы по воронке СПБ АШ [SOURCE_CITY=СПБ],2026-09-04T13:11:11,0,0
2026-09-01-source-recalc-spb-2gis-продажи,2026-09-01,2026-09,1,источники,2ГИС,Продажи,0,1,0,Roistat report-24 1-3 сентября: недельные суммы по воронке СПБ АШ [SOURCE_CITY=СПБ],2026-09-04T13:11:11,0,0
2026-09-01-source-recalc-spb-seo-лиды,2026-09-01,2026-09,1,источники,SEO,Лиды,0,3,0,Roistat report-24 1-3 сентября: недельные суммы по воронке СПБ АШ [SOURCE_CITY=СПБ],2026-09-04T13:11:11,0,0
2026-09-01-source-recalc-spb-seo-квалы,2026-09-01,2026-09,1,источники,SEO,Квалы,0,1,0,Roistat report-24 1-3 сентября: недельные суммы по воронке СПБ АШ [SOURCE_CITY=СПБ],2026-09-04T13:11:11,0,0
2026-09-01-source-recalc-spb-vk-лиды,2026-09-01,2026-09,1,источники,ВКонтакте,Лиды,0,1,0,Roistat report-24 1-3 сентября: недельные суммы по воронке СПБ АШ [SOURCE_CITY=СПБ],2026-09-04T13:11:11,0,0
2026-09-01-source-recalc-spb-googlemaps-лиды,2026-09-01,2026-09,1,источники,Гугл Карты,Лиды,0,11,0,Roistat report-24 1-3 сентября: недельные суммы по воронке СПБ АШ [SOURCE_CITY=СПБ],2026-09-04T13:11:11,0,0
2026-09-01-source-recalc-spb-googlemaps-квалы,2026-09-01,2026-09,1,источники,Гугл Карты,Квалы,0,6,0,Roistat report-24 1-3 сентября: недельные суммы по воронке СПБ АШ [SOURCE_CITY=СПБ],2026-09-04T13:11:11,0,0
2026-09-01-source-recalc-spb-googlemaps-продажи,2026-09-01,2026-09,1,источники,Гугл Карты,Продажи,0,1,0,Roistat report-24 1-3 сентября: недельные суммы по воронке СПБ АШ [SOURCE_CITY=СПБ],2026-09-04T13:11:11,0,0
2026-09-01-source-recalc-spb-direct-лиды,2026-09-01,2026-09,1,источники,Директ,Лиды,0,3,0,Roistat report-24 1-3 сентября: недельные суммы по воронке СПБ АШ [SOURCE_CITY=СПБ],2026-09-04T13:11:11,0,0
2026-09-01-source-recalc-spb-direct-квалы,2026-09-01,2026-09,1,источники,Директ,Квалы,0,1,0,Roistat report-24 1-3 сентября: недельные суммы по воронке СПБ АШ [SOURCE_CITY=СПБ],2026-09-04T13:11:11,0,0
2026-09-01-source-recalc-spb-other-лиды,2026-09-01,2026-09,1,источники,Другие,Лиды,0,160,0,Roistat report-24 1-3 сентября: недельные суммы по воронке СПБ АШ [SOURCE_CITY=СПБ],2026-09-04T13:11:11,0,0
2026-09-01-source-recalc-spb-other-квалы,2026-09-01,2026-09,1,источники,Другие,Квалы,0,51,0,Roistat report-24 1-3 сентября: недельные суммы по воронке СПБ АШ [SOURCE_CITY=СПБ],2026-09-04T13:11:11,0,0
2026-09-01-source-recalc-spb-other-продажи,2026-09-01,2026-09,1,источники,Другие,Продажи,0,10,0,Roistat report-24 1-3 сентября: недельные суммы по воронке СПБ АШ [SOURCE_CITY=СПБ],2026-09-04T13:11:11,0,0
2026-09-01-source-recalc-spb-directvisits-лиды,2026-09-01,2026-09,1,источники,Прямые визиты,Лиды,0,10,0,Roistat report-24 1-3 сентября: недельные суммы по воронке СПБ АШ [SOURCE_CITY=СПБ],2026-09-04T13:11:11,0,0
2026-09-01-source-recalc-spb-directvisits-квалы,2026-09-01,2026-09,1,источники,Прямые визиты,Квалы,0,4,0,Roistat report-24 1-3 сентября: недельные суммы по воронке СПБ АШ [SOURCE_CITY=СПБ],2026-09-04T13:11:11,0,0
2026-09-01-source-recalc-spb-directvisits-продажи,2026-09-01,2026-09,1,источники,Прямые визиты,Продажи,0,1,0,Roistat report-24 1-3 сентября: недельные суммы по воронке СПБ АШ [SOURCE_CITY=СПБ],2026-09-04T13:11:11,0,0
2026-09-01-source-recalc-spb-yandexmaps-лиды,2026-09-01,2026-09,1,источники,Яндекс Карты,Лиды,0,63,0,Roistat report-24 1-3 сентября: недельные суммы по воронке СПБ АШ [SOURCE_CITY=СПБ],2026-09-04T13:11:11,0,0
2026-09-01-source-recalc-spb-yandexmaps-квалы,2026-09-01,2026-09,1,источники,Яндекс Карты,Квалы,0,30,0,Roistat report-24 1-3 сентября: недельные суммы по воронке СПБ АШ [SOURCE_CITY=СПБ],2026-09-04T13:11:11,0,0
2026-09-01-source-recalc-spb-yandexmaps-продажи,2026-09-01,2026-09,1,источники,Яндекс Карты,Продажи,0,3,0,Roistat report-24 1-3 сентября: недельные суммы по воронке СПБ АШ [SOURCE_CITY=СПБ],2026-09-04T13:11:11,0,0
2026-08-20-source-manual-msk-avito-лиды,2026-08-20,2026-08,4,источники,Авито,Лиды,0,23,0,Авито ручной ввод: 20-23.08 [SOURCE_CITY=МСК],2026-09-04T13:11:11,0,0
2026-08-20-source-manual-msk-avito-квалы,2026-08-20,2026-08,4,источники,Авито,Квалы,0,15,0,Авито ручной ввод: 20-23.08 [SOURCE_CITY=МСК],2026-09-04T13:11:11,0,0
2026-08-20-source-manual-msk-avito-продажи,2026-08-20,2026-08,4,источники,Авито,Продажи,0,3,0,Авито ручной ввод: 20-23.08; выручка 115480; расход 60784.65 [SOURCE_CITY=МСК],2026-09-04T13:11:11,0,0
2026-08-24-source-manual-msk-avito-лиды,2026-08-24,2026-08,5,источники,Авито,Лиды,0,31,0,Авито ручной ввод: 24-30.08 [SOURCE_CITY=МСК],2026-09-04T13:11:11,0,0
2026-08-24-source-manual-msk-avito-квалы,2026-08-24,2026-08,5,источники,Авито,Квалы,0,17,0,Авито ручной ввод: 24-30.08 [SOURCE_CITY=МСК],2026-09-04T13:11:11,0,0
2026-08-24-source-manual-msk-avito-продажи,2026-08-24,2026-08,5,источники,Авито,Продажи,0,0,0,Авито ручной ввод: 24-30.08; выручка 0; расход 81927.13 [SOURCE_CITY=МСК],2026-09-04T13:11:11,0,0
2026-08-31-source-manual-msk-avito-лиды,2026-08-31,2026-08,6,источники,Авито,Лиды,0,12,0,Авито ручной ввод: 31.08 [SOURCE_CITY=МСК],2026-09-04T13:11:11,0,0
2026-08-31-source-manual-msk-avito-квалы,2026-08-31,2026-08,6,источники,Авито,Квалы,0,7,0,Авито ручной ввод: 31.08 [SOURCE_CITY=МСК],2026-09-04T13:11:11,0,0
2026-08-31-source-manual-msk-avito-продажи,2026-08-31,2026-08,6,источники,Авито,Продажи,0,1,0,Авито ручной ввод: 31.08; выручка 58990; расход 31713.73 [SOURCE_CITY=МСК],2026-09-04T13:11:11,0,0
2026-09-01-source-manual-msk-avito-лиды,2026-09-01,2026-09,1,источники,Авито,Лиды,0,23,0,Авито ручной ввод: 01-03.09 [SOURCE_CITY=МСК],2026-09-04T13:11:11,0,0
2026-09-01-source-manual-msk-avito-квалы,2026-09-01,2026-09,1,источники,Авито,Квалы,0,14,0,Авито ручной ввод: 01-03.09 [SOURCE_CITY=МСК],2026-09-04T13:11:11,0,0
2026-09-01-source-manual-msk-avito-продажи,2026-09-01,2026-09,1,источники,Авито,Продажи,0,0,0,Авито ручной ввод: 01-03.09; выручка 0; расход 0.00 [SOURCE_CITY=МСК],2026-09-04T13:11:11,0,0
